id,chart,hardness,code execution_fail_rate,surface-form check_fail_rate,deconstruction_fail_rate,chart type check_fail_rate,data check_fail_rate,order check_fail_rate,layout check_fail_rate,scale and ticks check_fail_rate,invalid_rate,illegal rate,pass_rate,quality_score,readability_score,is_multi_table,text_model,vision_model
4,Pie,Medium,0.5,0.0,0.0,0.0,0.5,0.0,0.0,0.0,0.5,0.5,0.0,0.0,,True,Qwen/Qwen2.5-VL-7B-Instruct-AWQ,None
4,Pie,Medium,0.5,0.0,0.0,0.0,0.5,0.0,0.0,0.0,0.5,0.5,0.0,0.0,,True,Qwen/Qwen2.5-VL-7B-Instruct-AWQ,None
4,Pie,Medium,0.5,0.0,0.0,0.0,0.5,0.0,0.0,0.0,0.5,0.5,0.0,0.0,,True,Qwen/Qwen2.5-VL-7B-Instruct-AWQ,None
5,Bar,Medium,0.0,0.0,0.0,0.0,0.0,0.0,0.0,0.0,0.0,0.0,1.0,0.0,0.0,True,Qwen/Qwen2.5-VL-7B-Instruct-AWQ,None
5,Bar,Medium,0.0,0.0,0.0,0.0,0.0,0.0,0.0,0.0,0.0,0.0,1.0,0.0,0.0,True,Qwen/Qwen2.5-VL-7B-Instruct-AWQ,None
5,Bar,Medium,0.0,0.0,0.0,0.0,0.0,0.0,0.0,0.0,0.0,0.0,1.0,0.0,0.0,True,Qwen/Qwen2.5-VL-7B-Instruct-AWQ,None
8,Pie,Easy,0.0,0.0,0.0,0.0,1.0,0.0,0.0,0.0,0.0,1.0,0.0,0.0,,False,Qwen/Qwen2.5-VL-7B-Instruct-AWQ,None
8,Pie,Easy,0.0,0.0,0.0,0.0,1.0,0.0,0.0,0.0,0.0,1.0,0.0,0.0,,False,Qwen/Qwen2.5-VL-7B-Instruct-AWQ,None
8,Pie,Easy,0.0,0.0,0.0,0.0,1.0,0.0,0.0,0.0,0.0,1.0,0.0,0.0,,False,Qwen/Qwen2.5-VL-7B-Instruct-AWQ,None
9,Bar,Easy,0.0,0.0,0.0,0.0,0.0,0.0,0.0,0.0,0.0,0.0,1.0,0.0,0.0,False,Qwen/Qwen2.5-VL-7B-Instruct-AWQ,None
9,Bar,Easy,0.0,0.0,0.0,0.0,0.0,0.0,0.0,0.0,0.0,0.0,1.0,0.0,0.0,False,Qwen/Qwen2.5-VL-7B-Instruct-AWQ,None
9,Bar,Easy,0.0,0.0,0.0,0.0,0.0,0.0,0.0,0.0,0.0,0.0,1.0,0.0,0.0,False,Qwen/Qwen2.5-VL-7B-Instruct-AWQ,None
14,Pie,Easy,0.0,0.0,0.0,0.0,1.0,0.0,0.0,0.0,0.0,1.0,0.0,0.0,,False,Qwen/Qwen2.5-VL-7B-Instruct-AWQ,None
14,Pie,Easy,0.0,0.0,0.0,0.0,1.0,0.0,0.0,0.0,0.0,1.0,0.0,0.0,,False,Qwen/Qwen2.5-VL-7B-Instruct-AWQ,None
14,Pie,Easy,0.0,0.0,0.0,0.0,1.0,0.0,0.0,0.0,0.0,1.0,0.0,0.0,,False,Qwen/Qwen2.5-VL-7B-Instruct-AWQ,None
21,Pie,Medium,0.5,0.0,0.0,0.0,0.5,0.0,0.0,0.0,0.5,0.5,0.0,0.0,,False,Qwen/Qwen2.5-VL-7B-Instruct-AWQ,None
21,Pie,Medium,0.5,0.0,0.0,0.0,0.5,0.0,0.0,0.0,0.5,0.5,0.0,0.0,,False,Qwen/Qwen2.5-VL-7B-Instruct-AWQ,None
21,Pie,Medium,0.5,0.0,0.0,0.0,0.5,0.0,0.0,0.0,0.5,0.5,0.0,0.0,,False,Qwen/Qwen2.5-VL-7B-Instruct-AWQ,None
32,Bar,Medium,1.0,0.0,0.0,0.0,0.0,0.0,0.0,0.0,1.0,0.0,0.0,0.0,,True,Qwen/Qwen2.5-VL-7B-Instruct-AWQ,None
32,Bar,Medium,1.0,0.0,0.0,0.0,0.0,0.0,0.0,0.0,1.0,0.0,0.0,0.0,,True,Qwen/Qwen2.5-VL-7B-Instruct-AWQ,None
32,Bar,Medium,1.0,0.0,0.0,0.0,0.0,0.0,0.0,0.0,1.0,0.0,0.0,0.0,,True,Qwen/Qwen2.5-VL-7B-Instruct-AWQ,None
33,Pie,Easy,0.0,0.0,0.0,0.25,0.75,0.0,0.0,0.0,0.0,1.0,0.0,0.0,,False,Qwen/Qwen2.5-VL-7B-Instruct-AWQ,None
33,Pie,Easy,0.0,0.0,0.0,0.25,0.75,0.0,0.0,0.0,0.0,1.0,0.0,0.0,,False,Qwen/Qwen2.5-VL-7B-Instruct-AWQ,None
33,Pie,Easy,0.0,0.0,0.0,0.25,0.75,0.0,0.0,0.0,0.0,1.0,0.0,0.0,,False,Qwen/Qwen2.5-VL-7B-Instruct-AWQ,None
34,Bar,Easy,0.0,0.0,0.0,0.0,0.4,0.0,0.0,0.0,0.0,0.4,0.6,0.0,0.0,False,Qwen/Qwen2.5-VL-7B-Instruct-AWQ,None
34,Bar,Easy,0.0,0.0,0.0,0.0,0.4,0.0,0.0,0.0,0.0,0.4,0.6,0.0,0.0,False,Qwen/Qwen2.5-VL-7B-Instruct-AWQ,None
34,Bar,Easy,0.0,0.0,0.0,0.0,0.4,0.0,0.0,0.0,0.0,0.4,0.6,0.0,0.0,False,Qwen/Qwen2.5-VL-7B-Instruct-AWQ,None
35,Pie,Medium,0.0,0.0,0.0,0.0,1.0,0.0,0.0,0.0,0.0,1.0,0.0,0.0,,True,Qwen/Qwen2.5-VL-7B-Instruct-AWQ,None
35,Pie,Medium,0.0,0.0,0.0,0.0,1.0,0.0,0.0,0.0,0.0,1.0,0.0,0.0,,True,Qwen/Qwen2.5-VL-7B-Instruct-AWQ,None
35,Pie,Medium,0.0,0.0,0.0,0.0,1.0,0.0,0.0,0.0,0.0,1.0,0.0,0.0,,True,Qwen/Qwen2.5-VL-7B-Instruct-AWQ,None
36,Bar,Medium,0.0,0.0,0.0,0.0,1.0,0.0,0.0,0.0,0.0,1.0,0.0,0.0,,True,Qwen/Qwen2.5-VL-7B-Instruct-AWQ,None
36,Bar,Medium,0.0,0.0,0.0,0.0,1.0,0.0,0.0,0.0,0.0,1.0,0.0,0.0,,True,Qwen/Qwen2.5-VL-7B-Instruct-AWQ,None
36,Bar,Medium,0.0,0.0,0.0,0.0,1.0,0.0,0.0,0.0,0.0,1.0,0.0,0.0,,True,Qwen/Qwen2.5-VL-7B-Instruct-AWQ,None
37,Pie,Medium,1.0,0.0,0.0,0.0,0.0,0.0,0.0,0.0,1.0,0.0,0.0,0.0,,True,Qwen/Qwen2.5-VL-7B-Instruct-AWQ,None
37,Pie,Medium,1.0,0.0,0.0,0.0,0.0,0.0,0.0,0.0,1.0,0.0,0.0,0.0,,True,Qwen/Qwen2.5-VL-7B-Instruct-AWQ,None
37,Pie,Medium,1.0,0.0,0.0,0.0,0.0,0.0,0.0,0.0,1.0,0.0,0.0,0.0,,True,Qwen/Qwen2.5-VL-7B-Instruct-AWQ,None
46,Pie,Easy,0.5,0.0,0.0,0.0,0.5,0.0,0.0,0.0,0.5,0.5,0.0,0.0,,False,Qwen/Qwen2.5-VL-7B-Instruct-AWQ,None
46,Pie,Easy,0.5,0.0,0.0,0.0,0.5,0.0,0.0,0.0,0.5,0.5,0.0,0.0,,False,Qwen/Qwen2.5-VL-7B-Instruct-AWQ,None
46,Pie,Easy,0.5,0.0,0.0,0.0,0.5,0.0,0.0,0.0,0.5,0.5,0.0,0.0,,False,Qwen/Qwen2.5-VL-7B-Instruct-AWQ,None
54,Pie,Hard,0.5,0.0,0.0,0.0,0.5,0.0,0.0,0.0,0.5,0.5,0.0,0.0,,True,Qwen/Qwen2.5-VL-7B-Instruct-AWQ,None
54,Pie,Hard,0.5,0.0,0.0,0.0,0.5,0.0,0.0,0.0,0.5,0.5,0.0,0.0,,True,Qwen/Qwen2.5-VL-7B-Instruct-AWQ,None
54,Pie,Hard,0.5,0.0,0.0,0.0,0.5,0.0,0.0,0.0,0.5,0.5,0.0,0.0,,True,Qwen/Qwen2.5-VL-7B-Instruct-AWQ,None
55,Bar,Hard,1.0,0.0,0.0,0.0,0.0,0.0,0.0,0.0,1.0,0.0,0.0,0.0,,True,Qwen/Qwen2.5-VL-7B-Instruct-AWQ,None
55,Bar,Hard,1.0,0.0,0.0,0.0,0.0,0.0,0.0,0.0,1.0,0.0,0.0,0.0,,True,Qwen/Qwen2.5-VL-7B-Instruct-AWQ,None
55,Bar,Hard,1.0,0.0,0.0,0.0,0.0,0.0,0.0,0.0,1.0,0.0,0.0,0.0,,True,Qwen/Qwen2.5-VL-7B-Instruct-AWQ,None
62,Scatter,Easy,0.0,0.0,0.0,0.0,0.0,0.0,0.0,0.0,0.0,0.0,1.0,0.0,0.0,False,Qwen/Qwen2.5-VL-7B-Instruct-AWQ,None
62,Scatter,Easy,0.0,0.0,0.0,0.0,0.0,0.0,0.0,0.0,0.0,0.0,1.0,0.0,0.0,False,Qwen/Qwen2.5-VL-7B-Instruct-AWQ,None
62,Scatter,Easy,0.0,0.0,0.0,0.0,0.0,0.0,0.0,0.0,0.0,0.0,1.0,0.0,0.0,False,Qwen/Qwen2.5-VL-7B-Instruct-AWQ,None
63,Pie,Medium,0.0,0.0,0.0,0.5,0.5,0.0,0.0,0.0,0.0,1.0,0.0,0.0,,False,Qwen/Qwen2.5-VL-7B-Instruct-AWQ,None
63,Pie,Medium,0.0,0.0,0.0,0.5,0.5,0.0,0.0,0.0,0.0,1.0,0.0,0.0,,False,Qwen/Qwen2.5-VL-7B-Instruct-AWQ,None
63,Pie,Medium,0.0,0.0,0.0,0.5,0.5,0.0,0.0,0.0,0.0,1.0,0.0,0.0,,False,Qwen/Qwen2.5-VL-7B-Instruct-AWQ,None
64,Bar,Medium,0.0,0.0,0.0,0.0,0.0,0.0,0.0,0.0,0.0,0.0,1.0,0.0,0.0,False,Qwen/Qwen2.5-VL-7B-Instruct-AWQ,None
64,Bar,Medium,0.0,0.0,0.0,0.0,0.0,0.0,0.0,0.0,0.0,0.0,1.0,0.0,0.0,False,Qwen/Qwen2.5-VL-7B-Instruct-AWQ,None
64,Bar,Medium,0.0,0.0,0.0,0.0,0.0,0.0,0.0,0.0,0.0,0.0,1.0,0.0,0.0,False,Qwen/Qwen2.5-VL-7B-Instruct-AWQ,None
65,Bar,Hard,0.0,0.0,0.0,0.0,0.0,0.0,0.0,0.0,0.0,0.0,1.0,0.0,0.0,True,Qwen/Qwen2.5-VL-7B-Instruct-AWQ,None
65,Bar,Hard,0.0,0.0,0.0,0.0,0.0,0.0,0.0,0.0,0.0,0.0,1.0,0.0,0.0,True,Qwen/Qwen2.5-VL-7B-Instruct-AWQ,None
65,Bar,Hard,0.0,0.0,0.0,0.0,0.0,0.0,0.0,0.0,0.0,0.0,1.0,0.0,0.0,True,Qwen/Qwen2.5-VL-7B-Instruct-AWQ,None
68,Bar,Hard,0.5,0.0,0.0,0.0,0.5,0.0,0.0,0.0,0.5,0.5,0.0,0.0,,True,Qwen/Qwen2.5-VL-7B-Instruct-AWQ,None
68,Bar,Hard,0.5,0.0,0.0,0.0,0.5,0.0,0.0,0.0,0.5,0.5,0.0,0.0,,True,Qwen/Qwen2.5-VL-7B-Instruct-AWQ,None
68,Bar,Hard,0.5,0.0,0.0,0.0,0.5,0.0,0.0,0.0,0.5,0.5,0.0,0.0,,True,Qwen/Qwen2.5-VL-7B-Instruct-AWQ,None
69,Bar,Hard,0.0,0.0,0.0,0.0,1.0,0.0,0.0,0.0,0.0,1.0,0.0,0.0,,True,Qwen/Qwen2.5-VL-7B-Instruct-AWQ,None
69,Bar,Hard,0.0,0.0,0.0,0.0,1.0,0.0,0.0,0.0,0.0,1.0,0.0,0.0,,True,Qwen/Qwen2.5-VL-7B-Instruct-AWQ,None
69,Bar,Hard,0.0,0.0,0.0,0.0,1.0,0.0,0.0,0.0,0.0,1.0,0.0,0.0,,True,Qwen/Qwen2.5-VL-7B-Instruct-AWQ,None
72,Bar,Hard,0.5,0.0,0.0,0.0,0.5,0.0,0.0,0.0,0.5,0.5,0.0,0.0,,True,Qwen/Qwen2.5-VL-7B-Instruct-AWQ,None
72,Bar,Hard,0.5,0.0,0.0,0.0,0.5,0.0,0.0,0.0,0.5,0.5,0.0,0.0,,True,Qwen/Qwen2.5-VL-7B-Instruct-AWQ,None
72,Bar,Hard,0.5,0.0,0.0,0.0,0.5,0.0,0.0,0.0,0.5,0.5,0.0,0.0,,True,Qwen/Qwen2.5-VL-7B-Instruct-AWQ,None
74,Bar,Easy,0.0,0.0,0.0,0.0,0.0,0.0,0.0,0.0,0.0,0.0,1.0,0.0,0.0,False,Qwen/Qwen2.5-VL-7B-Instruct-AWQ,None
74,Bar,Easy,0.0,0.0,0.0,0.0,0.0,0.0,0.0,0.0,0.0,0.0,1.0,0.0,0.0,False,Qwen/Qwen2.5-VL-7B-Instruct-AWQ,None
74,Bar,Easy,0.0,0.0,0.0,0.0,0.0,0.0,0.0,0.0,0.0,0.0,1.0,0.0,0.0,False,Qwen/Qwen2.5-VL-7B-Instruct-AWQ,None
77,Bar,Hard,0.5,0.0,0.0,0.0,0.0,0.0,0.0,0.0,0.5,0.0,0.5,0.0,0.0,True,Qwen/Qwen2.5-VL-7B-Instruct-AWQ,None
77,Bar,Hard,0.5,0.0,0.0,0.0,0.0,0.0,0.0,0.0,0.5,0.0,0.5,0.0,0.0,True,Qwen/Qwen2.5-VL-7B-Instruct-AWQ,None
77,Bar,Hard,0.5,0.0,0.0,0.0,0.0,0.0,0.0,0.0,0.5,0.0,0.5,0.0,0.0,True,Qwen/Qwen2.5-VL-7B-Instruct-AWQ,None
81,Pie,Hard,0.75,0.0,0.0,0.0,0.25,0.0,0.0,0.0,0.75,0.25,0.0,0.0,,True,Qwen/Qwen2.5-VL-7B-Instruct-AWQ,None
81,Pie,Hard,0.75,0.0,0.0,0.0,0.25,0.0,0.0,0.0,0.75,0.25,0.0,0.0,,True,Qwen/Qwen2.5-VL-7B-Instruct-AWQ,None
81,Pie,Hard,0.75,0.0,0.0,0.0,0.25,0.0,0.0,0.0,0.75,0.25,0.0,0.0,,True,Qwen/Qwen2.5-VL-7B-Instruct-AWQ,None
86,Bar,Easy,0.0,0.0,0.0,0.0,0.0,0.0,0.0,0.0,0.0,0.0,1.0,0.0,0.0,False,Qwen/Qwen2.5-VL-7B-Instruct-AWQ,None
86,Bar,Easy,0.0,0.0,0.0,0.0,0.0,0.0,0.0,0.0,0.0,0.0,1.0,0.0,0.0,False,Qwen/Qwen2.5-VL-7B-Instruct-AWQ,None
86,Bar,Easy,0.0,0.0,0.0,0.0,0.0,0.0,0.0,0.0,0.0,0.0,1.0,0.0,0.0,False,Qwen/Qwen2.5-VL-7B-Instruct-AWQ,None
93,Pie,Medium,0.0,0.0,0.0,0.0,1.0,0.0,0.0,0.0,0.0,1.0,0.0,0.0,,False,Qwen/Qwen2.5-VL-7B-Instruct-AWQ,None
93,Pie,Medium,0.0,0.0,0.0,0.0,1.0,0.0,0.0,0.0,0.0,1.0,0.0,0.0,,False,Qwen/Qwen2.5-VL-7B-Instruct-AWQ,None
93,Pie,Medium,0.0,0.0,0.0,0.0,1.0,0.0,0.0,0.0,0.0,1.0,0.0,0.0,,False,Qwen/Qwen2.5-VL-7B-Instruct-AWQ,None
94,Bar,Medium,0.0,0.0,0.0,0.0,0.0,0.0,0.0,0.0,0.0,0.0,1.0,0.0,0.0,False,Qwen/Qwen2.5-VL-7B-Instruct-AWQ,None
94,Bar,Medium,0.0,0.0,0.0,0.0,0.0,0.0,0.0,0.0,0.0,0.0,1.0,0.0,0.0,False,Qwen/Qwen2.5-VL-7B-Instruct-AWQ,None
94,Bar,Medium,0.0,0.0,0.0,0.0,0.0,0.0,0.0,0.0,0.0,0.0,1.0,0.0,0.0,False,Qwen/Qwen2.5-VL-7B-Instruct-AWQ,None
95,Pie,Easy,0.0,0.0,0.0,0.0,1.0,0.0,0.0,0.0,0.0,1.0,0.0,0.0,,False,Qwen/Qwen2.5-VL-7B-Instruct-AWQ,None
95,Pie,Easy,0.0,0.0,0.0,0.0,1.0,0.0,0.0,0.0,0.0,1.0,0.0,0.0,,False,Qwen/Qwen2.5-VL-7B-Instruct-AWQ,None
95,Pie,Easy,0.0,0.0,0.0,0.0,1.0,0.0,0.0,0.0,0.0,1.0,0.0,0.0,,False,Qwen/Qwen2.5-VL-7B-Instruct-AWQ,None
96,Bar,Easy,0.0,0.0,0.0,0.0,0.0,0.0,0.0,0.0,0.0,0.0,1.0,0.0,0.0,False,Qwen/Qwen2.5-VL-7B-Instruct-AWQ,None
96,Bar,Easy,0.0,0.0,0.0,0.0,0.0,0.0,0.0,0.0,0.0,0.0,1.0,0.0,0.0,False,Qwen/Qwen2.5-VL-7B-Instruct-AWQ,None
96,Bar,Easy,0.0,0.0,0.0,0.0,0.0,0.0,0.0,0.0,0.0,0.0,1.0,0.0,0.0,False,Qwen/Qwen2.5-VL-7B-Instruct-AWQ,None
98,Bar,Medium,1.0,0.0,0.0,0.0,0.0,0.0,0.0,0.0,1.0,0.0,0.0,0.0,,True,Qwen/Qwen2.5-VL-7B-Instruct-AWQ,None
98,Bar,Medium,1.0,0.0,0.0,0.0,0.0,0.0,0.0,0.0,1.0,0.0,0.0,0.0,,True,Qwen/Qwen2.5-VL-7B-Instruct-AWQ,None
98,Bar,Medium,1.0,0.0,0.0,0.0,0.0,0.0,0.0,0.0,1.0,0.0,0.0,0.0,,True,Qwen/Qwen2.5-VL-7B-Instruct-AWQ,None
103,Pie,Hard,0.5,0.0,0.0,0.0,0.5,0.0,0.0,0.0,0.5,0.5,0.0,0.0,,True,Qwen/Qwen2.5-VL-7B-Instruct-AWQ,None
103,Pie,Hard,0.5,0.0,0.0,0.0,0.5,0.0,0.0,0.0,0.5,0.5,0.0,0.0,,True,Qwen/Qwen2.5-VL-7B-Instruct-AWQ,None
103,Pie,Hard,0.5,0.0,0.0,0.0,0.5,0.0,0.0,0.0,0.5,0.5,0.0,0.0,,True,Qwen/Qwen2.5-VL-7B-Instruct-AWQ,None
120,Bar,Medium,0.0,0.0,0.0,0.0,0.0,0.0,0.0,0.0,0.0,0.0,1.0,0.0,0.0,True,Qwen/Qwen2.5-VL-7B-Instruct-AWQ,None
120,Bar,Medium,0.0,0.0,0.0,0.0,0.0,0.0,0.0,0.0,0.0,0.0,1.0,0.0,0.0,True,Qwen/Qwen2.5-VL-7B-Instruct-AWQ,None
120,Bar,Medium,0.0,0.0,0.0,0.0,0.0,0.0,0.0,0.0,0.0,0.0,1.0,0.0,0.0,True,Qwen/Qwen2.5-VL-7B-Instruct-AWQ,None
131,Pie,Medium,0.0,0.0,0.0,0.0,1.0,0.0,0.0,0.0,0.0,1.0,0.0,0.0,,True,Qwen/Qwen2.5-VL-7B-Instruct-AWQ,None
131,Pie,Medium,0.0,0.0,0.0,0.0,1.0,0.0,0.0,0.0,0.0,1.0,0.0,0.0,,True,Qwen/Qwen2.5-VL-7B-Instruct-AWQ,None
131,Pie,Medium,0.0,0.0,0.0,0.0,1.0,0.0,0.0,0.0,0.0,1.0,0.0,0.0,,True,Qwen/Qwen2.5-VL-7B-Instruct-AWQ,None
138,Pie,Medium,1.0,0.0,0.0,0.0,0.0,0.0,0.0,0.0,1.0,0.0,0.0,0.0,,True,Qwen/Qwen2.5-VL-7B-Instruct-AWQ,None
138,Pie,Medium,1.0,0.0,0.0,0.0,0.0,0.0,0.0,0.0,1.0,0.0,0.0,0.0,,True,Qwen/Qwen2.5-VL-7B-Instruct-AWQ,None
138,Pie,Medium,1.0,0.0,0.0,0.0,0.0,0.0,0.0,0.0,1.0,0.0,0.0,0.0,,True,Qwen/Qwen2.5-VL-7B-Instruct-AWQ,None
146,Stacked Bar,Hard,0.0,0.0,0.0,0.0,0.0,0.0,0.0,0.0,0.0,0.0,1.0,0.0,0.0,True,Qwen/Qwen2.5-VL-7B-Instruct-AWQ,None
146,Stacked Bar,Hard,0.0,0.0,0.0,0.0,0.0,0.0,0.0,0.0,0.0,0.0,1.0,0.0,0.0,True,Qwen/Qwen2.5-VL-7B-Instruct-AWQ,None
146,Stacked Bar,Hard,0.0,0.0,0.0,0.0,0.0,0.0,0.0,0.0,0.0,0.0,1.0,0.0,0.0,True,Qwen/Qwen2.5-VL-7B-Instruct-AWQ,None
150,Pie,Medium,1.0,0.0,0.0,0.0,0.0,0.0,0.0,0.0,1.0,0.0,0.0,0.0,,True,Qwen/Qwen2.5-VL-7B-Instruct-AWQ,None
150,Pie,Medium,1.0,0.0,0.0,0.0,0.0,0.0,0.0,0.0,1.0,0.0,0.0,0.0,,True,Qwen/Qwen2.5-VL-7B-Instruct-AWQ,None
150,Pie,Medium,1.0,0.0,0.0,0.0,0.0,0.0,0.0,0.0,1.0,0.0,0.0,0.0,,True,Qwen/Qwen2.5-VL-7B-Instruct-AWQ,None
158,Bar,Hard,0.0,0.0,1.0,0.0,0.0,0.0,0.0,0.0,0.0,1.0,0.0,0.0,,True,Qwen/Qwen2.5-VL-7B-Instruct-AWQ,None
158,Bar,Hard,0.0,0.0,1.0,0.0,0.0,0.0,0.0,0.0,0.0,1.0,0.0,0.0,,True,Qwen/Qwen2.5-VL-7B-Instruct-AWQ,None
158,Bar,Hard,0.0,0.0,1.0,0.0,0.0,0.0,0.0,0.0,0.0,1.0,0.0,0.0,,True,Qwen/Qwen2.5-VL-7B-Instruct-AWQ,None
163,Line,Hard,0.0,0.0,0.0,1.0,1.0,0.0,0.0,0.0,0.0,1.0,0.0,0.0,,True,Qwen/Qwen2.5-VL-7B-Instruct-AWQ,None
163,Line,Hard,0.0,0.0,0.0,1.0,1.0,0.0,0.0,0.0,0.0,1.0,0.0,0.0,,True,Qwen/Qwen2.5-VL-7B-Instruct-AWQ,None
163,Line,Hard,0.0,0.0,0.0,1.0,1.0,0.0,0.0,0.0,0.0,1.0,0.0,0.0,,True,Qwen/Qwen2.5-VL-7B-Instruct-AWQ,None
173,Pie,Medium,0.0,0.0,0.0,0.0,1.0,0.0,0.0,0.0,0.0,1.0,0.0,0.0,,False,Qwen/Qwen2.5-VL-7B-Instruct-AWQ,None
173,Pie,Medium,0.0,0.0,0.0,0.0,1.0,0.0,0.0,0.0,0.0,1.0,0.0,0.0,,False,Qwen/Qwen2.5-VL-7B-Instruct-AWQ,None
173,Pie,Medium,0.0,0.0,0.0,0.0,1.0,0.0,0.0,0.0,0.0,1.0,0.0,0.0,,False,Qwen/Qwen2.5-VL-7B-Instruct-AWQ,None
175,Scatter,Medium,1.0,0.0,0.0,0.0,0.0,0.0,0.0,0.0,1.0,0.0,0.0,0.0,,True,Qwen/Qwen2.5-VL-7B-Instruct-AWQ,None
175,Scatter,Medium,1.0,0.0,0.0,0.0,0.0,0.0,0.0,0.0,1.0,0.0,0.0,0.0,,True,Qwen/Qwen2.5-VL-7B-Instruct-AWQ,None
175,Scatter,Medium,1.0,0.0,0.0,0.0,0.0,0.0,0.0,0.0,1.0,0.0,0.0,0.0,,True,Qwen/Qwen2.5-VL-7B-Instruct-AWQ,None
186,Bar,Medium,0.0,0.0,0.0,0.0,0.0,1.0,0.0,0.0,0.0,1.0,0.0,0.0,,False,Qwen/Qwen2.5-VL-7B-Instruct-AWQ,None
186,Bar,Medium,0.0,0.0,0.0,0.0,0.0,1.0,0.0,0.0,0.0,1.0,0.0,0.0,,False,Qwen/Qwen2.5-VL-7B-Instruct-AWQ,None
186,Bar,Medium,0.0,0.0,0.0,0.0,0.0,1.0,0.0,0.0,0.0,1.0,0.0,0.0,,False,Qwen/Qwen2.5-VL-7B-Instruct-AWQ,None
189,Stacked Bar,Extra Hard,0.75,0.0,0.0,0.0,0.0,0.0,0.0,0.0,0.75,0.0,0.25,0.0,0.0,False,Qwen/Qwen2.5-VL-7B-Instruct-AWQ,None
189,Stacked Bar,Extra Hard,0.75,0.0,0.0,0.0,0.0,0.0,0.0,0.0,0.75,0.0,0.25,0.0,0.0,False,Qwen/Qwen2.5-VL-7B-Instruct-AWQ,None
189,Stacked Bar,Extra Hard,0.75,0.0,0.0,0.0,0.0,0.0,0.0,0.0,0.75,0.0,0.25,0.0,0.0,False,Qwen/Qwen2.5-VL-7B-Instruct-AWQ,None
194,Stacked Bar,Extra Hard,1.0,0.0,0.0,0.0,0.0,0.0,0.0,0.0,1.0,0.0,0.0,0.0,,False,Qwen/Qwen2.5-VL-7B-Instruct-AWQ,None
194,Stacked Bar,Extra Hard,1.0,0.0,0.0,0.0,0.0,0.0,0.0,0.0,1.0,0.0,0.0,0.0,,False,Qwen/Qwen2.5-VL-7B-Instruct-AWQ,None
194,Stacked Bar,Extra Hard,1.0,0.0,0.0,0.0,0.0,0.0,0.0,0.0,1.0,0.0,0.0,0.0,,False,Qwen/Qwen2.5-VL-7B-Instruct-AWQ,None
195,Stacked Bar,Extra Hard,0.0,0.0,0.0,0.0,0.0,0.0,0.0,0.0,0.0,0.0,1.0,0.0,0.0,False,Qwen/Qwen2.5-VL-7B-Instruct-AWQ,None
195,Stacked Bar,Extra Hard,0.0,0.0,0.0,0.0,0.0,0.0,0.0,0.0,0.0,0.0,1.0,0.0,0.0,False,Qwen/Qwen2.5-VL-7B-Instruct-AWQ,None
195,Stacked Bar,Extra Hard,0.0,0.0,0.0,0.0,0.0,0.0,0.0,0.0,0.0,0.0,1.0,0.0,0.0,False,Qwen/Qwen2.5-VL-7B-Instruct-AWQ,None
196,Stacked Bar,Extra Hard,0.6,0.0,0.0,0.4,0.4,0.0,0.0,0.0,0.6,0.4,0.0,0.0,,False,Qwen/Qwen2.5-VL-7B-Instruct-AWQ,None
196,Stacked Bar,Extra Hard,0.6,0.0,0.0,0.4,0.4,0.0,0.0,0.0,0.6,0.4,0.0,0.0,,False,Qwen/Qwen2.5-VL-7B-Instruct-AWQ,None
196,Stacked Bar,Extra Hard,0.6,0.0,0.0,0.4,0.4,0.0,0.0,0.0,0.6,0.4,0.0,0.0,,False,Qwen/Qwen2.5-VL-7B-Instruct-AWQ,None
201,Stacked Bar,Extra Hard,1.0,0.0,0.0,0.0,0.0,0.0,0.0,0.0,1.0,0.0,0.0,0.0,,False,Qwen/Qwen2.5-VL-7B-Instruct-AWQ,None
201,Stacked Bar,Extra Hard,1.0,0.0,0.0,0.0,0.0,0.0,0.0,0.0,1.0,0.0,0.0,0.0,,False,Qwen/Qwen2.5-VL-7B-Instruct-AWQ,None
201,Stacked Bar,Extra Hard,1.0,0.0,0.0,0.0,0.0,0.0,0.0,0.0,1.0,0.0,0.0,0.0,,False,Qwen/Qwen2.5-VL-7B-Instruct-AWQ,None
202,Stacked Bar,Extra Hard,0.0,0.0,0.5,0.5,0.5,0.0,0.0,0.0,0.0,1.0,0.0,0.0,,False,Qwen/Qwen2.5-VL-7B-Instruct-AWQ,None
202,Stacked Bar,Extra Hard,0.0,0.0,0.5,0.5,0.5,0.0,0.0,0.0,0.0,1.0,0.0,0.0,,False,Qwen/Qwen2.5-VL-7B-Instruct-AWQ,None
202,Stacked Bar,Extra Hard,0.0,0.0,0.5,0.5,0.5,0.0,0.0,0.0,0.0,1.0,0.0,0.0,,False,Qwen/Qwen2.5-VL-7B-Instruct-AWQ,None
205,Bar,Medium,0.0,0.0,0.0,0.0,0.0,0.0,0.0,0.0,0.0,0.0,1.0,0.0,0.0,False,Qwen/Qwen2.5-VL-7B-Instruct-AWQ,None
205,Bar,Medium,0.0,0.0,0.0,0.0,0.0,0.0,0.0,0.0,0.0,0.0,1.0,0.0,0.0,False,Qwen/Qwen2.5-VL-7B-Instruct-AWQ,None
205,Bar,Medium,0.0,0.0,0.0,0.0,0.0,0.0,0.0,0.0,0.0,0.0,1.0,0.0,0.0,False,Qwen/Qwen2.5-VL-7B-Instruct-AWQ,None
210,Stacked Bar,Extra Hard,1.0,0.0,0.0,0.0,0.0,0.0,0.0,0.0,1.0,0.0,0.0,0.0,,False,Qwen/Qwen2.5-VL-7B-Instruct-AWQ,None
210,Stacked Bar,Extra Hard,1.0,0.0,0.0,0.0,0.0,0.0,0.0,0.0,1.0,0.0,0.0,0.0,,False,Qwen/Qwen2.5-VL-7B-Instruct-AWQ,None
210,Stacked Bar,Extra Hard,1.0,0.0,0.0,0.0,0.0,0.0,0.0,0.0,1.0,0.0,0.0,0.0,,False,Qwen/Qwen2.5-VL-7B-Instruct-AWQ,None
211,Stacked Bar,Extra Hard,1.0,0.0,0.0,0.0,0.0,0.0,0.0,0.0,1.0,0.0,0.0,0.0,,False,Qwen/Qwen2.5-VL-7B-Instruct-AWQ,None
211,Stacked Bar,Extra Hard,1.0,0.0,0.0,0.0,0.0,0.0,0.0,0.0,1.0,0.0,0.0,0.0,,False,Qwen/Qwen2.5-VL-7B-Instruct-AWQ,None
211,Stacked Bar,Extra Hard,1.0,0.0,0.0,0.0,0.0,0.0,0.0,0.0,1.0,0.0,0.0,0.0,,False,Qwen/Qwen2.5-VL-7B-Instruct-AWQ,None
219,Bar,Medium,0.0,0.0,0.0,0.0,0.0,0.0,0.0,0.0,0.0,0.0,1.0,0.0,0.0,False,Qwen/Qwen2.5-VL-7B-Instruct-AWQ,None
219,Bar,Medium,0.0,0.0,0.0,0.0,0.0,0.0,0.0,0.0,0.0,0.0,1.0,0.0,0.0,False,Qwen/Qwen2.5-VL-7B-Instruct-AWQ,None
219,Bar,Medium,0.0,0.0,0.0,0.0,0.0,0.0,0.0,0.0,0.0,0.0,1.0,0.0,0.0,False,Qwen/Qwen2.5-VL-7B-Instruct-AWQ,None
224,Stacked Bar,Extra Hard,1.0,0.0,0.0,0.0,0.0,0.0,0.0,0.0,1.0,0.0,0.0,0.0,,False,Qwen/Qwen2.5-VL-7B-Instruct-AWQ,None
224,Stacked Bar,Extra Hard,1.0,0.0,0.0,0.0,0.0,0.0,0.0,0.0,1.0,0.0,0.0,0.0,,False,Qwen/Qwen2.5-VL-7B-Instruct-AWQ,None
224,Stacked Bar,Extra Hard,1.0,0.0,0.0,0.0,0.0,0.0,0.0,0.0,1.0,0.0,0.0,0.0,,False,Qwen/Qwen2.5-VL-7B-Instruct-AWQ,None
225,Stacked Bar,Extra Hard,1.0,0.0,0.0,0.0,0.0,0.0,0.0,0.0,1.0,0.0,0.0,0.0,,False,Qwen/Qwen2.5-VL-7B-Instruct-AWQ,None
225,Stacked Bar,Extra Hard,1.0,0.0,0.0,0.0,0.0,0.0,0.0,0.0,1.0,0.0,0.0,0.0,,False,Qwen/Qwen2.5-VL-7B-Instruct-AWQ,None
225,Stacked Bar,Extra Hard,1.0,0.0,0.0,0.0,0.0,0.0,0.0,0.0,1.0,0.0,0.0,0.0,,False,Qwen/Qwen2.5-VL-7B-Instruct-AWQ,None
231,Bar,Medium,0.25,0.0,0.0,0.0,0.0,0.0,0.0,0.0,0.25,0.0,0.75,0.0,0.0,False,Qwen/Qwen2.5-VL-7B-Instruct-AWQ,None
231,Bar,Medium,0.25,0.0,0.0,0.0,0.0,0.0,0.0,0.0,0.25,0.0,0.75,0.0,0.0,False,Qwen/Qwen2.5-VL-7B-Instruct-AWQ,None
231,Bar,Medium,0.25,0.0,0.0,0.0,0.0,0.0,0.0,0.0,0.25,0.0,0.75,0.0,0.0,False,Qwen/Qwen2.5-VL-7B-Instruct-AWQ,None
233,Bar,Medium,0.0,0.0,0.0,0.0,0.0,0.0,0.0,0.0,0.0,0.0,1.0,0.0,0.0,False,Qwen/Qwen2.5-VL-7B-Instruct-AWQ,None
233,Bar,Medium,0.0,0.0,0.0,0.0,0.0,0.0,0.0,0.0,0.0,0.0,1.0,0.0,0.0,False,Qwen/Qwen2.5-VL-7B-Instruct-AWQ,None
233,Bar,Medium,0.0,0.0,0.0,0.0,0.0,0.0,0.0,0.0,0.0,0.0,1.0,0.0,0.0,False,Qwen/Qwen2.5-VL-7B-Instruct-AWQ,None
238,Bar,Medium,0.25,0.0,0.0,0.0,0.0,0.0,0.0,0.0,0.25,0.0,0.75,0.0,0.0,False,Qwen/Qwen2.5-VL-7B-Instruct-AWQ,None
238,Bar,Medium,0.25,0.0,0.0,0.0,0.0,0.0,0.0,0.0,0.25,0.0,0.75,0.0,0.0,False,Qwen/Qwen2.5-VL-7B-Instruct-AWQ,None
238,Bar,Medium,0.25,0.0,0.0,0.0,0.0,0.0,0.0,0.0,0.25,0.0,0.75,0.0,0.0,False,Qwen/Qwen2.5-VL-7B-Instruct-AWQ,None
246,Bar,Medium,0.5,0.0,0.0,0.0,0.0,0.0,0.0,0.0,0.5,0.0,0.5,0.0,0.0,False,Qwen/Qwen2.5-VL-7B-Instruct-AWQ,None
246,Bar,Medium,0.5,0.0,0.0,0.0,0.0,0.0,0.0,0.0,0.5,0.0,0.5,0.0,0.0,False,Qwen/Qwen2.5-VL-7B-Instruct-AWQ,None
246,Bar,Medium,0.5,0.0,0.0,0.0,0.0,0.0,0.0,0.0,0.5,0.0,0.5,0.0,0.0,False,Qwen/Qwen2.5-VL-7B-Instruct-AWQ,None
247,Bar,Medium,0.0,0.0,0.0,0.25,0.25,0.0,0.0,0.0,0.0,0.25,0.75,0.0,0.0,False,Qwen/Qwen2.5-VL-7B-Instruct-AWQ,None
247,Bar,Medium,0.0,0.0,0.0,0.25,0.25,0.0,0.0,0.0,0.0,0.25,0.75,0.0,0.0,False,Qwen/Qwen2.5-VL-7B-Instruct-AWQ,None
247,Bar,Medium,0.0,0.0,0.0,0.25,0.25,0.0,0.0,0.0,0.0,0.25,0.75,0.0,0.0,False,Qwen/Qwen2.5-VL-7B-Instruct-AWQ,None
248,Bar,Medium,0.0,0.0,0.0,0.0,0.0,0.0,0.0,0.0,0.0,0.0,1.0,0.0,0.0,False,Qwen/Qwen2.5-VL-7B-Instruct-AWQ,None
248,Bar,Medium,0.0,0.0,0.0,0.0,0.0,0.0,0.0,0.0,0.0,0.0,1.0,0.0,0.0,False,Qwen/Qwen2.5-VL-7B-Instruct-AWQ,None
248,Bar,Medium,0.0,0.0,0.0,0.0,0.0,0.0,0.0,0.0,0.0,0.0,1.0,0.0,0.0,False,Qwen/Qwen2.5-VL-7B-Instruct-AWQ,None
252,Pie,Medium,0.0,0.0,0.0,0.0,1.0,0.0,0.0,0.0,0.0,1.0,0.0,0.0,,False,Qwen/Qwen2.5-VL-7B-Instruct-AWQ,None
252,Pie,Medium,0.0,0.0,0.0,0.0,1.0,0.0,0.0,0.0,0.0,1.0,0.0,0.0,,False,Qwen/Qwen2.5-VL-7B-Instruct-AWQ,None
252,Pie,Medium,0.0,0.0,0.0,0.0,1.0,0.0,0.0,0.0,0.0,1.0,0.0,0.0,,False,Qwen/Qwen2.5-VL-7B-Instruct-AWQ,None
264,Bar,Medium,0.5,0.0,0.0,0.0,0.0,0.0,0.0,0.0,0.5,0.0,0.5,0.0,0.0,False,Qwen/Qwen2.5-VL-7B-Instruct-AWQ,None
264,Bar,Medium,0.5,0.0,0.0,0.0,0.0,0.0,0.0,0.0,0.5,0.0,0.5,0.0,0.0,False,Qwen/Qwen2.5-VL-7B-Instruct-AWQ,None
264,Bar,Medium,0.5,0.0,0.0,0.0,0.0,0.0,0.0,0.0,0.5,0.0,0.5,0.0,0.0,False,Qwen/Qwen2.5-VL-7B-Instruct-AWQ,None
265,Bar,Medium,0.3333333333333333,0.0,0.0,0.0,0.0,0.0,0.0,0.0,0.3333333333333333,0.0,0.6666666666666666,0.0,0.0,False,Qwen/Qwen2.5-VL-7B-Instruct-AWQ,None
265,Bar,Medium,0.3333333333333333,0.0,0.0,0.0,0.0,0.0,0.0,0.0,0.3333333333333333,0.0,0.6666666666666666,0.0,0.0,False,Qwen/Qwen2.5-VL-7B-Instruct-AWQ,None
265,Bar,Medium,0.3333333333333333,0.0,0.0,0.0,0.0,0.0,0.0,0.0,0.3333333333333333,0.0,0.6666666666666666,0.0,0.0,False,Qwen/Qwen2.5-VL-7B-Instruct-AWQ,None
267,Line,Easy,0.6666666666666666,0.0,0.0,0.0,0.3333333333333333,0.0,0.0,0.0,0.6666666666666666,0.3333333333333333,0.0,0.0,,False,Qwen/Qwen2.5-VL-7B-Instruct-AWQ,None
267,Line,Easy,0.6666666666666666,0.0,0.0,0.0,0.3333333333333333,0.0,0.0,0.0,0.6666666666666666,0.3333333333333333,0.0,0.0,,False,Qwen/Qwen2.5-VL-7B-Instruct-AWQ,None
267,Line,Easy,0.6666666666666666,0.0,0.0,0.0,0.3333333333333333,0.0,0.0,0.0,0.6666666666666666,0.3333333333333333,0.0,0.0,,False,Qwen/Qwen2.5-VL-7B-Instruct-AWQ,None
273,Line,Medium,0.5,0.0,0.0,0.0,0.25,0.0,0.0,0.0,0.5,0.25,0.25,0.0,0.0,False,Qwen/Qwen2.5-VL-7B-Instruct-AWQ,None
273,Line,Medium,0.5,0.0,0.0,0.0,0.25,0.0,0.0,0.0,0.5,0.25,0.25,0.0,0.0,False,Qwen/Qwen2.5-VL-7B-Instruct-AWQ,None
273,Line,Medium,0.5,0.0,0.0,0.0,0.25,0.0,0.0,0.0,0.5,0.25,0.25,0.0,0.0,False,Qwen/Qwen2.5-VL-7B-Instruct-AWQ,None
285,Bar,Medium,0.0,0.0,0.0,0.0,1.0,0.0,0.0,0.0,0.0,1.0,0.0,0.0,,False,Qwen/Qwen2.5-VL-7B-Instruct-AWQ,None
285,Bar,Medium,0.0,0.0,0.0,0.0,1.0,0.0,0.0,0.0,0.0,1.0,0.0,0.0,,False,Qwen/Qwen2.5-VL-7B-Instruct-AWQ,None
285,Bar,Medium,0.0,0.0,0.0,0.0,1.0,0.0,0.0,0.0,0.0,1.0,0.0,0.0,,False,Qwen/Qwen2.5-VL-7B-Instruct-AWQ,None
286,Bar,Medium,1.0,0.0,0.0,0.0,0.0,0.0,0.0,0.0,1.0,0.0,0.0,0.0,,False,Qwen/Qwen2.5-VL-7B-Instruct-AWQ,None
286,Bar,Medium,1.0,0.0,0.0,0.0,0.0,0.0,0.0,0.0,1.0,0.0,0.0,0.0,,False,Qwen/Qwen2.5-VL-7B-Instruct-AWQ,None
286,Bar,Medium,1.0,0.0,0.0,0.0,0.0,0.0,0.0,0.0,1.0,0.0,0.0,0.0,,False,Qwen/Qwen2.5-VL-7B-Instruct-AWQ,None
291,Bar,Hard,0.0,0.0,1.0,0.0,0.0,0.0,0.0,0.0,0.0,1.0,0.0,0.0,,False,Qwen/Qwen2.5-VL-7B-Instruct-AWQ,None
291,Bar,Hard,0.0,0.0,1.0,0.0,0.0,0.0,0.0,0.0,0.0,1.0,0.0,0.0,,False,Qwen/Qwen2.5-VL-7B-Instruct-AWQ,None
291,Bar,Hard,0.0,0.0,1.0,0.0,0.0,0.0,0.0,0.0,0.0,1.0,0.0,0.0,,False,Qwen/Qwen2.5-VL-7B-Instruct-AWQ,None
292,Scatter,Medium,0.5,0.0,0.0,0.0,0.5,0.0,0.0,0.0,0.5,0.5,0.0,0.0,,False,Qwen/Qwen2.5-VL-7B-Instruct-AWQ,None
292,Scatter,Medium,0.5,0.0,0.0,0.0,0.5,0.0,0.0,0.0,0.5,0.5,0.0,0.0,,False,Qwen/Qwen2.5-VL-7B-Instruct-AWQ,None
292,Scatter,Medium,0.5,0.0,0.0,0.0,0.5,0.0,0.0,0.0,0.5,0.5,0.0,0.0,,False,Qwen/Qwen2.5-VL-7B-Instruct-AWQ,None
293,Bar,Hard,0.0,0.0,1.0,0.0,0.0,0.0,0.0,0.0,0.0,1.0,0.0,0.0,,False,Qwen/Qwen2.5-VL-7B-Instruct-AWQ,None
293,Bar,Hard,0.0,0.0,1.0,0.0,0.0,0.0,0.0,0.0,0.0,1.0,0.0,0.0,,False,Qwen/Qwen2.5-VL-7B-Instruct-AWQ,None
293,Bar,Hard,0.0,0.0,1.0,0.0,0.0,0.0,0.0,0.0,0.0,1.0,0.0,0.0,,False,Qwen/Qwen2.5-VL-7B-Instruct-AWQ,None
295,Bar,Hard,1.0,0.0,0.0,0.0,0.0,0.0,0.0,0.0,1.0,0.0,0.0,0.0,,False,Qwen/Qwen2.5-VL-7B-Instruct-AWQ,None
295,Bar,Hard,1.0,0.0,0.0,0.0,0.0,0.0,0.0,0.0,1.0,0.0,0.0,0.0,,False,Qwen/Qwen2.5-VL-7B-Instruct-AWQ,None
295,Bar,Hard,1.0,0.0,0.0,0.0,0.0,0.0,0.0,0.0,1.0,0.0,0.0,0.0,,False,Qwen/Qwen2.5-VL-7B-Instruct-AWQ,None
296,Bar,Hard,1.0,0.0,0.0,0.0,0.0,0.0,0.0,0.0,1.0,0.0,0.0,0.0,,False,Qwen/Qwen2.5-VL-7B-Instruct-AWQ,None
296,Bar,Hard,1.0,0.0,0.0,0.0,0.0,0.0,0.0,0.0,1.0,0.0,0.0,0.0,,False,Qwen/Qwen2.5-VL-7B-Instruct-AWQ,None
296,Bar,Hard,1.0,0.0,0.0,0.0,0.0,0.0,0.0,0.0,1.0,0.0,0.0,0.0,,False,Qwen/Qwen2.5-VL-7B-Instruct-AWQ,None
297,Bar,Medium,0.5,0.0,0.0,0.0,0.5,0.0,0.0,0.0,0.5,0.5,0.0,0.0,,False,Qwen/Qwen2.5-VL-7B-Instruct-AWQ,None
297,Bar,Medium,0.5,0.0,0.0,0.0,0.5,0.0,0.0,0.0,0.5,0.5,0.0,0.0,,False,Qwen/Qwen2.5-VL-7B-Instruct-AWQ,None
297,Bar,Medium,0.5,0.0,0.0,0.0,0.5,0.0,0.0,0.0,0.5,0.5,0.0,0.0,,False,Qwen/Qwen2.5-VL-7B-Instruct-AWQ,None
306,Pie,Easy,0.0,0.0,0.0,0.3333333333333333,0.6666666666666666,0.0,0.0,0.0,0.0,1.0,0.0,0.0,,False,Qwen/Qwen2.5-VL-7B-Instruct-AWQ,None
306,Pie,Easy,0.0,0.0,0.0,0.3333333333333333,0.6666666666666666,0.0,0.0,0.0,0.0,1.0,0.0,0.0,,False,Qwen/Qwen2.5-VL-7B-Instruct-AWQ,None
306,Pie,Easy,0.0,0.0,0.0,0.3333333333333333,0.6666666666666666,0.0,0.0,0.0,0.0,1.0,0.0,0.0,,False,Qwen/Qwen2.5-VL-7B-Instruct-AWQ,None
308,Scatter,Easy,1.0,0.0,0.0,0.0,0.0,0.0,0.0,0.0,1.0,0.0,0.0,0.0,,True,Qwen/Qwen2.5-VL-7B-Instruct-AWQ,None
308,Scatter,Easy,1.0,0.0,0.0,0.0,0.0,0.0,0.0,0.0,1.0,0.0,0.0,0.0,,True,Qwen/Qwen2.5-VL-7B-Instruct-AWQ,None
308,Scatter,Easy,1.0,0.0,0.0,0.0,0.0,0.0,0.0,0.0,1.0,0.0,0.0,0.0,,True,Qwen/Qwen2.5-VL-7B-Instruct-AWQ,None
312,Pie,Hard,0.0,0.0,0.0,0.0,1.0,0.0,0.0,0.0,0.0,1.0,0.0,0.0,,False,Qwen/Qwen2.5-VL-7B-Instruct-AWQ,None
312,Pie,Hard,0.0,0.0,0.0,0.0,1.0,0.0,0.0,0.0,0.0,1.0,0.0,0.0,,False,Qwen/Qwen2.5-VL-7B-Instruct-AWQ,None
312,Pie,Hard,0.0,0.0,0.0,0.0,1.0,0.0,0.0,0.0,0.0,1.0,0.0,0.0,,False,Qwen/Qwen2.5-VL-7B-Instruct-AWQ,None
316,Line,Medium,0.0,0.0,0.0,0.0,1.0,0.0,0.0,0.0,0.0,1.0,0.0,0.0,,False,Qwen/Qwen2.5-VL-7B-Instruct-AWQ,None
316,Line,Medium,0.0,0.0,0.0,0.0,1.0,0.0,0.0,0.0,0.0,1.0,0.0,0.0,,False,Qwen/Qwen2.5-VL-7B-Instruct-AWQ,None
316,Line,Medium,0.0,0.0,0.0,0.0,1.0,0.0,0.0,0.0,0.0,1.0,0.0,0.0,,False,Qwen/Qwen2.5-VL-7B-Instruct-AWQ,None
328,Scatter,Medium,0.5,0.0,0.0,0.0,0.5,0.0,0.0,0.0,0.5,0.5,0.0,0.0,,True,Qwen/Qwen2.5-VL-7B-Instruct-AWQ,None
328,Scatter,Medium,0.5,0.0,0.0,0.0,0.5,0.0,0.0,0.0,0.5,0.5,0.0,0.0,,True,Qwen/Qwen2.5-VL-7B-Instruct-AWQ,None
328,Scatter,Medium,0.5,0.0,0.0,0.0,0.5,0.0,0.0,0.0,0.5,0.5,0.0,0.0,,True,Qwen/Qwen2.5-VL-7B-Instruct-AWQ,None
335,Bar,Medium,1.0,0.0,0.0,0.0,0.0,0.0,0.0,0.0,1.0,0.0,0.0,0.0,,False,Qwen/Qwen2.5-VL-7B-Instruct-AWQ,None
335,Bar,Medium,1.0,0.0,0.0,0.0,0.0,0.0,0.0,0.0,1.0,0.0,0.0,0.0,,False,Qwen/Qwen2.5-VL-7B-Instruct-AWQ,None
335,Bar,Medium,1.0,0.0,0.0,0.0,0.0,0.0,0.0,0.0,1.0,0.0,0.0,0.0,,False,Qwen/Qwen2.5-VL-7B-Instruct-AWQ,None
338,Pie,Easy,0.0,0.0,0.0,0.0,1.0,0.0,0.0,0.0,0.0,1.0,0.0,0.0,,False,Qwen/Qwen2.5-VL-7B-Instruct-AWQ,None
338,Pie,Easy,0.0,0.0,0.0,0.0,1.0,0.0,0.0,0.0,0.0,1.0,0.0,0.0,,False,Qwen/Qwen2.5-VL-7B-Instruct-AWQ,None
338,Pie,Easy,0.0,0.0,0.0,0.0,1.0,0.0,0.0,0.0,0.0,1.0,0.0,0.0,,False,Qwen/Qwen2.5-VL-7B-Instruct-AWQ,None
340,Bar,Medium,1.0,0.0,0.0,0.0,0.0,0.0,0.0,0.0,1.0,0.0,0.0,0.0,,False,Qwen/Qwen2.5-VL-7B-Instruct-AWQ,None
340,Bar,Medium,1.0,0.0,0.0,0.0,0.0,0.0,0.0,0.0,1.0,0.0,0.0,0.0,,False,Qwen/Qwen2.5-VL-7B-Instruct-AWQ,None
340,Bar,Medium,1.0,0.0,0.0,0.0,0.0,0.0,0.0,0.0,1.0,0.0,0.0,0.0,,False,Qwen/Qwen2.5-VL-7B-Instruct-AWQ,None
342,Line,Medium,1.0,0.0,0.0,0.0,0.0,0.0,0.0,0.0,1.0,0.0,0.0,0.0,,False,Qwen/Qwen2.5-VL-7B-Instruct-AWQ,None
342,Line,Medium,1.0,0.0,0.0,0.0,0.0,0.0,0.0,0.0,1.0,0.0,0.0,0.0,,False,Qwen/Qwen2.5-VL-7B-Instruct-AWQ,None
342,Line,Medium,1.0,0.0,0.0,0.0,0.0,0.0,0.0,0.0,1.0,0.0,0.0,0.0,,False,Qwen/Qwen2.5-VL-7B-Instruct-AWQ,None
354,Scatter,Easy,0.0,0.0,0.0,0.0,0.0,0.0,0.0,0.0,0.0,0.0,1.0,0.0,0.0,False,Qwen/Qwen2.5-VL-7B-Instruct-AWQ,None
354,Scatter,Easy,0.0,0.0,0.0,0.0,0.0,0.0,0.0,0.0,0.0,0.0,1.0,0.0,0.0,False,Qwen/Qwen2.5-VL-7B-Instruct-AWQ,None
354,Scatter,Easy,0.0,0.0,0.0,0.0,0.0,0.0,0.0,0.0,0.0,0.0,1.0,0.0,0.0,False,Qwen/Qwen2.5-VL-7B-Instruct-AWQ,None
367,Bar,Medium,0.0,0.0,0.0,0.0,0.0,0.0,0.0,0.0,0.0,0.0,1.0,0.0,0.0,False,Qwen/Qwen2.5-VL-7B-Instruct-AWQ,None
367,Bar,Medium,0.0,0.0,0.0,0.0,0.0,0.0,0.0,0.0,0.0,0.0,1.0,0.0,0.0,False,Qwen/Qwen2.5-VL-7B-Instruct-AWQ,None
367,Bar,Medium,0.0,0.0,0.0,0.0,0.0,0.0,0.0,0.0,0.0,0.0,1.0,0.0,0.0,False,Qwen/Qwen2.5-VL-7B-Instruct-AWQ,None
368,Bar,Hard,1.0,0.0,0.0,0.0,0.0,0.0,0.0,0.0,1.0,0.0,0.0,0.0,,True,Qwen/Qwen2.5-VL-7B-Instruct-AWQ,None
368,Bar,Hard,1.0,0.0,0.0,0.0,0.0,0.0,0.0,0.0,1.0,0.0,0.0,0.0,,True,Qwen/Qwen2.5-VL-7B-Instruct-AWQ,None
368,Bar,Hard,1.0,0.0,0.0,0.0,0.0,0.0,0.0,0.0,1.0,0.0,0.0,0.0,,True,Qwen/Qwen2.5-VL-7B-Instruct-AWQ,None
370,Pie,Medium,0.0,0.0,0.0,0.0,1.0,0.0,0.0,0.0,0.0,1.0,0.0,0.0,,True,Qwen/Qwen2.5-VL-7B-Instruct-AWQ,None
370,Pie,Medium,0.0,0.0,0.0,0.0,1.0,0.0,0.0,0.0,0.0,1.0,0.0,0.0,,True,Qwen/Qwen2.5-VL-7B-Instruct-AWQ,None
370,Pie,Medium,0.0,0.0,0.0,0.0,1.0,0.0,0.0,0.0,0.0,1.0,0.0,0.0,,True,Qwen/Qwen2.5-VL-7B-Instruct-AWQ,None
376,Bar,Easy,0.2,0.0,0.0,0.0,0.0,0.0,0.0,0.0,0.2,0.0,0.8,0.0,0.0,False,Qwen/Qwen2.5-VL-7B-Instruct-AWQ,None
376,Bar,Easy,0.2,0.0,0.0,0.0,0.0,0.0,0.0,0.0,0.2,0.0,0.8,0.0,0.0,False,Qwen/Qwen2.5-VL-7B-Instruct-AWQ,None
376,Bar,Easy,0.2,0.0,0.0,0.0,0.0,0.0,0.0,0.0,0.2,0.0,0.8,0.0,0.0,False,Qwen/Qwen2.5-VL-7B-Instruct-AWQ,None
387,Grouping Scatter,Easy,0.25,0.0,0.25,0.25,0.5,0.0,0.0,0.0,0.25,0.75,0.0,0.0,,False,Qwen/Qwen2.5-VL-7B-Instruct-AWQ,None
387,Grouping Scatter,Easy,0.25,0.0,0.25,0.25,0.5,0.0,0.0,0.0,0.25,0.75,0.0,0.0,,False,Qwen/Qwen2.5-VL-7B-Instruct-AWQ,None
387,Grouping Scatter,Easy,0.25,0.0,0.25,0.25,0.5,0.0,0.0,0.0,0.25,0.75,0.0,0.0,,False,Qwen/Qwen2.5-VL-7B-Instruct-AWQ,None
399,Scatter,Easy,0.3333333333333333,0.0,0.0,0.0,0.3333333333333333,0.0,0.0,0.0,0.3333333333333333,0.3333333333333333,0.3333333333333333,0.0,0.0,False,Qwen/Qwen2.5-VL-7B-Instruct-AWQ,None
399,Scatter,Easy,0.3333333333333333,0.0,0.0,0.0,0.3333333333333333,0.0,0.0,0.0,0.3333333333333333,0.3333333333333333,0.3333333333333333,0.0,0.0,False,Qwen/Qwen2.5-VL-7B-Instruct-AWQ,None
399,Scatter,Easy,0.3333333333333333,0.0,0.0,0.0,0.3333333333333333,0.0,0.0,0.0,0.3333333333333333,0.3333333333333333,0.3333333333333333,0.0,0.0,False,Qwen/Qwen2.5-VL-7B-Instruct-AWQ,None
400,Scatter,Easy,0.0,0.0,0.0,0.0,0.5,0.0,0.0,0.0,0.0,0.5,0.5,0.0,0.0,False,Qwen/Qwen2.5-VL-7B-Instruct-AWQ,None
400,Scatter,Easy,0.0,0.0,0.0,0.0,0.5,0.0,0.0,0.0,0.0,0.5,0.5,0.0,0.0,False,Qwen/Qwen2.5-VL-7B-Instruct-AWQ,None
400,Scatter,Easy,0.0,0.0,0.0,0.0,0.5,0.0,0.0,0.0,0.0,0.5,0.5,0.0,0.0,False,Qwen/Qwen2.5-VL-7B-Instruct-AWQ,None
402,Pie,Medium,1.0,0.0,0.0,0.0,0.0,0.0,0.0,0.0,1.0,0.0,0.0,0.0,,False,Qwen/Qwen2.5-VL-7B-Instruct-AWQ,None
402,Pie,Medium,1.0,0.0,0.0,0.0,0.0,0.0,0.0,0.0,1.0,0.0,0.0,0.0,,False,Qwen/Qwen2.5-VL-7B-Instruct-AWQ,None
402,Pie,Medium,1.0,0.0,0.0,0.0,0.0,0.0,0.0,0.0,1.0,0.0,0.0,0.0,,False,Qwen/Qwen2.5-VL-7B-Instruct-AWQ,None
403,Bar,Medium,0.0,0.0,0.0,0.0,0.0,0.0,0.0,0.0,0.0,0.0,1.0,0.0,0.0,False,Qwen/Qwen2.5-VL-7B-Instruct-AWQ,None
403,Bar,Medium,0.0,0.0,0.0,0.0,0.0,0.0,0.0,0.0,0.0,0.0,1.0,0.0,0.0,False,Qwen/Qwen2.5-VL-7B-Instruct-AWQ,None
403,Bar,Medium,0.0,0.0,0.0,0.0,0.0,0.0,0.0,0.0,0.0,0.0,1.0,0.0,0.0,False,Qwen/Qwen2.5-VL-7B-Instruct-AWQ,None
405,Bar,Easy,0.0,0.0,0.0,0.0,0.0,0.0,0.0,0.0,0.0,0.0,1.0,0.0,0.0,False,Qwen/Qwen2.5-VL-7B-Instruct-AWQ,None
405,Bar,Easy,0.0,0.0,0.0,0.0,0.0,0.0,0.0,0.0,0.0,0.0,1.0,0.0,0.0,False,Qwen/Qwen2.5-VL-7B-Instruct-AWQ,None
405,Bar,Easy,0.0,0.0,0.0,0.0,0.0,0.0,0.0,0.0,0.0,0.0,1.0,0.0,0.0,False,Qwen/Qwen2.5-VL-7B-Instruct-AWQ,None
409,Grouping Scatter,Easy,1.0,0.0,0.0,0.0,0.0,0.0,0.0,0.0,1.0,0.0,0.0,0.0,,False,Qwen/Qwen2.5-VL-7B-Instruct-AWQ,None
409,Grouping Scatter,Easy,1.0,0.0,0.0,0.0,0.0,0.0,0.0,0.0,1.0,0.0,0.0,0.0,,False,Qwen/Qwen2.5-VL-7B-Instruct-AWQ,None
409,Grouping Scatter,Easy,1.0,0.0,0.0,0.0,0.0,0.0,0.0,0.0,1.0,0.0,0.0,0.0,,False,Qwen/Qwen2.5-VL-7B-Instruct-AWQ,None
416,Line,Medium,0.0,0.0,0.0,0.0,0.0,0.0,0.0,0.0,0.0,0.0,1.0,0.0,0.0,False,Qwen/Qwen2.5-VL-7B-Instruct-AWQ,None
416,Line,Medium,0.0,0.0,0.0,0.0,0.0,0.0,0.0,0.0,0.0,0.0,1.0,0.0,0.0,False,Qwen/Qwen2.5-VL-7B-Instruct-AWQ,None
416,Line,Medium,0.0,0.0,0.0,0.0,0.0,0.0,0.0,0.0,0.0,0.0,1.0,0.0,0.0,False,Qwen/Qwen2.5-VL-7B-Instruct-AWQ,None
419,Pie,Medium,0.5,0.0,0.0,0.5,0.5,0.0,0.0,0.0,0.5,0.5,0.0,0.0,,True,Qwen/Qwen2.5-VL-7B-Instruct-AWQ,None
419,Pie,Medium,0.5,0.0,0.0,0.5,0.5,0.0,0.0,0.0,0.5,0.5,0.0,0.0,,True,Qwen/Qwen2.5-VL-7B-Instruct-AWQ,None
419,Pie,Medium,0.5,0.0,0.0,0.5,0.5,0.0,0.0,0.0,0.5,0.5,0.0,0.0,,True,Qwen/Qwen2.5-VL-7B-Instruct-AWQ,None
432,Scatter,Easy,0.0,0.0,0.0,0.0,0.3333333333333333,0.0,0.0,0.0,0.0,0.3333333333333333,0.6666666666666666,0.0,0.0,False,Qwen/Qwen2.5-VL-7B-Instruct-AWQ,None
432,Scatter,Easy,0.0,0.0,0.0,0.0,0.3333333333333333,0.0,0.0,0.0,0.0,0.3333333333333333,0.6666666666666666,0.0,0.0,False,Qwen/Qwen2.5-VL-7B-Instruct-AWQ,None
432,Scatter,Easy,0.0,0.0,0.0,0.0,0.3333333333333333,0.0,0.0,0.0,0.0,0.3333333333333333,0.6666666666666666,0.0,0.0,False,Qwen/Qwen2.5-VL-7B-Instruct-AWQ,None
433,Pie,Medium,0.6666666666666666,0.0,0.0,0.0,0.3333333333333333,0.0,0.0,0.0,0.6666666666666666,0.3333333333333333,0.0,0.0,,True,Qwen/Qwen2.5-VL-7B-Instruct-AWQ,None
433,Pie,Medium,0.6666666666666666,0.0,0.0,0.0,0.3333333333333333,0.0,0.0,0.0,0.6666666666666666,0.3333333333333333,0.0,0.0,,True,Qwen/Qwen2.5-VL-7B-Instruct-AWQ,None
433,Pie,Medium,0.6666666666666666,0.0,0.0,0.0,0.3333333333333333,0.0,0.0,0.0,0.6666666666666666,0.3333333333333333,0.0,0.0,,True,Qwen/Qwen2.5-VL-7B-Instruct-AWQ,None
440,Bar,Hard,1.0,0.0,0.0,0.0,0.0,0.0,0.0,0.0,1.0,0.0,0.0,0.0,,True,Qwen/Qwen2.5-VL-7B-Instruct-AWQ,None
440,Bar,Hard,1.0,0.0,0.0,0.0,0.0,0.0,0.0,0.0,1.0,0.0,0.0,0.0,,True,Qwen/Qwen2.5-VL-7B-Instruct-AWQ,None
440,Bar,Hard,1.0,0.0,0.0,0.0,0.0,0.0,0.0,0.0,1.0,0.0,0.0,0.0,,True,Qwen/Qwen2.5-VL-7B-Instruct-AWQ,None
441,Bar,Hard,1.0,0.0,0.0,0.0,0.0,0.0,0.0,0.0,1.0,0.0,0.0,0.0,,True,Qwen/Qwen2.5-VL-7B-Instruct-AWQ,None
441,Bar,Hard,1.0,0.0,0.0,0.0,0.0,0.0,0.0,0.0,1.0,0.0,0.0,0.0,,True,Qwen/Qwen2.5-VL-7B-Instruct-AWQ,None
441,Bar,Hard,1.0,0.0,0.0,0.0,0.0,0.0,0.0,0.0,1.0,0.0,0.0,0.0,,True,Qwen/Qwen2.5-VL-7B-Instruct-AWQ,None
446,Pie,Easy,0.0,0.0,0.0,0.0,1.0,0.0,0.0,0.0,0.0,1.0,0.0,0.0,,True,Qwen/Qwen2.5-VL-7B-Instruct-AWQ,None
446,Pie,Easy,0.0,0.0,0.0,0.0,1.0,0.0,0.0,0.0,0.0,1.0,0.0,0.0,,True,Qwen/Qwen2.5-VL-7B-Instruct-AWQ,None
446,Pie,Easy,0.0,0.0,0.0,0.0,1.0,0.0,0.0,0.0,0.0,1.0,0.0,0.0,,True,Qwen/Qwen2.5-VL-7B-Instruct-AWQ,None
451,Bar,Medium,0.0,0.0,0.0,0.0,1.0,0.0,0.0,0.0,0.0,1.0,0.0,0.0,,True,Qwen/Qwen2.5-VL-7B-Instruct-AWQ,None
451,Bar,Medium,0.0,0.0,0.0,0.0,1.0,0.0,0.0,0.0,0.0,1.0,0.0,0.0,,True,Qwen/Qwen2.5-VL-7B-Instruct-AWQ,None
451,Bar,Medium,0.0,0.0,0.0,0.0,1.0,0.0,0.0,0.0,0.0,1.0,0.0,0.0,,True,Qwen/Qwen2.5-VL-7B-Instruct-AWQ,None
457,Pie,Medium,0.0,0.0,0.0,0.0,1.0,0.0,0.0,0.0,0.0,1.0,0.0,0.0,,True,Qwen/Qwen2.5-VL-7B-Instruct-AWQ,None
457,Pie,Medium,0.0,0.0,0.0,0.0,1.0,0.0,0.0,0.0,0.0,1.0,0.0,0.0,,True,Qwen/Qwen2.5-VL-7B-Instruct-AWQ,None
457,Pie,Medium,0.0,0.0,0.0,0.0,1.0,0.0,0.0,0.0,0.0,1.0,0.0,0.0,,True,Qwen/Qwen2.5-VL-7B-Instruct-AWQ,None
461,Pie,Medium,1.0,0.0,0.0,0.0,0.0,0.0,0.0,0.0,1.0,0.0,0.0,0.0,,True,Qwen/Qwen2.5-VL-7B-Instruct-AWQ,None
461,Pie,Medium,1.0,0.0,0.0,0.0,0.0,0.0,0.0,0.0,1.0,0.0,0.0,0.0,,True,Qwen/Qwen2.5-VL-7B-Instruct-AWQ,None
461,Pie,Medium,1.0,0.0,0.0,0.0,0.0,0.0,0.0,0.0,1.0,0.0,0.0,0.0,,True,Qwen/Qwen2.5-VL-7B-Instruct-AWQ,None
462,Pie,Medium,0.0,0.0,0.0,0.0,1.0,0.0,0.0,0.0,0.0,1.0,0.0,0.0,,True,Qwen/Qwen2.5-VL-7B-Instruct-AWQ,None
462,Pie,Medium,0.0,0.0,0.0,0.0,1.0,0.0,0.0,0.0,0.0,1.0,0.0,0.0,,True,Qwen/Qwen2.5-VL-7B-Instruct-AWQ,None
462,Pie,Medium,0.0,0.0,0.0,0.0,1.0,0.0,0.0,0.0,0.0,1.0,0.0,0.0,,True,Qwen/Qwen2.5-VL-7B-Instruct-AWQ,None
463,Bar,Medium,0.0,0.0,0.0,0.0,0.0,0.0,0.0,0.0,0.0,0.0,1.0,0.0,0.0,True,Qwen/Qwen2.5-VL-7B-Instruct-AWQ,None
463,Bar,Medium,0.0,0.0,0.0,0.0,0.0,0.0,0.0,0.0,0.0,0.0,1.0,0.0,0.0,True,Qwen/Qwen2.5-VL-7B-Instruct-AWQ,None
463,Bar,Medium,0.0,0.0,0.0,0.0,0.0,0.0,0.0,0.0,0.0,0.0,1.0,0.0,0.0,True,Qwen/Qwen2.5-VL-7B-Instruct-AWQ,None
464,Bar,Easy,0.0,0.0,0.0,0.0,0.0,0.0,0.0,0.0,0.0,0.0,1.0,0.0,0.0,False,Qwen/Qwen2.5-VL-7B-Instruct-AWQ,None
464,Bar,Easy,0.0,0.0,0.0,0.0,0.0,0.0,0.0,0.0,0.0,0.0,1.0,0.0,0.0,False,Qwen/Qwen2.5-VL-7B-Instruct-AWQ,None
464,Bar,Easy,0.0,0.0,0.0,0.0,0.0,0.0,0.0,0.0,0.0,0.0,1.0,0.0,0.0,False,Qwen/Qwen2.5-VL-7B-Instruct-AWQ,None
470,Line,Easy,0.0,0.0,0.0,0.0,0.0,0.0,0.0,0.0,0.0,0.0,1.0,0.0,0.0,False,Qwen/Qwen2.5-VL-7B-Instruct-AWQ,None
470,Line,Easy,0.0,0.0,0.0,0.0,0.0,0.0,0.0,0.0,0.0,0.0,1.0,0.0,0.0,False,Qwen/Qwen2.5-VL-7B-Instruct-AWQ,None
470,Line,Easy,0.0,0.0,0.0,0.0,0.0,0.0,0.0,0.0,0.0,0.0,1.0,0.0,0.0,False,Qwen/Qwen2.5-VL-7B-Instruct-AWQ,None
471,Line,Easy,0.0,0.0,0.0,0.0,0.0,0.0,0.0,0.0,0.0,0.0,1.0,0.0,0.0,False,Qwen/Qwen2.5-VL-7B-Instruct-AWQ,None
471,Line,Easy,0.0,0.0,0.0,0.0,0.0,0.0,0.0,0.0,0.0,0.0,1.0,0.0,0.0,False,Qwen/Qwen2.5-VL-7B-Instruct-AWQ,None
471,Line,Easy,0.0,0.0,0.0,0.0,0.0,0.0,0.0,0.0,0.0,0.0,1.0,0.0,0.0,False,Qwen/Qwen2.5-VL-7B-Instruct-AWQ,None
478,Pie,Medium,0.5,0.0,0.0,0.0,0.5,0.0,0.0,0.0,0.5,0.5,0.0,0.0,,True,Qwen/Qwen2.5-VL-7B-Instruct-AWQ,None
478,Pie,Medium,0.5,0.0,0.0,0.0,0.5,0.0,0.0,0.0,0.5,0.5,0.0,0.0,,True,Qwen/Qwen2.5-VL-7B-Instruct-AWQ,None
478,Pie,Medium,0.5,0.0,0.0,0.0,0.5,0.0,0.0,0.0,0.5,0.5,0.0,0.0,,True,Qwen/Qwen2.5-VL-7B-Instruct-AWQ,None
479,Bar,Medium,1.0,0.0,0.0,0.0,0.0,0.0,0.0,0.0,1.0,0.0,0.0,0.0,,True,Qwen/Qwen2.5-VL-7B-Instruct-AWQ,None
479,Bar,Medium,1.0,0.0,0.0,0.0,0.0,0.0,0.0,0.0,1.0,0.0,0.0,0.0,,True,Qwen/Qwen2.5-VL-7B-Instruct-AWQ,None
479,Bar,Medium,1.0,0.0,0.0,0.0,0.0,0.0,0.0,0.0,1.0,0.0,0.0,0.0,,True,Qwen/Qwen2.5-VL-7B-Instruct-AWQ,None
481,Bar,Medium,0.6666666666666666,0.0,0.0,0.0,0.0,0.0,0.0,0.0,0.6666666666666666,0.0,0.3333333333333333,0.0,0.0,False,Qwen/Qwen2.5-VL-7B-Instruct-AWQ,None
481,Bar,Medium,0.6666666666666666,0.0,0.0,0.0,0.0,0.0,0.0,0.0,0.6666666666666666,0.0,0.3333333333333333,0.0,0.0,False,Qwen/Qwen2.5-VL-7B-Instruct-AWQ,None
481,Bar,Medium,0.6666666666666666,0.0,0.0,0.0,0.0,0.0,0.0,0.0,0.6666666666666666,0.0,0.3333333333333333,0.0,0.0,False,Qwen/Qwen2.5-VL-7B-Instruct-AWQ,None
487,Pie,Medium,0.5,0.0,0.0,0.0,0.5,0.0,0.0,0.0,0.5,0.5,0.0,0.0,,True,Qwen/Qwen2.5-VL-7B-Instruct-AWQ,None
487,Pie,Medium,0.5,0.0,0.0,0.0,0.5,0.0,0.0,0.0,0.5,0.5,0.0,0.0,,True,Qwen/Qwen2.5-VL-7B-Instruct-AWQ,None
487,Pie,Medium,0.5,0.0,0.0,0.0,0.5,0.0,0.0,0.0,0.5,0.5,0.0,0.0,,True,Qwen/Qwen2.5-VL-7B-Instruct-AWQ,None
488,Bar,Medium,0.0,0.0,0.0,0.0,1.0,0.0,0.0,0.0,0.0,1.0,0.0,0.0,,True,Qwen/Qwen2.5-VL-7B-Instruct-AWQ,None
488,Bar,Medium,0.0,0.0,0.0,0.0,1.0,0.0,0.0,0.0,0.0,1.0,0.0,0.0,,True,Qwen/Qwen2.5-VL-7B-Instruct-AWQ,None
488,Bar,Medium,0.0,0.0,0.0,0.0,1.0,0.0,0.0,0.0,0.0,1.0,0.0,0.0,,True,Qwen/Qwen2.5-VL-7B-Instruct-AWQ,None
491,Pie,Easy,0.0,0.0,0.0,0.0,1.0,0.0,0.0,0.0,0.0,1.0,0.0,0.0,,False,Qwen/Qwen2.5-VL-7B-Instruct-AWQ,None
491,Pie,Easy,0.0,0.0,0.0,0.0,1.0,0.0,0.0,0.0,0.0,1.0,0.0,0.0,,False,Qwen/Qwen2.5-VL-7B-Instruct-AWQ,None
491,Pie,Easy,0.0,0.0,0.0,0.0,1.0,0.0,0.0,0.0,0.0,1.0,0.0,0.0,,False,Qwen/Qwen2.5-VL-7B-Instruct-AWQ,None
492,Bar,Easy,0.0,0.0,0.0,1.0,1.0,0.0,0.0,0.0,0.0,1.0,0.0,0.0,,False,Qwen/Qwen2.5-VL-7B-Instruct-AWQ,None
492,Bar,Easy,0.0,0.0,0.0,1.0,1.0,0.0,0.0,0.0,0.0,1.0,0.0,0.0,,False,Qwen/Qwen2.5-VL-7B-Instruct-AWQ,None
492,Bar,Easy,0.0,0.0,0.0,1.0,1.0,0.0,0.0,0.0,0.0,1.0,0.0,0.0,,False,Qwen/Qwen2.5-VL-7B-Instruct-AWQ,None
494,Pie,Easy,0.0,0.0,0.0,0.0,1.0,0.0,0.0,0.0,0.0,1.0,0.0,0.0,,False,Qwen/Qwen2.5-VL-7B-Instruct-AWQ,None
494,Pie,Easy,0.0,0.0,0.0,0.0,1.0,0.0,0.0,0.0,0.0,1.0,0.0,0.0,,False,Qwen/Qwen2.5-VL-7B-Instruct-AWQ,None
494,Pie,Easy,0.0,0.0,0.0,0.0,1.0,0.0,0.0,0.0,0.0,1.0,0.0,0.0,,False,Qwen/Qwen2.5-VL-7B-Instruct-AWQ,None
505,Bar,Medium,0.0,0.0,0.0,0.0,0.0,0.0,0.0,0.0,0.0,0.0,1.0,0.0,0.0,False,Qwen/Qwen2.5-VL-7B-Instruct-AWQ,None
505,Bar,Medium,0.0,0.0,0.0,0.0,0.0,0.0,0.0,0.0,0.0,0.0,1.0,0.0,0.0,False,Qwen/Qwen2.5-VL-7B-Instruct-AWQ,None
505,Bar,Medium,0.0,0.0,0.0,0.0,0.0,0.0,0.0,0.0,0.0,0.0,1.0,0.0,0.0,False,Qwen/Qwen2.5-VL-7B-Instruct-AWQ,None
513,Bar,Medium,0.6666666666666666,0.0,0.0,0.0,0.3333333333333333,0.0,0.0,0.0,0.6666666666666666,0.3333333333333333,0.0,0.0,,True,Qwen/Qwen2.5-VL-7B-Instruct-AWQ,None
513,Bar,Medium,0.6666666666666666,0.0,0.0,0.0,0.3333333333333333,0.0,0.0,0.0,0.6666666666666666,0.3333333333333333,0.0,0.0,,True,Qwen/Qwen2.5-VL-7B-Instruct-AWQ,None
513,Bar,Medium,0.6666666666666666,0.0,0.0,0.0,0.3333333333333333,0.0,0.0,0.0,0.6666666666666666,0.3333333333333333,0.0,0.0,,True,Qwen/Qwen2.5-VL-7B-Instruct-AWQ,None
516,Bar,Hard,1.0,0.0,0.0,0.0,0.0,0.0,0.0,0.0,1.0,0.0,0.0,0.0,,False,Qwen/Qwen2.5-VL-7B-Instruct-AWQ,None
516,Bar,Hard,1.0,0.0,0.0,0.0,0.0,0.0,0.0,0.0,1.0,0.0,0.0,0.0,,False,Qwen/Qwen2.5-VL-7B-Instruct-AWQ,None
516,Bar,Hard,1.0,0.0,0.0,0.0,0.0,0.0,0.0,0.0,1.0,0.0,0.0,0.0,,False,Qwen/Qwen2.5-VL-7B-Instruct-AWQ,None
517,Pie,Medium,1.0,0.0,0.0,0.0,0.0,0.0,0.0,0.0,1.0,0.0,0.0,0.0,,False,Qwen/Qwen2.5-VL-7B-Instruct-AWQ,None
517,Pie,Medium,1.0,0.0,0.0,0.0,0.0,0.0,0.0,0.0,1.0,0.0,0.0,0.0,,False,Qwen/Qwen2.5-VL-7B-Instruct-AWQ,None
517,Pie,Medium,1.0,0.0,0.0,0.0,0.0,0.0,0.0,0.0,1.0,0.0,0.0,0.0,,False,Qwen/Qwen2.5-VL-7B-Instruct-AWQ,None
526,Bar,Extra Hard,1.0,0.0,0.0,0.0,0.0,0.0,0.0,0.0,1.0,0.0,0.0,0.0,,True,Qwen/Qwen2.5-VL-7B-Instruct-AWQ,None
526,Bar,Extra Hard,1.0,0.0,0.0,0.0,0.0,0.0,0.0,0.0,1.0,0.0,0.0,0.0,,True,Qwen/Qwen2.5-VL-7B-Instruct-AWQ,None
526,Bar,Extra Hard,1.0,0.0,0.0,0.0,0.0,0.0,0.0,0.0,1.0,0.0,0.0,0.0,,True,Qwen/Qwen2.5-VL-7B-Instruct-AWQ,None
527,Pie,Extra Hard,0.5,0.0,0.0,0.0,0.5,0.0,0.0,0.0,0.5,0.5,0.0,0.0,,True,Qwen/Qwen2.5-VL-7B-Instruct-AWQ,None
527,Pie,Extra Hard,0.5,0.0,0.0,0.0,0.5,0.0,0.0,0.0,0.5,0.5,0.0,0.0,,True,Qwen/Qwen2.5-VL-7B-Instruct-AWQ,None
527,Pie,Extra Hard,0.5,0.0,0.0,0.0,0.5,0.0,0.0,0.0,0.5,0.5,0.0,0.0,,True,Qwen/Qwen2.5-VL-7B-Instruct-AWQ,None
536,Scatter,Easy,0.0,0.0,0.5,0.0,0.0,0.0,0.0,0.0,0.0,0.5,0.5,0.0,0.0,False,Qwen/Qwen2.5-VL-7B-Instruct-AWQ,None
536,Scatter,Easy,0.0,0.0,0.5,0.0,0.0,0.0,0.0,0.0,0.0,0.5,0.5,0.0,0.0,False,Qwen/Qwen2.5-VL-7B-Instruct-AWQ,None
536,Scatter,Easy,0.0,0.0,0.5,0.0,0.0,0.0,0.0,0.0,0.0,0.5,0.5,0.0,0.0,False,Qwen/Qwen2.5-VL-7B-Instruct-AWQ,None
539,Grouping Scatter,Easy,0.0,0.0,0.3333333333333333,0.0,0.3333333333333333,0.0,0.0,0.0,0.0,0.6666666666666666,0.3333333333333333,0.0,0.0,False,Qwen/Qwen2.5-VL-7B-Instruct-AWQ,None
539,Grouping Scatter,Easy,0.0,0.0,0.3333333333333333,0.0,0.3333333333333333,0.0,0.0,0.0,0.0,0.6666666666666666,0.3333333333333333,0.0,0.0,False,Qwen/Qwen2.5-VL-7B-Instruct-AWQ,None
539,Grouping Scatter,Easy,0.0,0.0,0.3333333333333333,0.0,0.3333333333333333,0.0,0.0,0.0,0.0,0.6666666666666666,0.3333333333333333,0.0,0.0,False,Qwen/Qwen2.5-VL-7B-Instruct-AWQ,None
540,Grouping Scatter,Easy,0.0,0.0,0.6666666666666666,0.3333333333333333,0.3333333333333333,0.0,0.0,0.0,0.0,1.0,0.0,0.0,,False,Qwen/Qwen2.5-VL-7B-Instruct-AWQ,None
540,Grouping Scatter,Easy,0.0,0.0,0.6666666666666666,0.3333333333333333,0.3333333333333333,0.0,0.0,0.0,0.0,1.0,0.0,0.0,,False,Qwen/Qwen2.5-VL-7B-Instruct-AWQ,None
540,Grouping Scatter,Easy,0.0,0.0,0.6666666666666666,0.3333333333333333,0.3333333333333333,0.0,0.0,0.0,0.0,1.0,0.0,0.0,,False,Qwen/Qwen2.5-VL-7B-Instruct-AWQ,None
541,Grouping Scatter,Easy,0.3333333333333333,0.0,0.3333333333333333,0.0,0.0,0.0,0.0,0.0,0.3333333333333333,0.3333333333333333,0.3333333333333333,0.0,0.0,False,Qwen/Qwen2.5-VL-7B-Instruct-AWQ,None
541,Grouping Scatter,Easy,0.3333333333333333,0.0,0.3333333333333333,0.0,0.0,0.0,0.0,0.0,0.3333333333333333,0.3333333333333333,0.3333333333333333,0.0,0.0,False,Qwen/Qwen2.5-VL-7B-Instruct-AWQ,None
541,Grouping Scatter,Easy,0.3333333333333333,0.0,0.3333333333333333,0.0,0.0,0.0,0.0,0.0,0.3333333333333333,0.3333333333333333,0.3333333333333333,0.0,0.0,False,Qwen/Qwen2.5-VL-7B-Instruct-AWQ,None
542,Pie,Medium,0.3333333333333333,0.0,0.0,0.0,0.3333333333333333,0.0,0.0,0.0,0.3333333333333333,0.3333333333333333,0.3333333333333333,0.0,0.0,False,Qwen/Qwen2.5-VL-7B-Instruct-AWQ,None
542,Pie,Medium,0.3333333333333333,0.0,0.0,0.0,0.3333333333333333,0.0,0.0,0.0,0.3333333333333333,0.3333333333333333,0.3333333333333333,0.0,0.0,False,Qwen/Qwen2.5-VL-7B-Instruct-AWQ,None
542,Pie,Medium,0.3333333333333333,0.0,0.0,0.0,0.3333333333333333,0.0,0.0,0.0,0.3333333333333333,0.3333333333333333,0.3333333333333333,0.0,0.0,False,Qwen/Qwen2.5-VL-7B-Instruct-AWQ,None
551,Bar,Extra Hard,1.0,0.0,0.0,0.0,0.0,0.0,0.0,0.0,1.0,0.0,0.0,0.0,,True,Qwen/Qwen2.5-VL-7B-Instruct-AWQ,None
551,Bar,Extra Hard,1.0,0.0,0.0,0.0,0.0,0.0,0.0,0.0,1.0,0.0,0.0,0.0,,True,Qwen/Qwen2.5-VL-7B-Instruct-AWQ,None
551,Bar,Extra Hard,1.0,0.0,0.0,0.0,0.0,0.0,0.0,0.0,1.0,0.0,0.0,0.0,,True,Qwen/Qwen2.5-VL-7B-Instruct-AWQ,None
561,Bar,Medium,1.0,0.0,0.0,0.0,0.0,0.0,0.0,0.0,1.0,0.0,0.0,0.0,,True,Qwen/Qwen2.5-VL-7B-Instruct-AWQ,None
561,Bar,Medium,1.0,0.0,0.0,0.0,0.0,0.0,0.0,0.0,1.0,0.0,0.0,0.0,,True,Qwen/Qwen2.5-VL-7B-Instruct-AWQ,None
561,Bar,Medium,1.0,0.0,0.0,0.0,0.0,0.0,0.0,0.0,1.0,0.0,0.0,0.0,,True,Qwen/Qwen2.5-VL-7B-Instruct-AWQ,None
567,Bar,Medium,0.5,0.0,0.0,0.0,0.0,0.0,0.0,0.0,0.5,0.0,0.5,0.0,0.0,False,Qwen/Qwen2.5-VL-7B-Instruct-AWQ,None
567,Bar,Medium,0.5,0.0,0.0,0.0,0.0,0.0,0.0,0.0,0.5,0.0,0.5,0.0,0.0,False,Qwen/Qwen2.5-VL-7B-Instruct-AWQ,None
567,Bar,Medium,0.5,0.0,0.0,0.0,0.0,0.0,0.0,0.0,0.5,0.0,0.5,0.0,0.0,False,Qwen/Qwen2.5-VL-7B-Instruct-AWQ,None
574,Bar,Medium,0.8,0.0,0.0,0.0,0.2,0.0,0.0,0.0,0.8,0.2,0.0,0.0,,True,Qwen/Qwen2.5-VL-7B-Instruct-AWQ,None
574,Bar,Medium,0.8,0.0,0.0,0.0,0.2,0.0,0.0,0.0,0.8,0.2,0.0,0.0,,True,Qwen/Qwen2.5-VL-7B-Instruct-AWQ,None
574,Bar,Medium,0.8,0.0,0.0,0.0,0.2,0.0,0.0,0.0,0.8,0.2,0.0,0.0,,True,Qwen/Qwen2.5-VL-7B-Instruct-AWQ,None
577,Pie,Extra Hard,0.5,0.0,0.0,0.0,0.0,0.0,0.0,0.0,0.5,0.0,0.5,0.0,0.0,True,Qwen/Qwen2.5-VL-7B-Instruct-AWQ,None
577,Pie,Extra Hard,0.5,0.0,0.0,0.0,0.0,0.0,0.0,0.0,0.5,0.0,0.5,0.0,0.0,True,Qwen/Qwen2.5-VL-7B-Instruct-AWQ,None
577,Pie,Extra Hard,0.5,0.0,0.0,0.0,0.0,0.0,0.0,0.0,0.5,0.0,0.5,0.0,0.0,True,Qwen/Qwen2.5-VL-7B-Instruct-AWQ,None
582,Stacked Bar,Hard,1.0,0.0,0.0,0.0,0.0,0.0,0.0,0.0,1.0,0.0,0.0,0.0,,True,Qwen/Qwen2.5-VL-7B-Instruct-AWQ,None
582,Stacked Bar,Hard,1.0,0.0,0.0,0.0,0.0,0.0,0.0,0.0,1.0,0.0,0.0,0.0,,True,Qwen/Qwen2.5-VL-7B-Instruct-AWQ,None
582,Stacked Bar,Hard,1.0,0.0,0.0,0.0,0.0,0.0,0.0,0.0,1.0,0.0,0.0,0.0,,True,Qwen/Qwen2.5-VL-7B-Instruct-AWQ,None
591,Grouping Line,Extra Hard,0.5,0.0,0.0,0.0,0.5,0.0,0.0,0.0,0.5,0.5,0.0,0.0,,True,Qwen/Qwen2.5-VL-7B-Instruct-AWQ,None
591,Grouping Line,Extra Hard,0.5,0.0,0.0,0.0,0.5,0.0,0.0,0.0,0.5,0.5,0.0,0.0,,True,Qwen/Qwen2.5-VL-7B-Instruct-AWQ,None
591,Grouping Line,Extra Hard,0.5,0.0,0.0,0.0,0.5,0.0,0.0,0.0,0.5,0.5,0.0,0.0,,True,Qwen/Qwen2.5-VL-7B-Instruct-AWQ,None
593,Bar,Extra Hard,0.0,0.0,0.0,0.0,1.0,0.0,0.0,0.0,0.0,1.0,0.0,0.0,,True,Qwen/Qwen2.5-VL-7B-Instruct-AWQ,None
593,Bar,Extra Hard,0.0,0.0,0.0,0.0,1.0,0.0,0.0,0.0,0.0,1.0,0.0,0.0,,True,Qwen/Qwen2.5-VL-7B-Instruct-AWQ,None
593,Bar,Extra Hard,0.0,0.0,0.0,0.0,1.0,0.0,0.0,0.0,0.0,1.0,0.0,0.0,,True,Qwen/Qwen2.5-VL-7B-Instruct-AWQ,None
610,Pie,Hard,1.0,0.0,0.0,0.0,0.0,0.0,0.0,0.0,1.0,0.0,0.0,0.0,,True,Qwen/Qwen2.5-VL-7B-Instruct-AWQ,None
610,Pie,Hard,1.0,0.0,0.0,0.0,0.0,0.0,0.0,0.0,1.0,0.0,0.0,0.0,,True,Qwen/Qwen2.5-VL-7B-Instruct-AWQ,None
610,Pie,Hard,1.0,0.0,0.0,0.0,0.0,0.0,0.0,0.0,1.0,0.0,0.0,0.0,,True,Qwen/Qwen2.5-VL-7B-Instruct-AWQ,None
611,Line,Hard,0.5,0.0,0.0,0.0,0.0,0.0,0.0,0.0,0.5,0.0,0.5,0.0,0.0,True,Qwen/Qwen2.5-VL-7B-Instruct-AWQ,None
611,Line,Hard,0.5,0.0,0.0,0.0,0.0,0.0,0.0,0.0,0.5,0.0,0.5,0.0,0.0,True,Qwen/Qwen2.5-VL-7B-Instruct-AWQ,None
611,Line,Hard,0.5,0.0,0.0,0.0,0.0,0.0,0.0,0.0,0.5,0.0,0.5,0.0,0.0,True,Qwen/Qwen2.5-VL-7B-Instruct-AWQ,None
612,Line,Hard,0.5,0.0,0.0,0.0,0.0,0.0,0.0,0.0,0.5,0.0,0.5,0.0,0.0,True,Qwen/Qwen2.5-VL-7B-Instruct-AWQ,None
612,Line,Hard,0.5,0.0,0.0,0.0,0.0,0.0,0.0,0.0,0.5,0.0,0.5,0.0,0.0,True,Qwen/Qwen2.5-VL-7B-Instruct-AWQ,None
612,Line,Hard,0.5,0.0,0.0,0.0,0.0,0.0,0.0,0.0,0.5,0.0,0.5,0.0,0.0,True,Qwen/Qwen2.5-VL-7B-Instruct-AWQ,None
616,Bar,Medium,0.0,0.0,0.0,0.0,0.0,0.0,0.0,0.0,0.0,0.0,1.0,0.0,0.0,False,Qwen/Qwen2.5-VL-7B-Instruct-AWQ,None
616,Bar,Medium,0.0,0.0,0.0,0.0,0.0,0.0,0.0,0.0,0.0,0.0,1.0,0.0,0.0,False,Qwen/Qwen2.5-VL-7B-Instruct-AWQ,None
616,Bar,Medium,0.0,0.0,0.0,0.0,0.0,0.0,0.0,0.0,0.0,0.0,1.0,0.0,0.0,False,Qwen/Qwen2.5-VL-7B-Instruct-AWQ,None
617,Bar,Medium,0.0,0.0,0.0,0.0,0.0,0.0,0.0,0.0,0.0,0.0,1.0,0.0,0.0,False,Qwen/Qwen2.5-VL-7B-Instruct-AWQ,None
617,Bar,Medium,0.0,0.0,0.0,0.0,0.0,0.0,0.0,0.0,0.0,0.0,1.0,0.0,0.0,False,Qwen/Qwen2.5-VL-7B-Instruct-AWQ,None
617,Bar,Medium,0.0,0.0,0.0,0.0,0.0,0.0,0.0,0.0,0.0,0.0,1.0,0.0,0.0,False,Qwen/Qwen2.5-VL-7B-Instruct-AWQ,None
622,Scatter,Easy,0.0,0.0,0.0,0.0,0.0,0.0,0.0,0.0,0.0,0.0,1.0,0.0,0.0,False,Qwen/Qwen2.5-VL-7B-Instruct-AWQ,None
622,Scatter,Easy,0.0,0.0,0.0,0.0,0.0,0.0,0.0,0.0,0.0,0.0,1.0,0.0,0.0,False,Qwen/Qwen2.5-VL-7B-Instruct-AWQ,None
622,Scatter,Easy,0.0,0.0,0.0,0.0,0.0,0.0,0.0,0.0,0.0,0.0,1.0,0.0,0.0,False,Qwen/Qwen2.5-VL-7B-Instruct-AWQ,None
628,Scatter,Extra Hard,0.0,0.0,0.0,0.0,1.0,0.0,0.0,0.0,0.0,1.0,0.0,0.0,,True,Qwen/Qwen2.5-VL-7B-Instruct-AWQ,None
628,Scatter,Extra Hard,0.0,0.0,0.0,0.0,1.0,0.0,0.0,0.0,0.0,1.0,0.0,0.0,,True,Qwen/Qwen2.5-VL-7B-Instruct-AWQ,None
628,Scatter,Extra Hard,0.0,0.0,0.0,0.0,1.0,0.0,0.0,0.0,0.0,1.0,0.0,0.0,,True,Qwen/Qwen2.5-VL-7B-Instruct-AWQ,None
659,Bar,Hard,0.5,0.0,0.0,0.0,0.0,0.0,0.0,0.0,0.5,0.0,0.5,0.0,0.0,False,Qwen/Qwen2.5-VL-7B-Instruct-AWQ,None
659,Bar,Hard,0.5,0.0,0.0,0.0,0.0,0.0,0.0,0.0,0.5,0.0,0.5,0.0,0.0,False,Qwen/Qwen2.5-VL-7B-Instruct-AWQ,None
659,Bar,Hard,0.5,0.0,0.0,0.0,0.0,0.0,0.0,0.0,0.5,0.0,0.5,0.0,0.0,False,Qwen/Qwen2.5-VL-7B-Instruct-AWQ,None
664,Bar,Medium,0.3333333333333333,0.0,0.0,0.0,0.0,0.0,0.0,0.0,0.3333333333333333,0.0,0.6666666666666666,0.0,0.0,False,Qwen/Qwen2.5-VL-7B-Instruct-AWQ,None
664,Bar,Medium,0.3333333333333333,0.0,0.0,0.0,0.0,0.0,0.0,0.0,0.3333333333333333,0.0,0.6666666666666666,0.0,0.0,False,Qwen/Qwen2.5-VL-7B-Instruct-AWQ,None
664,Bar,Medium,0.3333333333333333,0.0,0.0,0.0,0.0,0.0,0.0,0.0,0.3333333333333333,0.0,0.6666666666666666,0.0,0.0,False,Qwen/Qwen2.5-VL-7B-Instruct-AWQ,None
665,Bar,Medium,0.5,0.0,0.0,0.0,0.5,0.0,0.0,0.0,0.5,0.5,0.0,0.0,,False,Qwen/Qwen2.5-VL-7B-Instruct-AWQ,None
665,Bar,Medium,0.5,0.0,0.0,0.0,0.5,0.0,0.0,0.0,0.5,0.5,0.0,0.0,,False,Qwen/Qwen2.5-VL-7B-Instruct-AWQ,None
665,Bar,Medium,0.5,0.0,0.0,0.0,0.5,0.0,0.0,0.0,0.5,0.5,0.0,0.0,,False,Qwen/Qwen2.5-VL-7B-Instruct-AWQ,None
674,Scatter,Easy,0.0,0.0,0.0,0.0,1.0,0.0,0.0,0.0,0.0,1.0,0.0,0.0,,False,Qwen/Qwen2.5-VL-7B-Instruct-AWQ,None
674,Scatter,Easy,0.0,0.0,0.0,0.0,1.0,0.0,0.0,0.0,0.0,1.0,0.0,0.0,,False,Qwen/Qwen2.5-VL-7B-Instruct-AWQ,None
674,Scatter,Easy,0.0,0.0,0.0,0.0,1.0,0.0,0.0,0.0,0.0,1.0,0.0,0.0,,False,Qwen/Qwen2.5-VL-7B-Instruct-AWQ,None
676,Bar,Hard,0.5,0.0,0.0,0.0,0.5,0.0,0.0,0.0,0.5,0.5,0.0,0.0,,True,Qwen/Qwen2.5-VL-7B-Instruct-AWQ,None
676,Bar,Hard,0.5,0.0,0.0,0.0,0.5,0.0,0.0,0.0,0.5,0.5,0.0,0.0,,True,Qwen/Qwen2.5-VL-7B-Instruct-AWQ,None
676,Bar,Hard,0.5,0.0,0.0,0.0,0.5,0.0,0.0,0.0,0.5,0.5,0.0,0.0,,True,Qwen/Qwen2.5-VL-7B-Instruct-AWQ,None
688,Bar,Easy,0.25,0.0,0.0,0.0,0.0,0.0,0.0,0.0,0.25,0.0,0.75,0.0,0.0,False,Qwen/Qwen2.5-VL-7B-Instruct-AWQ,None
688,Bar,Easy,0.25,0.0,0.0,0.0,0.0,0.0,0.0,0.0,0.25,0.0,0.75,0.0,0.0,False,Qwen/Qwen2.5-VL-7B-Instruct-AWQ,None
688,Bar,Easy,0.25,0.0,0.0,0.0,0.0,0.0,0.0,0.0,0.25,0.0,0.75,0.0,0.0,False,Qwen/Qwen2.5-VL-7B-Instruct-AWQ,None
691,Pie,Hard,0.3333333333333333,0.0,0.0,0.6666666666666666,0.6666666666666666,0.0,0.0,0.0,0.3333333333333333,0.6666666666666666,0.0,0.0,,True,Qwen/Qwen2.5-VL-7B-Instruct-AWQ,None
691,Pie,Hard,0.3333333333333333,0.0,0.0,0.6666666666666666,0.6666666666666666,0.0,0.0,0.0,0.3333333333333333,0.6666666666666666,0.0,0.0,,True,Qwen/Qwen2.5-VL-7B-Instruct-AWQ,None
691,Pie,Hard,0.3333333333333333,0.0,0.0,0.6666666666666666,0.6666666666666666,0.0,0.0,0.0,0.3333333333333333,0.6666666666666666,0.0,0.0,,True,Qwen/Qwen2.5-VL-7B-Instruct-AWQ,None
693,Bar,Easy,0.0,0.0,0.0,0.0,0.0,0.0,0.0,0.0,0.0,0.0,1.0,0.0,0.0,False,Qwen/Qwen2.5-VL-7B-Instruct-AWQ,None
693,Bar,Easy,0.0,0.0,0.0,0.0,0.0,0.0,0.0,0.0,0.0,0.0,1.0,0.0,0.0,False,Qwen/Qwen2.5-VL-7B-Instruct-AWQ,None
693,Bar,Easy,0.0,0.0,0.0,0.0,0.0,0.0,0.0,0.0,0.0,0.0,1.0,0.0,0.0,False,Qwen/Qwen2.5-VL-7B-Instruct-AWQ,None
697,Bar,Easy,1.0,0.0,0.0,0.0,0.0,0.0,0.0,0.0,1.0,0.0,0.0,0.0,,False,Qwen/Qwen2.5-VL-7B-Instruct-AWQ,None
697,Bar,Easy,1.0,0.0,0.0,0.0,0.0,0.0,0.0,0.0,1.0,0.0,0.0,0.0,,False,Qwen/Qwen2.5-VL-7B-Instruct-AWQ,None
697,Bar,Easy,1.0,0.0,0.0,0.0,0.0,0.0,0.0,0.0,1.0,0.0,0.0,0.0,,False,Qwen/Qwen2.5-VL-7B-Instruct-AWQ,None
699,Pie,Medium,0.0,0.0,0.0,0.5,0.5,0.0,0.0,0.0,0.0,1.0,0.0,0.0,,True,Qwen/Qwen2.5-VL-7B-Instruct-AWQ,None
699,Pie,Medium,0.0,0.0,0.0,0.5,0.5,0.0,0.0,0.0,0.0,1.0,0.0,0.0,,True,Qwen/Qwen2.5-VL-7B-Instruct-AWQ,None
699,Pie,Medium,0.0,0.0,0.0,0.5,0.5,0.0,0.0,0.0,0.0,1.0,0.0,0.0,,True,Qwen/Qwen2.5-VL-7B-Instruct-AWQ,None
707,Scatter,Easy,0.25,0.0,0.25,0.0,0.0,0.0,0.0,0.0,0.25,0.25,0.5,0.0,0.0,True,Qwen/Qwen2.5-VL-7B-Instruct-AWQ,None
707,Scatter,Easy,0.25,0.0,0.25,0.0,0.0,0.0,0.0,0.0,0.25,0.25,0.5,0.0,0.0,True,Qwen/Qwen2.5-VL-7B-Instruct-AWQ,None
707,Scatter,Easy,0.25,0.0,0.25,0.0,0.0,0.0,0.0,0.0,0.25,0.25,0.5,0.0,0.0,True,Qwen/Qwen2.5-VL-7B-Instruct-AWQ,None
708,Pie,Easy,0.0,0.0,0.0,0.0,1.0,0.0,0.0,0.0,0.0,1.0,0.0,0.0,,False,Qwen/Qwen2.5-VL-7B-Instruct-AWQ,None
708,Pie,Easy,0.0,0.0,0.0,0.0,1.0,0.0,0.0,0.0,0.0,1.0,0.0,0.0,,False,Qwen/Qwen2.5-VL-7B-Instruct-AWQ,None
708,Pie,Easy,0.0,0.0,0.0,0.0,1.0,0.0,0.0,0.0,0.0,1.0,0.0,0.0,,False,Qwen/Qwen2.5-VL-7B-Instruct-AWQ,None
712,Pie,Medium,0.0,0.0,0.0,0.6666666666666666,0.6666666666666666,0.0,0.0,0.0,0.0,1.0,0.0,0.0,,True,Qwen/Qwen2.5-VL-7B-Instruct-AWQ,None
712,Pie,Medium,0.0,0.0,0.0,0.6666666666666666,0.6666666666666666,0.0,0.0,0.0,0.0,1.0,0.0,0.0,,True,Qwen/Qwen2.5-VL-7B-Instruct-AWQ,None
712,Pie,Medium,0.0,0.0,0.0,0.6666666666666666,0.6666666666666666,0.0,0.0,0.0,0.0,1.0,0.0,0.0,,True,Qwen/Qwen2.5-VL-7B-Instruct-AWQ,None
714,Pie,Medium,0.0,0.0,0.0,0.0,1.0,0.0,0.0,0.0,0.0,1.0,0.0,0.0,,True,Qwen/Qwen2.5-VL-7B-Instruct-AWQ,None
714,Pie,Medium,0.0,0.0,0.0,0.0,1.0,0.0,0.0,0.0,0.0,1.0,0.0,0.0,,True,Qwen/Qwen2.5-VL-7B-Instruct-AWQ,None
714,Pie,Medium,0.0,0.0,0.0,0.0,1.0,0.0,0.0,0.0,0.0,1.0,0.0,0.0,,True,Qwen/Qwen2.5-VL-7B-Instruct-AWQ,None
718,Pie,Medium,0.0,0.0,0.0,0.5,1.0,0.0,0.0,0.0,0.0,1.0,0.0,0.0,,True,Qwen/Qwen2.5-VL-7B-Instruct-AWQ,None
718,Pie,Medium,0.0,0.0,0.0,0.5,1.0,0.0,0.0,0.0,0.0,1.0,0.0,0.0,,True,Qwen/Qwen2.5-VL-7B-Instruct-AWQ,None
718,Pie,Medium,0.0,0.0,0.0,0.5,1.0,0.0,0.0,0.0,0.0,1.0,0.0,0.0,,True,Qwen/Qwen2.5-VL-7B-Instruct-AWQ,None
722,Pie,Medium,0.0,0.0,0.0,0.0,1.0,0.0,0.0,0.0,0.0,1.0,0.0,0.0,,True,Qwen/Qwen2.5-VL-7B-Instruct-AWQ,None
722,Pie,Medium,0.0,0.0,0.0,0.0,1.0,0.0,0.0,0.0,0.0,1.0,0.0,0.0,,True,Qwen/Qwen2.5-VL-7B-Instruct-AWQ,None
722,Pie,Medium,0.0,0.0,0.0,0.0,1.0,0.0,0.0,0.0,0.0,1.0,0.0,0.0,,True,Qwen/Qwen2.5-VL-7B-Instruct-AWQ,None
743,Pie,Medium,0.5,0.0,0.0,0.0,0.5,0.0,0.0,0.0,0.5,0.5,0.0,0.0,,True,Qwen/Qwen2.5-VL-7B-Instruct-AWQ,None
743,Pie,Medium,0.5,0.0,0.0,0.0,0.5,0.0,0.0,0.0,0.5,0.5,0.0,0.0,,True,Qwen/Qwen2.5-VL-7B-Instruct-AWQ,None
743,Pie,Medium,0.5,0.0,0.0,0.0,0.5,0.0,0.0,0.0,0.5,0.5,0.0,0.0,,True,Qwen/Qwen2.5-VL-7B-Instruct-AWQ,None
744,Bar,Medium,0.75,0.0,0.0,0.0,0.0,0.0,0.0,0.0,0.75,0.0,0.25,0.0,0.0,True,Qwen/Qwen2.5-VL-7B-Instruct-AWQ,None
744,Bar,Medium,0.75,0.0,0.0,0.0,0.0,0.0,0.0,0.0,0.75,0.0,0.25,0.0,0.0,True,Qwen/Qwen2.5-VL-7B-Instruct-AWQ,None
744,Bar,Medium,0.75,0.0,0.0,0.0,0.0,0.0,0.0,0.0,0.75,0.0,0.25,0.0,0.0,True,Qwen/Qwen2.5-VL-7B-Instruct-AWQ,None
747,Pie,Hard,0.3333333333333333,0.0,0.0,0.0,0.6666666666666666,0.0,0.0,0.0,0.3333333333333333,0.6666666666666666,0.0,0.0,,True,Qwen/Qwen2.5-VL-7B-Instruct-AWQ,None
747,Pie,Hard,0.3333333333333333,0.0,0.0,0.0,0.6666666666666666,0.0,0.0,0.0,0.3333333333333333,0.6666666666666666,0.0,0.0,,True,Qwen/Qwen2.5-VL-7B-Instruct-AWQ,None
747,Pie,Hard,0.3333333333333333,0.0,0.0,0.0,0.6666666666666666,0.0,0.0,0.0,0.3333333333333333,0.6666666666666666,0.0,0.0,,True,Qwen/Qwen2.5-VL-7B-Instruct-AWQ,None
770,Line,Easy,0.0,0.0,0.0,0.0,0.3333333333333333,0.0,0.0,0.0,0.0,0.3333333333333333,0.6666666666666666,0.0,0.0,False,Qwen/Qwen2.5-VL-7B-Instruct-AWQ,None
770,Line,Easy,0.0,0.0,0.0,0.0,0.3333333333333333,0.0,0.0,0.0,0.0,0.3333333333333333,0.6666666666666666,0.0,0.0,False,Qwen/Qwen2.5-VL-7B-Instruct-AWQ,None
770,Line,Easy,0.0,0.0,0.0,0.0,0.3333333333333333,0.0,0.0,0.0,0.0,0.3333333333333333,0.6666666666666666,0.0,0.0,False,Qwen/Qwen2.5-VL-7B-Instruct-AWQ,None
778,Grouping Line,Hard,1.0,0.0,0.0,0.0,0.0,0.0,0.0,0.0,1.0,0.0,0.0,0.0,,False,Qwen/Qwen2.5-VL-7B-Instruct-AWQ,None
778,Grouping Line,Hard,1.0,0.0,0.0,0.0,0.0,0.0,0.0,0.0,1.0,0.0,0.0,0.0,,False,Qwen/Qwen2.5-VL-7B-Instruct-AWQ,None
778,Grouping Line,Hard,1.0,0.0,0.0,0.0,0.0,0.0,0.0,0.0,1.0,0.0,0.0,0.0,,False,Qwen/Qwen2.5-VL-7B-Instruct-AWQ,None
781,Pie,Easy,0.0,0.0,0.0,0.0,1.0,0.0,0.0,0.0,0.0,1.0,0.0,0.0,,False,Qwen/Qwen2.5-VL-7B-Instruct-AWQ,None
781,Pie,Easy,0.0,0.0,0.0,0.0,1.0,0.0,0.0,0.0,0.0,1.0,0.0,0.0,,False,Qwen/Qwen2.5-VL-7B-Instruct-AWQ,None
781,Pie,Easy,0.0,0.0,0.0,0.0,1.0,0.0,0.0,0.0,0.0,1.0,0.0,0.0,,False,Qwen/Qwen2.5-VL-7B-Instruct-AWQ,None
789,Line,Easy,0.0,0.0,0.0,0.0,0.0,0.0,0.0,0.0,0.0,0.0,1.0,0.0,0.0,False,Qwen/Qwen2.5-VL-7B-Instruct-AWQ,None
789,Line,Easy,0.0,0.0,0.0,0.0,0.0,0.0,0.0,0.0,0.0,0.0,1.0,0.0,0.0,False,Qwen/Qwen2.5-VL-7B-Instruct-AWQ,None
789,Line,Easy,0.0,0.0,0.0,0.0,0.0,0.0,0.0,0.0,0.0,0.0,1.0,0.0,0.0,False,Qwen/Qwen2.5-VL-7B-Instruct-AWQ,None
790,Pie,Easy,0.0,0.0,0.0,0.2,0.8,0.0,0.0,0.0,0.0,1.0,0.0,0.0,,False,Qwen/Qwen2.5-VL-7B-Instruct-AWQ,None
790,Pie,Easy,0.0,0.0,0.0,0.2,0.8,0.0,0.0,0.0,0.0,1.0,0.0,0.0,,False,Qwen/Qwen2.5-VL-7B-Instruct-AWQ,None
790,Pie,Easy,0.0,0.0,0.0,0.2,0.8,0.0,0.0,0.0,0.0,1.0,0.0,0.0,,False,Qwen/Qwen2.5-VL-7B-Instruct-AWQ,None
793,Bar,Medium,0.0,0.0,0.0,0.0,0.5,0.0,0.0,0.0,0.0,0.5,0.5,0.0,0.0,True,Qwen/Qwen2.5-VL-7B-Instruct-AWQ,None
793,Bar,Medium,0.0,0.0,0.0,0.0,0.5,0.0,0.0,0.0,0.0,0.5,0.5,0.0,0.0,True,Qwen/Qwen2.5-VL-7B-Instruct-AWQ,None
793,Bar,Medium,0.0,0.0,0.0,0.0,0.5,0.0,0.0,0.0,0.0,0.5,0.5,0.0,0.0,True,Qwen/Qwen2.5-VL-7B-Instruct-AWQ,None
802,Pie,Easy,0.25,0.0,0.0,0.0,0.75,0.0,0.0,0.0,0.25,0.75,0.0,0.0,,False,Qwen/Qwen2.5-VL-7B-Instruct-AWQ,None
802,Pie,Easy,0.25,0.0,0.0,0.0,0.75,0.0,0.0,0.0,0.25,0.75,0.0,0.0,,False,Qwen/Qwen2.5-VL-7B-Instruct-AWQ,None
802,Pie,Easy,0.25,0.0,0.0,0.0,0.75,0.0,0.0,0.0,0.25,0.75,0.0,0.0,,False,Qwen/Qwen2.5-VL-7B-Instruct-AWQ,None
803,Bar,Easy,0.0,0.0,0.0,0.0,0.0,0.0,0.0,0.0,0.0,0.0,1.0,0.0,0.0,False,Qwen/Qwen2.5-VL-7B-Instruct-AWQ,None
803,Bar,Easy,0.0,0.0,0.0,0.0,0.0,0.0,0.0,0.0,0.0,0.0,1.0,0.0,0.0,False,Qwen/Qwen2.5-VL-7B-Instruct-AWQ,None
803,Bar,Easy,0.0,0.0,0.0,0.0,0.0,0.0,0.0,0.0,0.0,0.0,1.0,0.0,0.0,False,Qwen/Qwen2.5-VL-7B-Instruct-AWQ,None
809,Bar,Easy,0.0,0.0,0.0,0.0,0.0,0.0,0.0,0.0,0.0,0.0,1.0,0.0,0.0,False,Qwen/Qwen2.5-VL-7B-Instruct-AWQ,None
809,Bar,Easy,0.0,0.0,0.0,0.0,0.0,0.0,0.0,0.0,0.0,0.0,1.0,0.0,0.0,False,Qwen/Qwen2.5-VL-7B-Instruct-AWQ,None
809,Bar,Easy,0.0,0.0,0.0,0.0,0.0,0.0,0.0,0.0,0.0,0.0,1.0,0.0,0.0,False,Qwen/Qwen2.5-VL-7B-Instruct-AWQ,None
812,Bar,Medium,0.0,0.0,0.0,0.0,0.0,0.0,0.0,0.0,0.0,0.0,1.0,0.0,0.0,True,Qwen/Qwen2.5-VL-7B-Instruct-AWQ,None
812,Bar,Medium,0.0,0.0,0.0,0.0,0.0,0.0,0.0,0.0,0.0,0.0,1.0,0.0,0.0,True,Qwen/Qwen2.5-VL-7B-Instruct-AWQ,None
812,Bar,Medium,0.0,0.0,0.0,0.0,0.0,0.0,0.0,0.0,0.0,0.0,1.0,0.0,0.0,True,Qwen/Qwen2.5-VL-7B-Instruct-AWQ,None
815,Pie,Medium,1.0,0.0,0.0,0.0,0.0,0.0,0.0,0.0,1.0,0.0,0.0,0.0,,True,Qwen/Qwen2.5-VL-7B-Instruct-AWQ,None
815,Pie,Medium,1.0,0.0,0.0,0.0,0.0,0.0,0.0,0.0,1.0,0.0,0.0,0.0,,True,Qwen/Qwen2.5-VL-7B-Instruct-AWQ,None
815,Pie,Medium,1.0,0.0,0.0,0.0,0.0,0.0,0.0,0.0,1.0,0.0,0.0,0.0,,True,Qwen/Qwen2.5-VL-7B-Instruct-AWQ,None
817,Bar,Medium,0.0,0.0,0.0,0.0,0.0,0.0,0.0,0.0,0.0,0.0,1.0,0.0,0.0,True,Qwen/Qwen2.5-VL-7B-Instruct-AWQ,None
817,Bar,Medium,0.0,0.0,0.0,0.0,0.0,0.0,0.0,0.0,0.0,0.0,1.0,0.0,0.0,True,Qwen/Qwen2.5-VL-7B-Instruct-AWQ,None
817,Bar,Medium,0.0,0.0,0.0,0.0,0.0,0.0,0.0,0.0,0.0,0.0,1.0,0.0,0.0,True,Qwen/Qwen2.5-VL-7B-Instruct-AWQ,None
832,Bar,Medium,0.0,0.0,0.0,0.0,0.0,0.0,0.0,0.0,0.0,0.0,1.0,0.0,0.0,True,Qwen/Qwen2.5-VL-7B-Instruct-AWQ,None
832,Bar,Medium,0.0,0.0,0.0,0.0,0.0,0.0,0.0,0.0,0.0,0.0,1.0,0.0,0.0,True,Qwen/Qwen2.5-VL-7B-Instruct-AWQ,None
832,Bar,Medium,0.0,0.0,0.0,0.0,0.0,0.0,0.0,0.0,0.0,0.0,1.0,0.0,0.0,True,Qwen/Qwen2.5-VL-7B-Instruct-AWQ,None
834,Pie,Medium,0.0,0.0,0.0,0.0,1.0,0.0,0.0,0.0,0.0,1.0,0.0,0.0,,True,Qwen/Qwen2.5-VL-7B-Instruct-AWQ,None
834,Pie,Medium,0.0,0.0,0.0,0.0,1.0,0.0,0.0,0.0,0.0,1.0,0.0,0.0,,True,Qwen/Qwen2.5-VL-7B-Instruct-AWQ,None
834,Pie,Medium,0.0,0.0,0.0,0.0,1.0,0.0,0.0,0.0,0.0,1.0,0.0,0.0,,True,Qwen/Qwen2.5-VL-7B-Instruct-AWQ,None
838,Pie,Medium,1.0,0.0,0.0,0.0,0.0,0.0,0.0,0.0,1.0,0.0,0.0,0.0,,True,Qwen/Qwen2.5-VL-7B-Instruct-AWQ,None
838,Pie,Medium,1.0,0.0,0.0,0.0,0.0,0.0,0.0,0.0,1.0,0.0,0.0,0.0,,True,Qwen/Qwen2.5-VL-7B-Instruct-AWQ,None
838,Pie,Medium,1.0,0.0,0.0,0.0,0.0,0.0,0.0,0.0,1.0,0.0,0.0,0.0,,True,Qwen/Qwen2.5-VL-7B-Instruct-AWQ,None
856,Pie,Hard,1.0,0.0,0.0,0.0,0.0,0.0,0.0,0.0,1.0,0.0,0.0,0.0,,True,Qwen/Qwen2.5-VL-7B-Instruct-AWQ,None
856,Pie,Hard,1.0,0.0,0.0,0.0,0.0,0.0,0.0,0.0,1.0,0.0,0.0,0.0,,True,Qwen/Qwen2.5-VL-7B-Instruct-AWQ,None
856,Pie,Hard,1.0,0.0,0.0,0.0,0.0,0.0,0.0,0.0,1.0,0.0,0.0,0.0,,True,Qwen/Qwen2.5-VL-7B-Instruct-AWQ,None
858,Pie,Easy,0.0,0.0,0.0,0.0,0.0,0.0,0.0,0.0,0.0,0.0,1.0,0.0,0.0,False,Qwen/Qwen2.5-VL-7B-Instruct-AWQ,None
858,Pie,Easy,0.0,0.0,0.0,0.0,0.0,0.0,0.0,0.0,0.0,0.0,1.0,0.0,0.0,False,Qwen/Qwen2.5-VL-7B-Instruct-AWQ,None
858,Pie,Easy,0.0,0.0,0.0,0.0,0.0,0.0,0.0,0.0,0.0,0.0,1.0,0.0,0.0,False,Qwen/Qwen2.5-VL-7B-Instruct-AWQ,None
868,Line,Hard,1.0,0.0,0.0,0.0,0.0,0.0,0.0,0.0,1.0,0.0,0.0,0.0,,True,Qwen/Qwen2.5-VL-7B-Instruct-AWQ,None
868,Line,Hard,1.0,0.0,0.0,0.0,0.0,0.0,0.0,0.0,1.0,0.0,0.0,0.0,,True,Qwen/Qwen2.5-VL-7B-Instruct-AWQ,None
868,Line,Hard,1.0,0.0,0.0,0.0,0.0,0.0,0.0,0.0,1.0,0.0,0.0,0.0,,True,Qwen/Qwen2.5-VL-7B-Instruct-AWQ,None
874,Pie,Medium,1.0,0.0,0.0,0.0,0.0,0.0,0.0,0.0,1.0,0.0,0.0,0.0,,True,Qwen/Qwen2.5-VL-7B-Instruct-AWQ,None
874,Pie,Medium,1.0,0.0,0.0,0.0,0.0,0.0,0.0,0.0,1.0,0.0,0.0,0.0,,True,Qwen/Qwen2.5-VL-7B-Instruct-AWQ,None
874,Pie,Medium,1.0,0.0,0.0,0.0,0.0,0.0,0.0,0.0,1.0,0.0,0.0,0.0,,True,Qwen/Qwen2.5-VL-7B-Instruct-AWQ,None
875,Bar,Medium,0.5,0.0,0.0,0.0,0.0,0.0,0.0,0.0,0.5,0.0,0.5,0.0,0.0,True,Qwen/Qwen2.5-VL-7B-Instruct-AWQ,None
875,Bar,Medium,0.5,0.0,0.0,0.0,0.0,0.0,0.0,0.0,0.5,0.0,0.5,0.0,0.0,True,Qwen/Qwen2.5-VL-7B-Instruct-AWQ,None
875,Bar,Medium,0.5,0.0,0.0,0.0,0.0,0.0,0.0,0.0,0.5,0.0,0.5,0.0,0.0,True,Qwen/Qwen2.5-VL-7B-Instruct-AWQ,None
880,Line,Hard,0.6666666666666666,0.0,0.0,0.0,0.3333333333333333,0.0,0.0,0.0,0.6666666666666666,0.3333333333333333,0.0,0.0,,True,Qwen/Qwen2.5-VL-7B-Instruct-AWQ,None
880,Line,Hard,0.6666666666666666,0.0,0.0,0.0,0.3333333333333333,0.0,0.0,0.0,0.6666666666666666,0.3333333333333333,0.0,0.0,,True,Qwen/Qwen2.5-VL-7B-Instruct-AWQ,None
880,Line,Hard,0.6666666666666666,0.0,0.0,0.0,0.3333333333333333,0.0,0.0,0.0,0.6666666666666666,0.3333333333333333,0.0,0.0,,True,Qwen/Qwen2.5-VL-7B-Instruct-AWQ,None
883,Pie,Hard,0.75,0.0,0.0,0.0,0.25,0.0,0.0,0.0,0.75,0.25,0.0,0.0,,True,Qwen/Qwen2.5-VL-7B-Instruct-AWQ,None
883,Pie,Hard,0.75,0.0,0.0,0.0,0.25,0.0,0.0,0.0,0.75,0.25,0.0,0.0,,True,Qwen/Qwen2.5-VL-7B-Instruct-AWQ,None
883,Pie,Hard,0.75,0.0,0.0,0.0,0.25,0.0,0.0,0.0,0.75,0.25,0.0,0.0,,True,Qwen/Qwen2.5-VL-7B-Instruct-AWQ,None
887,Pie,Easy,0.0,0.0,0.0,0.0,0.25,0.0,0.0,0.0,0.0,0.25,0.75,0.0,0.0,False,Qwen/Qwen2.5-VL-7B-Instruct-AWQ,None
887,Pie,Easy,0.0,0.0,0.0,0.0,0.25,0.0,0.0,0.0,0.0,0.25,0.75,0.0,0.0,False,Qwen/Qwen2.5-VL-7B-Instruct-AWQ,None
887,Pie,Easy,0.0,0.0,0.0,0.0,0.25,0.0,0.0,0.0,0.0,0.25,0.75,0.0,0.0,False,Qwen/Qwen2.5-VL-7B-Instruct-AWQ,None
906,Pie,Easy,0.0,0.0,0.0,0.0,1.0,0.0,0.0,0.0,0.0,1.0,0.0,0.0,,False,Qwen/Qwen2.5-VL-7B-Instruct-AWQ,None
906,Pie,Easy,0.0,0.0,0.0,0.0,1.0,0.0,0.0,0.0,0.0,1.0,0.0,0.0,,False,Qwen/Qwen2.5-VL-7B-Instruct-AWQ,None
906,Pie,Easy,0.0,0.0,0.0,0.0,1.0,0.0,0.0,0.0,0.0,1.0,0.0,0.0,,False,Qwen/Qwen2.5-VL-7B-Instruct-AWQ,None
908,Pie,Easy,0.0,0.0,0.0,0.2,0.2,0.0,0.0,0.0,0.0,0.4,0.6,0.0,0.0,False,Qwen/Qwen2.5-VL-7B-Instruct-AWQ,None
908,Pie,Easy,0.0,0.0,0.0,0.2,0.2,0.0,0.0,0.0,0.0,0.4,0.6,0.0,0.0,False,Qwen/Qwen2.5-VL-7B-Instruct-AWQ,None
908,Pie,Easy,0.0,0.0,0.0,0.2,0.2,0.0,0.0,0.0,0.0,0.4,0.6,0.0,0.0,False,Qwen/Qwen2.5-VL-7B-Instruct-AWQ,None
910,Pie,Medium,0.75,0.0,0.0,0.25,0.0,0.0,0.0,0.0,0.75,0.25,0.0,0.0,,True,Qwen/Qwen2.5-VL-7B-Instruct-AWQ,None
910,Pie,Medium,0.75,0.0,0.0,0.25,0.0,0.0,0.0,0.0,0.75,0.25,0.0,0.0,,True,Qwen/Qwen2.5-VL-7B-Instruct-AWQ,None
910,Pie,Medium,0.75,0.0,0.0,0.25,0.0,0.0,0.0,0.0,0.75,0.25,0.0,0.0,,True,Qwen/Qwen2.5-VL-7B-Instruct-AWQ,None
912,Bar,Medium,0.0,0.0,0.0,0.0,0.0,0.0,0.0,0.0,0.0,0.0,1.0,0.0,0.0,True,Qwen/Qwen2.5-VL-7B-Instruct-AWQ,None
912,Bar,Medium,0.0,0.0,0.0,0.0,0.0,0.0,0.0,0.0,0.0,0.0,1.0,0.0,0.0,True,Qwen/Qwen2.5-VL-7B-Instruct-AWQ,None
912,Bar,Medium,0.0,0.0,0.0,0.0,0.0,0.0,0.0,0.0,0.0,0.0,1.0,0.0,0.0,True,Qwen/Qwen2.5-VL-7B-Instruct-AWQ,None
914,Bar,Hard,0.0,0.0,0.0,0.0,0.5,0.0,0.0,0.0,0.0,0.5,0.5,0.0,0.0,True,Qwen/Qwen2.5-VL-7B-Instruct-AWQ,None
914,Bar,Hard,0.0,0.0,0.0,0.0,0.5,0.0,0.0,0.0,0.0,0.5,0.5,0.0,0.0,True,Qwen/Qwen2.5-VL-7B-Instruct-AWQ,None
914,Bar,Hard,0.0,0.0,0.0,0.0,0.5,0.0,0.0,0.0,0.0,0.5,0.5,0.0,0.0,True,Qwen/Qwen2.5-VL-7B-Instruct-AWQ,None
924,Bar,Medium,0.0,0.0,0.0,0.0,1.0,0.0,0.0,0.0,0.0,1.0,0.0,0.0,,False,Qwen/Qwen2.5-VL-7B-Instruct-AWQ,None
924,Bar,Medium,0.0,0.0,0.0,0.0,1.0,0.0,0.0,0.0,0.0,1.0,0.0,0.0,,False,Qwen/Qwen2.5-VL-7B-Instruct-AWQ,None
924,Bar,Medium,0.0,0.0,0.0,0.0,1.0,0.0,0.0,0.0,0.0,1.0,0.0,0.0,,False,Qwen/Qwen2.5-VL-7B-Instruct-AWQ,None
926,Bar,Easy,0.0,0.0,0.0,0.0,0.3333333333333333,0.0,0.0,0.0,0.0,0.3333333333333333,0.6666666666666666,0.0,0.0,False,Qwen/Qwen2.5-VL-7B-Instruct-AWQ,None
926,Bar,Easy,0.0,0.0,0.0,0.0,0.3333333333333333,0.0,0.0,0.0,0.0,0.3333333333333333,0.6666666666666666,0.0,0.0,False,Qwen/Qwen2.5-VL-7B-Instruct-AWQ,None
926,Bar,Easy,0.0,0.0,0.0,0.0,0.3333333333333333,0.0,0.0,0.0,0.0,0.3333333333333333,0.6666666666666666,0.0,0.0,False,Qwen/Qwen2.5-VL-7B-Instruct-AWQ,None
961,Bar,Medium,0.5,0.0,0.0,0.0,0.0,0.0,0.0,0.0,0.5,0.0,0.5,0.0,0.0,True,Qwen/Qwen2.5-VL-7B-Instruct-AWQ,None
961,Bar,Medium,0.5,0.0,0.0,0.0,0.0,0.0,0.0,0.0,0.5,0.0,0.5,0.0,0.0,True,Qwen/Qwen2.5-VL-7B-Instruct-AWQ,None
961,Bar,Medium,0.5,0.0,0.0,0.0,0.0,0.0,0.0,0.0,0.5,0.0,0.5,0.0,0.0,True,Qwen/Qwen2.5-VL-7B-Instruct-AWQ,None
971,Pie,Easy,0.0,0.0,0.0,0.0,0.6666666666666666,0.0,0.0,0.0,0.0,0.6666666666666666,0.3333333333333333,0.0,0.0,False,Qwen/Qwen2.5-VL-7B-Instruct-AWQ,None
971,Pie,Easy,0.0,0.0,0.0,0.0,0.6666666666666666,0.0,0.0,0.0,0.0,0.6666666666666666,0.3333333333333333,0.0,0.0,False,Qwen/Qwen2.5-VL-7B-Instruct-AWQ,None
971,Pie,Easy,0.0,0.0,0.0,0.0,0.6666666666666666,0.0,0.0,0.0,0.0,0.6666666666666666,0.3333333333333333,0.0,0.0,False,Qwen/Qwen2.5-VL-7B-Instruct-AWQ,None
975,Bar,Hard,0.5,0.0,0.0,0.0,0.5,0.0,0.0,0.0,0.5,0.5,0.0,0.0,,True,Qwen/Qwen2.5-VL-7B-Instruct-AWQ,None
975,Bar,Hard,0.5,0.0,0.0,0.0,0.5,0.0,0.0,0.0,0.5,0.5,0.0,0.0,,True,Qwen/Qwen2.5-VL-7B-Instruct-AWQ,None
975,Bar,Hard,0.5,0.0,0.0,0.0,0.5,0.0,0.0,0.0,0.5,0.5,0.0,0.0,,True,Qwen/Qwen2.5-VL-7B-Instruct-AWQ,None
990,Bar,Medium,0.5,0.0,0.0,0.0,0.0,0.0,0.0,0.0,0.5,0.0,0.5,0.0,0.0,True,Qwen/Qwen2.5-VL-7B-Instruct-AWQ,None
990,Bar,Medium,0.5,0.0,0.0,0.0,0.0,0.0,0.0,0.0,0.5,0.0,0.5,0.0,0.0,True,Qwen/Qwen2.5-VL-7B-Instruct-AWQ,None
990,Bar,Medium,0.5,0.0,0.0,0.0,0.0,0.0,0.0,0.0,0.5,0.0,0.5,0.0,0.0,True,Qwen/Qwen2.5-VL-7B-Instruct-AWQ,None
994,Bar,Medium,0.0,0.0,0.0,0.0,0.0,0.0,0.0,0.0,0.0,0.0,1.0,0.0,0.0,True,Qwen/Qwen2.5-VL-7B-Instruct-AWQ,None
994,Bar,Medium,0.0,0.0,0.0,0.0,0.0,0.0,0.0,0.0,0.0,0.0,1.0,0.0,0.0,True,Qwen/Qwen2.5-VL-7B-Instruct-AWQ,None
994,Bar,Medium,0.0,0.0,0.0,0.0,0.0,0.0,0.0,0.0,0.0,0.0,1.0,0.0,0.0,True,Qwen/Qwen2.5-VL-7B-Instruct-AWQ,None
998,Line,Medium,0.0,0.0,0.0,0.0,1.0,0.0,0.0,0.0,0.0,1.0,0.0,0.0,,True,Qwen/Qwen2.5-VL-7B-Instruct-AWQ,None
998,Line,Medium,0.0,0.0,0.0,0.0,1.0,0.0,0.0,0.0,0.0,1.0,0.0,0.0,,True,Qwen/Qwen2.5-VL-7B-Instruct-AWQ,None
998,Line,Medium,0.0,0.0,0.0,0.0,1.0,0.0,0.0,0.0,0.0,1.0,0.0,0.0,,True,Qwen/Qwen2.5-VL-7B-Instruct-AWQ,None
999,Pie,Easy,0.0,0.0,0.0,0.0,1.0,0.0,0.0,0.0,0.0,1.0,0.0,0.0,,False,Qwen/Qwen2.5-VL-7B-Instruct-AWQ,None
999,Pie,Easy,0.0,0.0,0.0,0.0,1.0,0.0,0.0,0.0,0.0,1.0,0.0,0.0,,False,Qwen/Qwen2.5-VL-7B-Instruct-AWQ,None
999,Pie,Easy,0.0,0.0,0.0,0.0,1.0,0.0,0.0,0.0,0.0,1.0,0.0,0.0,,False,Qwen/Qwen2.5-VL-7B-Instruct-AWQ,None
1001,Bar,Medium,1.0,0.0,0.0,0.0,0.0,0.0,0.0,0.0,1.0,0.0,0.0,0.0,,True,Qwen/Qwen2.5-VL-7B-Instruct-AWQ,None
1001,Bar,Medium,1.0,0.0,0.0,0.0,0.0,0.0,0.0,0.0,1.0,0.0,0.0,0.0,,True,Qwen/Qwen2.5-VL-7B-Instruct-AWQ,None
1001,Bar,Medium,1.0,0.0,0.0,0.0,0.0,0.0,0.0,0.0,1.0,0.0,0.0,0.0,,True,Qwen/Qwen2.5-VL-7B-Instruct-AWQ,None
1003,Pie,Medium,1.0,0.0,0.0,0.0,0.0,0.0,0.0,0.0,1.0,0.0,0.0,0.0,,True,Qwen/Qwen2.5-VL-7B-Instruct-AWQ,None
1003,Pie,Medium,1.0,0.0,0.0,0.0,0.0,0.0,0.0,0.0,1.0,0.0,0.0,0.0,,True,Qwen/Qwen2.5-VL-7B-Instruct-AWQ,None
1003,Pie,Medium,1.0,0.0,0.0,0.0,0.0,0.0,0.0,0.0,1.0,0.0,0.0,0.0,,True,Qwen/Qwen2.5-VL-7B-Instruct-AWQ,None
1007,Pie,Hard,0.0,0.0,0.0,1.0,0.0,0.0,0.0,0.0,0.0,1.0,0.0,0.0,,False,Qwen/Qwen2.5-VL-7B-Instruct-AWQ,None
1007,Pie,Hard,0.0,0.0,0.0,1.0,0.0,0.0,0.0,0.0,0.0,1.0,0.0,0.0,,False,Qwen/Qwen2.5-VL-7B-Instruct-AWQ,None
1007,Pie,Hard,0.0,0.0,0.0,1.0,0.0,0.0,0.0,0.0,0.0,1.0,0.0,0.0,,False,Qwen/Qwen2.5-VL-7B-Instruct-AWQ,None
1008,Pie,Hard,1.0,0.0,0.0,0.0,0.0,0.0,0.0,0.0,1.0,0.0,0.0,0.0,,False,Qwen/Qwen2.5-VL-7B-Instruct-AWQ,None
1008,Pie,Hard,1.0,0.0,0.0,0.0,0.0,0.0,0.0,0.0,1.0,0.0,0.0,0.0,,False,Qwen/Qwen2.5-VL-7B-Instruct-AWQ,None
1008,Pie,Hard,1.0,0.0,0.0,0.0,0.0,0.0,0.0,0.0,1.0,0.0,0.0,0.0,,False,Qwen/Qwen2.5-VL-7B-Instruct-AWQ,None
1012,Bar,Easy,0.0,0.0,0.0,0.0,0.0,0.0,0.0,0.0,0.0,0.0,1.0,0.0,0.0,False,Qwen/Qwen2.5-VL-7B-Instruct-AWQ,None
1012,Bar,Easy,0.0,0.0,0.0,0.0,0.0,0.0,0.0,0.0,0.0,0.0,1.0,0.0,0.0,False,Qwen/Qwen2.5-VL-7B-Instruct-AWQ,None
1012,Bar,Easy,0.0,0.0,0.0,0.0,0.0,0.0,0.0,0.0,0.0,0.0,1.0,0.0,0.0,False,Qwen/Qwen2.5-VL-7B-Instruct-AWQ,None
1014,Pie,Easy,0.0,0.0,0.0,0.0,0.0,0.0,0.0,0.0,0.0,0.0,1.0,0.0,0.0,False,Qwen/Qwen2.5-VL-7B-Instruct-AWQ,None
1014,Pie,Easy,0.0,0.0,0.0,0.0,0.0,0.0,0.0,0.0,0.0,0.0,1.0,0.0,0.0,False,Qwen/Qwen2.5-VL-7B-Instruct-AWQ,None
1014,Pie,Easy,0.0,0.0,0.0,0.0,0.0,0.0,0.0,0.0,0.0,0.0,1.0,0.0,0.0,False,Qwen/Qwen2.5-VL-7B-Instruct-AWQ,None
1018,Pie,Medium,0.0,0.0,0.0,0.0,1.0,0.0,0.0,0.0,0.0,1.0,0.0,0.0,,True,Qwen/Qwen2.5-VL-7B-Instruct-AWQ,None
1018,Pie,Medium,0.0,0.0,0.0,0.0,1.0,0.0,0.0,0.0,0.0,1.0,0.0,0.0,,True,Qwen/Qwen2.5-VL-7B-Instruct-AWQ,None
1018,Pie,Medium,0.0,0.0,0.0,0.0,1.0,0.0,0.0,0.0,0.0,1.0,0.0,0.0,,True,Qwen/Qwen2.5-VL-7B-Instruct-AWQ,None
1021,Pie,Easy,0.0,0.0,0.0,0.0,0.5,0.0,0.0,0.0,0.0,0.5,0.5,0.0,0.0,False,Qwen/Qwen2.5-VL-7B-Instruct-AWQ,None
1021,Pie,Easy,0.0,0.0,0.0,0.0,0.5,0.0,0.0,0.0,0.0,0.5,0.5,0.0,0.0,False,Qwen/Qwen2.5-VL-7B-Instruct-AWQ,None
1021,Pie,Easy,0.0,0.0,0.0,0.0,0.5,0.0,0.0,0.0,0.0,0.5,0.5,0.0,0.0,False,Qwen/Qwen2.5-VL-7B-Instruct-AWQ,None
1024,Bar,Medium,0.0,0.0,0.0,0.0,0.0,0.0,0.0,0.0,0.0,0.0,1.0,0.0,0.0,False,Qwen/Qwen2.5-VL-7B-Instruct-AWQ,None
1024,Bar,Medium,0.0,0.0,0.0,0.0,0.0,0.0,0.0,0.0,0.0,0.0,1.0,0.0,0.0,False,Qwen/Qwen2.5-VL-7B-Instruct-AWQ,None
1024,Bar,Medium,0.0,0.0,0.0,0.0,0.0,0.0,0.0,0.0,0.0,0.0,1.0,0.0,0.0,False,Qwen/Qwen2.5-VL-7B-Instruct-AWQ,None
1037,Bar,Easy,0.0,0.0,0.0,0.0,0.0,0.0,0.0,0.0,0.0,0.0,1.0,0.0,0.0,False,Qwen/Qwen2.5-VL-7B-Instruct-AWQ,None
1037,Bar,Easy,0.0,0.0,0.0,0.0,0.0,0.0,0.0,0.0,0.0,0.0,1.0,0.0,0.0,False,Qwen/Qwen2.5-VL-7B-Instruct-AWQ,None
1037,Bar,Easy,0.0,0.0,0.0,0.0,0.0,0.0,0.0,0.0,0.0,0.0,1.0,0.0,0.0,False,Qwen/Qwen2.5-VL-7B-Instruct-AWQ,None
1059,Pie,Medium,0.0,0.0,0.0,0.0,1.0,0.0,0.0,0.0,0.0,1.0,0.0,0.0,,True,Qwen/Qwen2.5-VL-7B-Instruct-AWQ,None
1059,Pie,Medium,0.0,0.0,0.0,0.0,1.0,0.0,0.0,0.0,0.0,1.0,0.0,0.0,,True,Qwen/Qwen2.5-VL-7B-Instruct-AWQ,None
1059,Pie,Medium,0.0,0.0,0.0,0.0,1.0,0.0,0.0,0.0,0.0,1.0,0.0,0.0,,True,Qwen/Qwen2.5-VL-7B-Instruct-AWQ,None
1061,Pie,Easy,0.0,0.0,0.0,0.2,0.8,0.0,0.0,0.0,0.0,1.0,0.0,0.0,,False,Qwen/Qwen2.5-VL-7B-Instruct-AWQ,None
1061,Pie,Easy,0.0,0.0,0.0,0.2,0.8,0.0,0.0,0.0,0.0,1.0,0.0,0.0,,False,Qwen/Qwen2.5-VL-7B-Instruct-AWQ,None
1061,Pie,Easy,0.0,0.0,0.0,0.2,0.8,0.0,0.0,0.0,0.0,1.0,0.0,0.0,,False,Qwen/Qwen2.5-VL-7B-Instruct-AWQ,None
1071,Bar,Medium,0.0,0.0,0.0,0.0,0.0,0.0,0.0,0.0,0.0,0.0,1.0,0.0,0.0,False,Qwen/Qwen2.5-VL-7B-Instruct-AWQ,None
1071,Bar,Medium,0.0,0.0,0.0,0.0,0.0,0.0,0.0,0.0,0.0,0.0,1.0,0.0,0.0,False,Qwen/Qwen2.5-VL-7B-Instruct-AWQ,None
1071,Bar,Medium,0.0,0.0,0.0,0.0,0.0,0.0,0.0,0.0,0.0,0.0,1.0,0.0,0.0,False,Qwen/Qwen2.5-VL-7B-Instruct-AWQ,None
1072,Bar,Hard,1.0,0.0,0.0,0.0,0.0,0.0,0.0,0.0,1.0,0.0,0.0,0.0,,True,Qwen/Qwen2.5-VL-7B-Instruct-AWQ,None
1072,Bar,Hard,1.0,0.0,0.0,0.0,0.0,0.0,0.0,0.0,1.0,0.0,0.0,0.0,,True,Qwen/Qwen2.5-VL-7B-Instruct-AWQ,None
1072,Bar,Hard,1.0,0.0,0.0,0.0,0.0,0.0,0.0,0.0,1.0,0.0,0.0,0.0,,True,Qwen/Qwen2.5-VL-7B-Instruct-AWQ,None
1073,Pie,Medium,1.0,0.0,0.0,0.0,0.0,0.0,0.0,0.0,1.0,0.0,0.0,0.0,,True,Qwen/Qwen2.5-VL-7B-Instruct-AWQ,None
1073,Pie,Medium,1.0,0.0,0.0,0.0,0.0,0.0,0.0,0.0,1.0,0.0,0.0,0.0,,True,Qwen/Qwen2.5-VL-7B-Instruct-AWQ,None
1073,Pie,Medium,1.0,0.0,0.0,0.0,0.0,0.0,0.0,0.0,1.0,0.0,0.0,0.0,,True,Qwen/Qwen2.5-VL-7B-Instruct-AWQ,None
1074,Bar,Hard,0.0,0.0,0.0,0.0,1.0,0.0,0.0,0.0,0.0,1.0,0.0,0.0,,True,Qwen/Qwen2.5-VL-7B-Instruct-AWQ,None
1074,Bar,Hard,0.0,0.0,0.0,0.0,1.0,0.0,0.0,0.0,0.0,1.0,0.0,0.0,,True,Qwen/Qwen2.5-VL-7B-Instruct-AWQ,None
1074,Bar,Hard,0.0,0.0,0.0,0.0,1.0,0.0,0.0,0.0,0.0,1.0,0.0,0.0,,True,Qwen/Qwen2.5-VL-7B-Instruct-AWQ,None
1079,Pie,Medium,0.0,0.0,0.0,0.0,1.0,0.0,0.0,0.0,0.0,1.0,0.0,0.0,,True,Qwen/Qwen2.5-VL-7B-Instruct-AWQ,None
1079,Pie,Medium,0.0,0.0,0.0,0.0,1.0,0.0,0.0,0.0,0.0,1.0,0.0,0.0,,True,Qwen/Qwen2.5-VL-7B-Instruct-AWQ,None
1079,Pie,Medium,0.0,0.0,0.0,0.0,1.0,0.0,0.0,0.0,0.0,1.0,0.0,0.0,,True,Qwen/Qwen2.5-VL-7B-Instruct-AWQ,None
1081,Pie,Medium,1.0,0.0,0.0,0.0,0.0,0.0,0.0,0.0,1.0,0.0,0.0,0.0,,True,Qwen/Qwen2.5-VL-7B-Instruct-AWQ,None
1081,Pie,Medium,1.0,0.0,0.0,0.0,0.0,0.0,0.0,0.0,1.0,0.0,0.0,0.0,,True,Qwen/Qwen2.5-VL-7B-Instruct-AWQ,None
1081,Pie,Medium,1.0,0.0,0.0,0.0,0.0,0.0,0.0,0.0,1.0,0.0,0.0,0.0,,True,Qwen/Qwen2.5-VL-7B-Instruct-AWQ,None
1082,Pie,Medium,1.0,0.0,0.0,0.0,0.0,0.0,0.0,0.0,1.0,0.0,0.0,0.0,,True,Qwen/Qwen2.5-VL-7B-Instruct-AWQ,None
1082,Pie,Medium,1.0,0.0,0.0,0.0,0.0,0.0,0.0,0.0,1.0,0.0,0.0,0.0,,True,Qwen/Qwen2.5-VL-7B-Instruct-AWQ,None
1082,Pie,Medium,1.0,0.0,0.0,0.0,0.0,0.0,0.0,0.0,1.0,0.0,0.0,0.0,,True,Qwen/Qwen2.5-VL-7B-Instruct-AWQ,None
1088,Pie,Medium,1.0,0.0,0.0,0.0,0.0,0.0,0.0,0.0,1.0,0.0,0.0,0.0,,True,Qwen/Qwen2.5-VL-7B-Instruct-AWQ,None
1088,Pie,Medium,1.0,0.0,0.0,0.0,0.0,0.0,0.0,0.0,1.0,0.0,0.0,0.0,,True,Qwen/Qwen2.5-VL-7B-Instruct-AWQ,None
1088,Pie,Medium,1.0,0.0,0.0,0.0,0.0,0.0,0.0,0.0,1.0,0.0,0.0,0.0,,True,Qwen/Qwen2.5-VL-7B-Instruct-AWQ,None
1090,Pie,Easy,0.0,0.0,0.0,0.0,1.0,0.0,0.0,0.0,0.0,1.0,0.0,0.0,,False,Qwen/Qwen2.5-VL-7B-Instruct-AWQ,None
1090,Pie,Easy,0.0,0.0,0.0,0.0,1.0,0.0,0.0,0.0,0.0,1.0,0.0,0.0,,False,Qwen/Qwen2.5-VL-7B-Instruct-AWQ,None
1090,Pie,Easy,0.0,0.0,0.0,0.0,1.0,0.0,0.0,0.0,0.0,1.0,0.0,0.0,,False,Qwen/Qwen2.5-VL-7B-Instruct-AWQ,None
1104,Pie,Hard,0.0,0.0,0.0,1.0,1.0,0.0,0.0,0.0,0.0,1.0,0.0,0.0,,True,Qwen/Qwen2.5-VL-7B-Instruct-AWQ,None
1104,Pie,Hard,0.0,0.0,0.0,1.0,1.0,0.0,0.0,0.0,0.0,1.0,0.0,0.0,,True,Qwen/Qwen2.5-VL-7B-Instruct-AWQ,None
1104,Pie,Hard,0.0,0.0,0.0,1.0,1.0,0.0,0.0,0.0,0.0,1.0,0.0,0.0,,True,Qwen/Qwen2.5-VL-7B-Instruct-AWQ,None
1113,Bar,Easy,0.0,0.0,0.0,0.0,1.0,0.0,0.0,0.0,0.0,1.0,0.0,0.0,,False,Qwen/Qwen2.5-VL-7B-Instruct-AWQ,None
1113,Bar,Easy,0.0,0.0,0.0,0.0,1.0,0.0,0.0,0.0,0.0,1.0,0.0,0.0,,False,Qwen/Qwen2.5-VL-7B-Instruct-AWQ,None
1113,Bar,Easy,0.0,0.0,0.0,0.0,1.0,0.0,0.0,0.0,0.0,1.0,0.0,0.0,,False,Qwen/Qwen2.5-VL-7B-Instruct-AWQ,None
1129,Bar,Easy,0.0,0.0,0.0,0.0,0.0,0.0,0.0,0.0,0.0,0.0,1.0,0.0,0.0,False,Qwen/Qwen2.5-VL-7B-Instruct-AWQ,None
1129,Bar,Easy,0.0,0.0,0.0,0.0,0.0,0.0,0.0,0.0,0.0,0.0,1.0,0.0,0.0,False,Qwen/Qwen2.5-VL-7B-Instruct-AWQ,None
1129,Bar,Easy,0.0,0.0,0.0,0.0,0.0,0.0,0.0,0.0,0.0,0.0,1.0,0.0,0.0,False,Qwen/Qwen2.5-VL-7B-Instruct-AWQ,None
1130,Bar,Easy,0.0,0.0,0.0,0.0,0.0,0.0,0.0,0.0,0.0,0.0,1.0,0.0,0.0,False,Qwen/Qwen2.5-VL-7B-Instruct-AWQ,None
1130,Bar,Easy,0.0,0.0,0.0,0.0,0.0,0.0,0.0,0.0,0.0,0.0,1.0,0.0,0.0,False,Qwen/Qwen2.5-VL-7B-Instruct-AWQ,None
1130,Bar,Easy,0.0,0.0,0.0,0.0,0.0,0.0,0.0,0.0,0.0,0.0,1.0,0.0,0.0,False,Qwen/Qwen2.5-VL-7B-Instruct-AWQ,None
1133,Grouping Scatter,Easy,0.5,0.0,0.0,0.0,0.0,0.0,0.0,0.0,0.5,0.0,0.5,0.0,0.0,False,Qwen/Qwen2.5-VL-7B-Instruct-AWQ,None
1133,Grouping Scatter,Easy,0.5,0.0,0.0,0.0,0.0,0.0,0.0,0.0,0.5,0.0,0.5,0.0,0.0,False,Qwen/Qwen2.5-VL-7B-Instruct-AWQ,None
1133,Grouping Scatter,Easy,0.5,0.0,0.0,0.0,0.0,0.0,0.0,0.0,0.5,0.0,0.5,0.0,0.0,False,Qwen/Qwen2.5-VL-7B-Instruct-AWQ,None
1152,Bar,Easy,0.0,0.0,0.25,0.0,0.0,0.0,0.0,0.0,0.0,0.25,0.75,0.0,0.0,False,Qwen/Qwen2.5-VL-7B-Instruct-AWQ,None
1152,Bar,Easy,0.0,0.0,0.25,0.0,0.0,0.0,0.0,0.0,0.0,0.25,0.75,0.0,0.0,False,Qwen/Qwen2.5-VL-7B-Instruct-AWQ,None
1152,Bar,Easy,0.0,0.0,0.25,0.0,0.0,0.0,0.0,0.0,0.0,0.25,0.75,0.0,0.0,False,Qwen/Qwen2.5-VL-7B-Instruct-AWQ,None
1153,Bar,Easy,0.3333333333333333,0.0,0.0,0.0,0.6666666666666666,0.0,0.0,0.0,0.3333333333333333,0.6666666666666666,0.0,0.0,,False,Qwen/Qwen2.5-VL-7B-Instruct-AWQ,None
1153,Bar,Easy,0.3333333333333333,0.0,0.0,0.0,0.6666666666666666,0.0,0.0,0.0,0.3333333333333333,0.6666666666666666,0.0,0.0,,False,Qwen/Qwen2.5-VL-7B-Instruct-AWQ,None
1153,Bar,Easy,0.3333333333333333,0.0,0.0,0.0,0.6666666666666666,0.0,0.0,0.0,0.3333333333333333,0.6666666666666666,0.0,0.0,,False,Qwen/Qwen2.5-VL-7B-Instruct-AWQ,None
1172,Grouping Scatter,Medium,0.0,0.0,0.0,0.0,0.0,0.0,0.0,0.0,0.0,0.0,1.0,0.0,0.0,False,Qwen/Qwen2.5-VL-7B-Instruct-AWQ,None
1172,Grouping Scatter,Medium,0.0,0.0,0.0,0.0,0.0,0.0,0.0,0.0,0.0,0.0,1.0,0.0,0.0,False,Qwen/Qwen2.5-VL-7B-Instruct-AWQ,None
1172,Grouping Scatter,Medium,0.0,0.0,0.0,0.0,0.0,0.0,0.0,0.0,0.0,0.0,1.0,0.0,0.0,False,Qwen/Qwen2.5-VL-7B-Instruct-AWQ,None
1182,Bar,Easy,0.0,0.0,0.0,0.0,1.0,0.0,0.0,0.0,0.0,1.0,0.0,0.0,,False,Qwen/Qwen2.5-VL-7B-Instruct-AWQ,None
1182,Bar,Easy,0.0,0.0,0.0,0.0,1.0,0.0,0.0,0.0,0.0,1.0,0.0,0.0,,False,Qwen/Qwen2.5-VL-7B-Instruct-AWQ,None
1182,Bar,Easy,0.0,0.0,0.0,0.0,1.0,0.0,0.0,0.0,0.0,1.0,0.0,0.0,,False,Qwen/Qwen2.5-VL-7B-Instruct-AWQ,None
1187,Bar,Medium,0.5,0.0,0.0,0.0,0.5,0.0,0.0,0.0,0.5,0.5,0.0,0.0,,True,Qwen/Qwen2.5-VL-7B-Instruct-AWQ,None
1187,Bar,Medium,0.5,0.0,0.0,0.0,0.5,0.0,0.0,0.0,0.5,0.5,0.0,0.0,,True,Qwen/Qwen2.5-VL-7B-Instruct-AWQ,None
1187,Bar,Medium,0.5,0.0,0.0,0.0,0.5,0.0,0.0,0.0,0.5,0.5,0.0,0.0,,True,Qwen/Qwen2.5-VL-7B-Instruct-AWQ,None
1188,Bar,Medium,0.0,0.0,0.5,0.0,0.5,0.0,0.0,0.0,0.0,1.0,0.0,0.0,,True,Qwen/Qwen2.5-VL-7B-Instruct-AWQ,None
1188,Bar,Medium,0.0,0.0,0.5,0.0,0.5,0.0,0.0,0.0,0.0,1.0,0.0,0.0,,True,Qwen/Qwen2.5-VL-7B-Instruct-AWQ,None
1188,Bar,Medium,0.0,0.0,0.5,0.0,0.5,0.0,0.0,0.0,0.0,1.0,0.0,0.0,,True,Qwen/Qwen2.5-VL-7B-Instruct-AWQ,None
1192,Line,Medium,0.5,0.0,0.0,0.0,0.5,0.0,0.0,0.0,0.5,0.5,0.0,0.0,,True,Qwen/Qwen2.5-VL-7B-Instruct-AWQ,None
1192,Line,Medium,0.5,0.0,0.0,0.0,0.5,0.0,0.0,0.0,0.5,0.5,0.0,0.0,,True,Qwen/Qwen2.5-VL-7B-Instruct-AWQ,None
1192,Line,Medium,0.5,0.0,0.0,0.0,0.5,0.0,0.0,0.0,0.5,0.5,0.0,0.0,,True,Qwen/Qwen2.5-VL-7B-Instruct-AWQ,None
1198,Pie,Medium,0.3333333333333333,0.0,0.0,0.0,0.6666666666666666,0.0,0.0,0.0,0.3333333333333333,0.6666666666666666,0.0,0.0,,True,Qwen/Qwen2.5-VL-7B-Instruct-AWQ,None
1198,Pie,Medium,0.3333333333333333,0.0,0.0,0.0,0.6666666666666666,0.0,0.0,0.0,0.3333333333333333,0.6666666666666666,0.0,0.0,,True,Qwen/Qwen2.5-VL-7B-Instruct-AWQ,None
1198,Pie,Medium,0.3333333333333333,0.0,0.0,0.0,0.6666666666666666,0.0,0.0,0.0,0.3333333333333333,0.6666666666666666,0.0,0.0,,True,Qwen/Qwen2.5-VL-7B-Instruct-AWQ,None
1204,Bar,Medium,0.0,0.0,0.0,0.0,0.0,0.0,0.0,0.0,0.0,0.0,1.0,0.0,0.0,True,Qwen/Qwen2.5-VL-7B-Instruct-AWQ,None
1204,Bar,Medium,0.0,0.0,0.0,0.0,0.0,0.0,0.0,0.0,0.0,0.0,1.0,0.0,0.0,True,Qwen/Qwen2.5-VL-7B-Instruct-AWQ,None
1204,Bar,Medium,0.0,0.0,0.0,0.0,0.0,0.0,0.0,0.0,0.0,0.0,1.0,0.0,0.0,True,Qwen/Qwen2.5-VL-7B-Instruct-AWQ,None
1211,Bar,Easy,0.0,0.0,0.0,0.0,0.0,0.0,0.0,0.0,0.0,0.0,1.0,0.0,0.0,False,Qwen/Qwen2.5-VL-7B-Instruct-AWQ,None
1211,Bar,Easy,0.0,0.0,0.0,0.0,0.0,0.0,0.0,0.0,0.0,0.0,1.0,0.0,0.0,False,Qwen/Qwen2.5-VL-7B-Instruct-AWQ,None
1211,Bar,Easy,0.0,0.0,0.0,0.0,0.0,0.0,0.0,0.0,0.0,0.0,1.0,0.0,0.0,False,Qwen/Qwen2.5-VL-7B-Instruct-AWQ,None
1213,Pie,Easy,0.0,0.0,0.0,0.0,1.0,0.0,0.0,0.0,0.0,1.0,0.0,0.0,,False,Qwen/Qwen2.5-VL-7B-Instruct-AWQ,None
1213,Pie,Easy,0.0,0.0,0.0,0.0,1.0,0.0,0.0,0.0,0.0,1.0,0.0,0.0,,False,Qwen/Qwen2.5-VL-7B-Instruct-AWQ,None
1213,Pie,Easy,0.0,0.0,0.0,0.0,1.0,0.0,0.0,0.0,0.0,1.0,0.0,0.0,,False,Qwen/Qwen2.5-VL-7B-Instruct-AWQ,None
1214,Grouping Scatter,Medium,1.0,0.0,0.0,0.0,0.0,0.0,0.0,0.0,1.0,0.0,0.0,0.0,,False,Qwen/Qwen2.5-VL-7B-Instruct-AWQ,None
1214,Grouping Scatter,Medium,1.0,0.0,0.0,0.0,0.0,0.0,0.0,0.0,1.0,0.0,0.0,0.0,,False,Qwen/Qwen2.5-VL-7B-Instruct-AWQ,None
1214,Grouping Scatter,Medium,1.0,0.0,0.0,0.0,0.0,0.0,0.0,0.0,1.0,0.0,0.0,0.0,,False,Qwen/Qwen2.5-VL-7B-Instruct-AWQ,None
1216,Pie,Hard,1.0,0.0,0.0,0.0,0.0,0.0,0.0,0.0,1.0,0.0,0.0,0.0,,True,Qwen/Qwen2.5-VL-7B-Instruct-AWQ,None
1216,Pie,Hard,1.0,0.0,0.0,0.0,0.0,0.0,0.0,0.0,1.0,0.0,0.0,0.0,,True,Qwen/Qwen2.5-VL-7B-Instruct-AWQ,None
1216,Pie,Hard,1.0,0.0,0.0,0.0,0.0,0.0,0.0,0.0,1.0,0.0,0.0,0.0,,True,Qwen/Qwen2.5-VL-7B-Instruct-AWQ,None
1223,Pie,Hard,0.5,0.0,0.0,0.0,0.5,0.0,0.0,0.0,0.5,0.5,0.0,0.0,,True,Qwen/Qwen2.5-VL-7B-Instruct-AWQ,None
1223,Pie,Hard,0.5,0.0,0.0,0.0,0.5,0.0,0.0,0.0,0.5,0.5,0.0,0.0,,True,Qwen/Qwen2.5-VL-7B-Instruct-AWQ,None
1223,Pie,Hard,0.5,0.0,0.0,0.0,0.5,0.0,0.0,0.0,0.5,0.5,0.0,0.0,,True,Qwen/Qwen2.5-VL-7B-Instruct-AWQ,None
1229,Bar,Easy,0.0,0.0,0.0,0.0,0.0,0.0,0.0,0.0,0.0,0.0,1.0,0.0,0.0,False,Qwen/Qwen2.5-VL-7B-Instruct-AWQ,None
1229,Bar,Easy,0.0,0.0,0.0,0.0,0.0,0.0,0.0,0.0,0.0,0.0,1.0,0.0,0.0,False,Qwen/Qwen2.5-VL-7B-Instruct-AWQ,None
1229,Bar,Easy,0.0,0.0,0.0,0.0,0.0,0.0,0.0,0.0,0.0,0.0,1.0,0.0,0.0,False,Qwen/Qwen2.5-VL-7B-Instruct-AWQ,None
1232,Bar,Easy,0.0,0.0,0.0,0.0,0.0,0.0,0.0,0.0,0.0,0.0,1.0,0.0,0.0,False,Qwen/Qwen2.5-VL-7B-Instruct-AWQ,None
1232,Bar,Easy,0.0,0.0,0.0,0.0,0.0,0.0,0.0,0.0,0.0,0.0,1.0,0.0,0.0,False,Qwen/Qwen2.5-VL-7B-Instruct-AWQ,None
1232,Bar,Easy,0.0,0.0,0.0,0.0,0.0,0.0,0.0,0.0,0.0,0.0,1.0,0.0,0.0,False,Qwen/Qwen2.5-VL-7B-Instruct-AWQ,None
1233,Bar,Easy,0.4,0.0,0.0,0.0,0.0,0.0,0.0,0.0,0.4,0.0,0.6,0.0,0.0,False,Qwen/Qwen2.5-VL-7B-Instruct-AWQ,None
1233,Bar,Easy,0.4,0.0,0.0,0.0,0.0,0.0,0.0,0.0,0.4,0.0,0.6,0.0,0.0,False,Qwen/Qwen2.5-VL-7B-Instruct-AWQ,None
1233,Bar,Easy,0.4,0.0,0.0,0.0,0.0,0.0,0.0,0.0,0.4,0.0,0.6,0.0,0.0,False,Qwen/Qwen2.5-VL-7B-Instruct-AWQ,None
1234,Pie,Medium,0.3333333333333333,0.0,0.0,0.0,0.6666666666666666,0.0,0.0,0.0,0.3333333333333333,0.6666666666666666,0.0,0.0,,False,Qwen/Qwen2.5-VL-7B-Instruct-AWQ,None
1234,Pie,Medium,0.3333333333333333,0.0,0.0,0.0,0.6666666666666666,0.0,0.0,0.0,0.3333333333333333,0.6666666666666666,0.0,0.0,,False,Qwen/Qwen2.5-VL-7B-Instruct-AWQ,None
1234,Pie,Medium,0.3333333333333333,0.0,0.0,0.0,0.6666666666666666,0.0,0.0,0.0,0.3333333333333333,0.6666666666666666,0.0,0.0,,False,Qwen/Qwen2.5-VL-7B-Instruct-AWQ,None
1236,Pie,Easy,0.0,0.0,0.0,0.5,0.5,0.0,0.0,0.0,0.0,1.0,0.0,0.0,,False,Qwen/Qwen2.5-VL-7B-Instruct-AWQ,None
1236,Pie,Easy,0.0,0.0,0.0,0.5,0.5,0.0,0.0,0.0,0.0,1.0,0.0,0.0,,False,Qwen/Qwen2.5-VL-7B-Instruct-AWQ,None
1236,Pie,Easy,0.0,0.0,0.0,0.5,0.5,0.0,0.0,0.0,0.0,1.0,0.0,0.0,,False,Qwen/Qwen2.5-VL-7B-Instruct-AWQ,None
1241,Grouping Scatter,Easy,0.5,0.0,0.0,0.0,0.0,0.0,0.0,0.0,0.5,0.0,0.5,0.0,0.0,False,Qwen/Qwen2.5-VL-7B-Instruct-AWQ,None
1241,Grouping Scatter,Easy,0.5,0.0,0.0,0.0,0.0,0.0,0.0,0.0,0.5,0.0,0.5,0.0,0.0,False,Qwen/Qwen2.5-VL-7B-Instruct-AWQ,None
1241,Grouping Scatter,Easy,0.5,0.0,0.0,0.0,0.0,0.0,0.0,0.0,0.5,0.0,0.5,0.0,0.0,False,Qwen/Qwen2.5-VL-7B-Instruct-AWQ,None
1274,Pie,Medium,0.0,0.0,0.0,1.0,0.0,0.0,0.0,0.0,0.0,1.0,0.0,0.0,,False,Qwen/Qwen2.5-VL-7B-Instruct-AWQ,None
1274,Pie,Medium,0.0,0.0,0.0,1.0,0.0,0.0,0.0,0.0,0.0,1.0,0.0,0.0,,False,Qwen/Qwen2.5-VL-7B-Instruct-AWQ,None
1274,Pie,Medium,0.0,0.0,0.0,1.0,0.0,0.0,0.0,0.0,0.0,1.0,0.0,0.0,,False,Qwen/Qwen2.5-VL-7B-Instruct-AWQ,None
1275,Bar,Medium,0.0,0.0,0.0,0.0,0.0,0.0,0.0,0.0,0.0,0.0,1.0,0.0,0.0,False,Qwen/Qwen2.5-VL-7B-Instruct-AWQ,None
1275,Bar,Medium,0.0,0.0,0.0,0.0,0.0,0.0,0.0,0.0,0.0,0.0,1.0,0.0,0.0,False,Qwen/Qwen2.5-VL-7B-Instruct-AWQ,None
1275,Bar,Medium,0.0,0.0,0.0,0.0,0.0,0.0,0.0,0.0,0.0,0.0,1.0,0.0,0.0,False,Qwen/Qwen2.5-VL-7B-Instruct-AWQ,None
1277,Pie,Medium,0.0,0.0,0.0,0.0,1.0,0.0,0.0,0.0,0.0,1.0,0.0,0.0,,True,Qwen/Qwen2.5-VL-7B-Instruct-AWQ,None
1277,Pie,Medium,0.0,0.0,0.0,0.0,1.0,0.0,0.0,0.0,0.0,1.0,0.0,0.0,,True,Qwen/Qwen2.5-VL-7B-Instruct-AWQ,None
1277,Pie,Medium,0.0,0.0,0.0,0.0,1.0,0.0,0.0,0.0,0.0,1.0,0.0,0.0,,True,Qwen/Qwen2.5-VL-7B-Instruct-AWQ,None
1285,Line,Medium,0.0,0.0,0.0,0.0,1.0,0.0,0.0,0.0,0.0,1.0,0.0,0.0,,False,Qwen/Qwen2.5-VL-7B-Instruct-AWQ,None
1285,Line,Medium,0.0,0.0,0.0,0.0,1.0,0.0,0.0,0.0,0.0,1.0,0.0,0.0,,False,Qwen/Qwen2.5-VL-7B-Instruct-AWQ,None
1285,Line,Medium,0.0,0.0,0.0,0.0,1.0,0.0,0.0,0.0,0.0,1.0,0.0,0.0,,False,Qwen/Qwen2.5-VL-7B-Instruct-AWQ,None
1288,Pie,Medium,0.0,0.0,0.0,0.0,0.5,0.0,0.0,0.0,0.0,0.5,0.5,0.0,0.0,True,Qwen/Qwen2.5-VL-7B-Instruct-AWQ,None
1288,Pie,Medium,0.0,0.0,0.0,0.0,0.5,0.0,0.0,0.0,0.0,0.5,0.5,0.0,0.0,True,Qwen/Qwen2.5-VL-7B-Instruct-AWQ,None
1288,Pie,Medium,0.0,0.0,0.0,0.0,0.5,0.0,0.0,0.0,0.0,0.5,0.5,0.0,0.0,True,Qwen/Qwen2.5-VL-7B-Instruct-AWQ,None
1296,Bar,Easy,0.5,0.0,0.0,0.0,0.5,0.0,0.0,0.0,0.5,0.5,0.0,0.0,,False,Qwen/Qwen2.5-VL-7B-Instruct-AWQ,None
1296,Bar,Easy,0.5,0.0,0.0,0.0,0.5,0.0,0.0,0.0,0.5,0.5,0.0,0.0,,False,Qwen/Qwen2.5-VL-7B-Instruct-AWQ,None
1296,Bar,Easy,0.5,0.0,0.0,0.0,0.5,0.0,0.0,0.0,0.5,0.5,0.0,0.0,,False,Qwen/Qwen2.5-VL-7B-Instruct-AWQ,None
1297,Bar,Easy,0.0,0.0,0.0,0.0,0.0,0.0,0.0,0.0,0.0,0.0,1.0,0.0,0.0,False,Qwen/Qwen2.5-VL-7B-Instruct-AWQ,None
1297,Bar,Easy,0.0,0.0,0.0,0.0,0.0,0.0,0.0,0.0,0.0,0.0,1.0,0.0,0.0,False,Qwen/Qwen2.5-VL-7B-Instruct-AWQ,None
1297,Bar,Easy,0.0,0.0,0.0,0.0,0.0,0.0,0.0,0.0,0.0,0.0,1.0,0.0,0.0,False,Qwen/Qwen2.5-VL-7B-Instruct-AWQ,None
1303,Pie,Easy,0.0,0.0,0.0,0.0,1.0,0.0,0.0,0.0,0.0,1.0,0.0,0.0,,False,Qwen/Qwen2.5-VL-7B-Instruct-AWQ,None
1303,Pie,Easy,0.0,0.0,0.0,0.0,1.0,0.0,0.0,0.0,0.0,1.0,0.0,0.0,,False,Qwen/Qwen2.5-VL-7B-Instruct-AWQ,None
1303,Pie,Easy,0.0,0.0,0.0,0.0,1.0,0.0,0.0,0.0,0.0,1.0,0.0,0.0,,False,Qwen/Qwen2.5-VL-7B-Instruct-AWQ,None
1309,Pie,Medium,0.0,0.0,0.0,0.0,1.0,0.0,0.0,0.0,0.0,1.0,0.0,0.0,,True,Qwen/Qwen2.5-VL-7B-Instruct-AWQ,None
1309,Pie,Medium,0.0,0.0,0.0,0.0,1.0,0.0,0.0,0.0,0.0,1.0,0.0,0.0,,True,Qwen/Qwen2.5-VL-7B-Instruct-AWQ,None
1309,Pie,Medium,0.0,0.0,0.0,0.0,1.0,0.0,0.0,0.0,0.0,1.0,0.0,0.0,,True,Qwen/Qwen2.5-VL-7B-Instruct-AWQ,None
1310,Pie,Medium,0.0,0.0,0.0,0.0,1.0,0.0,0.0,0.0,0.0,1.0,0.0,0.0,,True,Qwen/Qwen2.5-VL-7B-Instruct-AWQ,None
1310,Pie,Medium,0.0,0.0,0.0,0.0,1.0,0.0,0.0,0.0,0.0,1.0,0.0,0.0,,True,Qwen/Qwen2.5-VL-7B-Instruct-AWQ,None
1310,Pie,Medium,0.0,0.0,0.0,0.0,1.0,0.0,0.0,0.0,0.0,1.0,0.0,0.0,,True,Qwen/Qwen2.5-VL-7B-Instruct-AWQ,None
1314,Pie,Medium,1.0,0.0,0.0,0.0,0.0,0.0,0.0,0.0,1.0,0.0,0.0,0.0,,True,Qwen/Qwen2.5-VL-7B-Instruct-AWQ,None
1314,Pie,Medium,1.0,0.0,0.0,0.0,0.0,0.0,0.0,0.0,1.0,0.0,0.0,0.0,,True,Qwen/Qwen2.5-VL-7B-Instruct-AWQ,None
1314,Pie,Medium,1.0,0.0,0.0,0.0,0.0,0.0,0.0,0.0,1.0,0.0,0.0,0.0,,True,Qwen/Qwen2.5-VL-7B-Instruct-AWQ,None
1316,Pie,Hard,0.5,0.0,0.0,0.0,0.5,0.0,0.0,0.0,0.5,0.5,0.0,0.0,,True,Qwen/Qwen2.5-VL-7B-Instruct-AWQ,None
1316,Pie,Hard,0.5,0.0,0.0,0.0,0.5,0.0,0.0,0.0,0.5,0.5,0.0,0.0,,True,Qwen/Qwen2.5-VL-7B-Instruct-AWQ,None
1316,Pie,Hard,0.5,0.0,0.0,0.0,0.5,0.0,0.0,0.0,0.5,0.5,0.0,0.0,,True,Qwen/Qwen2.5-VL-7B-Instruct-AWQ,None
1317,Bar,Hard,0.5,0.0,0.0,0.0,0.0,0.0,0.0,0.0,0.5,0.0,0.5,0.0,0.0,True,Qwen/Qwen2.5-VL-7B-Instruct-AWQ,None
1317,Bar,Hard,0.5,0.0,0.0,0.0,0.0,0.0,0.0,0.0,0.5,0.0,0.5,0.0,0.0,True,Qwen/Qwen2.5-VL-7B-Instruct-AWQ,None
1317,Bar,Hard,0.5,0.0,0.0,0.0,0.0,0.0,0.0,0.0,0.5,0.0,0.5,0.0,0.0,True,Qwen/Qwen2.5-VL-7B-Instruct-AWQ,None
1318,Pie,Hard,0.0,0.0,0.0,0.0,1.0,0.0,0.0,0.0,0.0,1.0,0.0,0.0,,True,Qwen/Qwen2.5-VL-7B-Instruct-AWQ,None
1318,Pie,Hard,0.0,0.0,0.0,0.0,1.0,0.0,0.0,0.0,0.0,1.0,0.0,0.0,,True,Qwen/Qwen2.5-VL-7B-Instruct-AWQ,None
1318,Pie,Hard,0.0,0.0,0.0,0.0,1.0,0.0,0.0,0.0,0.0,1.0,0.0,0.0,,True,Qwen/Qwen2.5-VL-7B-Instruct-AWQ,None
1319,Bar,Hard,1.0,0.0,0.0,0.0,0.0,0.0,0.0,0.0,1.0,0.0,0.0,0.0,,True,Qwen/Qwen2.5-VL-7B-Instruct-AWQ,None
1319,Bar,Hard,1.0,0.0,0.0,0.0,0.0,0.0,0.0,0.0,1.0,0.0,0.0,0.0,,True,Qwen/Qwen2.5-VL-7B-Instruct-AWQ,None
1319,Bar,Hard,1.0,0.0,0.0,0.0,0.0,0.0,0.0,0.0,1.0,0.0,0.0,0.0,,True,Qwen/Qwen2.5-VL-7B-Instruct-AWQ,None
1325,Pie,Easy,0.5,0.0,0.0,0.0,0.5,0.0,0.0,0.0,0.5,0.5,0.0,0.0,,False,Qwen/Qwen2.5-VL-7B-Instruct-AWQ,None
1325,Pie,Easy,0.5,0.0,0.0,0.0,0.5,0.0,0.0,0.0,0.5,0.5,0.0,0.0,,False,Qwen/Qwen2.5-VL-7B-Instruct-AWQ,None
1325,Pie,Easy,0.5,0.0,0.0,0.0,0.5,0.0,0.0,0.0,0.5,0.5,0.0,0.0,,False,Qwen/Qwen2.5-VL-7B-Instruct-AWQ,None
1326,Bar,Easy,0.5,0.0,0.0,0.0,0.5,0.0,0.0,0.0,0.5,0.5,0.0,0.0,,False,Qwen/Qwen2.5-VL-7B-Instruct-AWQ,None
1326,Bar,Easy,0.5,0.0,0.0,0.0,0.5,0.0,0.0,0.0,0.5,0.5,0.0,0.0,,False,Qwen/Qwen2.5-VL-7B-Instruct-AWQ,None
1326,Bar,Easy,0.5,0.0,0.0,0.0,0.5,0.0,0.0,0.0,0.5,0.5,0.0,0.0,,False,Qwen/Qwen2.5-VL-7B-Instruct-AWQ,None
1354,Pie,Easy,0.0,0.0,0.0,0.0,1.0,0.0,0.0,0.0,0.0,1.0,0.0,0.0,,False,Qwen/Qwen2.5-VL-7B-Instruct-AWQ,None
1354,Pie,Easy,0.0,0.0,0.0,0.0,1.0,0.0,0.0,0.0,0.0,1.0,0.0,0.0,,False,Qwen/Qwen2.5-VL-7B-Instruct-AWQ,None
1354,Pie,Easy,0.0,0.0,0.0,0.0,1.0,0.0,0.0,0.0,0.0,1.0,0.0,0.0,,False,Qwen/Qwen2.5-VL-7B-Instruct-AWQ,None
1363,Bar,Easy,0.0,0.0,0.0,0.0,0.0,0.0,0.0,0.0,0.0,0.0,1.0,0.0,0.0,False,Qwen/Qwen2.5-VL-7B-Instruct-AWQ,None
1363,Bar,Easy,0.0,0.0,0.0,0.0,0.0,0.0,0.0,0.0,0.0,0.0,1.0,0.0,0.0,False,Qwen/Qwen2.5-VL-7B-Instruct-AWQ,None
1363,Bar,Easy,0.0,0.0,0.0,0.0,0.0,0.0,0.0,0.0,0.0,0.0,1.0,0.0,0.0,False,Qwen/Qwen2.5-VL-7B-Instruct-AWQ,None
1376,Pie,Medium,0.0,0.0,0.0,1.0,1.0,0.0,0.0,0.0,0.0,1.0,0.0,0.0,,True,Qwen/Qwen2.5-VL-7B-Instruct-AWQ,None
1376,Pie,Medium,0.0,0.0,0.0,1.0,1.0,0.0,0.0,0.0,0.0,1.0,0.0,0.0,,True,Qwen/Qwen2.5-VL-7B-Instruct-AWQ,None
1376,Pie,Medium,0.0,0.0,0.0,1.0,1.0,0.0,0.0,0.0,0.0,1.0,0.0,0.0,,True,Qwen/Qwen2.5-VL-7B-Instruct-AWQ,None
1377,Bar,Medium,1.0,0.0,0.0,0.0,0.0,0.0,0.0,0.0,1.0,0.0,0.0,0.0,,True,Qwen/Qwen2.5-VL-7B-Instruct-AWQ,None
1377,Bar,Medium,1.0,0.0,0.0,0.0,0.0,0.0,0.0,0.0,1.0,0.0,0.0,0.0,,True,Qwen/Qwen2.5-VL-7B-Instruct-AWQ,None
1377,Bar,Medium,1.0,0.0,0.0,0.0,0.0,0.0,0.0,0.0,1.0,0.0,0.0,0.0,,True,Qwen/Qwen2.5-VL-7B-Instruct-AWQ,None
1379,Pie,Medium,0.0,0.0,0.0,0.0,1.0,0.0,0.0,0.0,0.0,1.0,0.0,0.0,,True,Qwen/Qwen2.5-VL-7B-Instruct-AWQ,None
1379,Pie,Medium,0.0,0.0,0.0,0.0,1.0,0.0,0.0,0.0,0.0,1.0,0.0,0.0,,True,Qwen/Qwen2.5-VL-7B-Instruct-AWQ,None
1379,Pie,Medium,0.0,0.0,0.0,0.0,1.0,0.0,0.0,0.0,0.0,1.0,0.0,0.0,,True,Qwen/Qwen2.5-VL-7B-Instruct-AWQ,None
1381,Pie,Medium,0.0,0.0,0.0,1.0,1.0,0.0,0.0,0.0,0.0,1.0,0.0,0.0,,True,Qwen/Qwen2.5-VL-7B-Instruct-AWQ,None
1381,Pie,Medium,0.0,0.0,0.0,1.0,1.0,0.0,0.0,0.0,0.0,1.0,0.0,0.0,,True,Qwen/Qwen2.5-VL-7B-Instruct-AWQ,None
1381,Pie,Medium,0.0,0.0,0.0,1.0,1.0,0.0,0.0,0.0,0.0,1.0,0.0,0.0,,True,Qwen/Qwen2.5-VL-7B-Instruct-AWQ,None
1383,Pie,Easy,0.0,0.0,0.0,0.0,1.0,0.0,0.0,0.0,0.0,1.0,0.0,0.0,,False,Qwen/Qwen2.5-VL-7B-Instruct-AWQ,None
1383,Pie,Easy,0.0,0.0,0.0,0.0,1.0,0.0,0.0,0.0,0.0,1.0,0.0,0.0,,False,Qwen/Qwen2.5-VL-7B-Instruct-AWQ,None
1383,Pie,Easy,0.0,0.0,0.0,0.0,1.0,0.0,0.0,0.0,0.0,1.0,0.0,0.0,,False,Qwen/Qwen2.5-VL-7B-Instruct-AWQ,None
1389,Pie,Medium,0.0,0.0,0.0,0.5,1.0,0.0,0.0,0.0,0.0,1.0,0.0,0.0,,True,Qwen/Qwen2.5-VL-7B-Instruct-AWQ,None
1389,Pie,Medium,0.0,0.0,0.0,0.5,1.0,0.0,0.0,0.0,0.0,1.0,0.0,0.0,,True,Qwen/Qwen2.5-VL-7B-Instruct-AWQ,None
1389,Pie,Medium,0.0,0.0,0.0,0.5,1.0,0.0,0.0,0.0,0.0,1.0,0.0,0.0,,True,Qwen/Qwen2.5-VL-7B-Instruct-AWQ,None
1392,Bar,Medium,1.0,0.0,0.0,0.0,0.0,0.0,0.0,0.0,1.0,0.0,0.0,0.0,,True,Qwen/Qwen2.5-VL-7B-Instruct-AWQ,None
1392,Bar,Medium,1.0,0.0,0.0,0.0,0.0,0.0,0.0,0.0,1.0,0.0,0.0,0.0,,True,Qwen/Qwen2.5-VL-7B-Instruct-AWQ,None
1392,Bar,Medium,1.0,0.0,0.0,0.0,0.0,0.0,0.0,0.0,1.0,0.0,0.0,0.0,,True,Qwen/Qwen2.5-VL-7B-Instruct-AWQ,None
1395,Pie,Medium,0.5,0.0,0.0,0.0,0.0,0.0,0.0,0.0,0.5,0.0,0.5,0.0,0.0,True,Qwen/Qwen2.5-VL-7B-Instruct-AWQ,None
1395,Pie,Medium,0.5,0.0,0.0,0.0,0.0,0.0,0.0,0.0,0.5,0.0,0.5,0.0,0.0,True,Qwen/Qwen2.5-VL-7B-Instruct-AWQ,None
1395,Pie,Medium,0.5,0.0,0.0,0.0,0.0,0.0,0.0,0.0,0.5,0.0,0.5,0.0,0.0,True,Qwen/Qwen2.5-VL-7B-Instruct-AWQ,None
1398,Scatter,Easy,0.16666666666666666,0.0,0.0,0.0,0.16666666666666666,0.0,0.0,0.0,0.16666666666666666,0.16666666666666666,0.6666666666666666,0.0,0.0,False,Qwen/Qwen2.5-VL-7B-Instruct-AWQ,None
1398,Scatter,Easy,0.16666666666666666,0.0,0.0,0.0,0.16666666666666666,0.0,0.0,0.0,0.16666666666666666,0.16666666666666666,0.6666666666666666,0.0,0.0,False,Qwen/Qwen2.5-VL-7B-Instruct-AWQ,None
1398,Scatter,Easy,0.16666666666666666,0.0,0.0,0.0,0.16666666666666666,0.0,0.0,0.0,0.16666666666666666,0.16666666666666666,0.6666666666666666,0.0,0.0,False,Qwen/Qwen2.5-VL-7B-Instruct-AWQ,None
1400,Pie,Easy,0.0,0.0,0.0,0.0,1.0,0.0,0.0,0.0,0.0,1.0,0.0,0.0,,False,Qwen/Qwen2.5-VL-7B-Instruct-AWQ,None
1400,Pie,Easy,0.0,0.0,0.0,0.0,1.0,0.0,0.0,0.0,0.0,1.0,0.0,0.0,,False,Qwen/Qwen2.5-VL-7B-Instruct-AWQ,None
1400,Pie,Easy,0.0,0.0,0.0,0.0,1.0,0.0,0.0,0.0,0.0,1.0,0.0,0.0,,False,Qwen/Qwen2.5-VL-7B-Instruct-AWQ,None
1408,Bar,Easy,0.3333333333333333,0.0,0.0,0.0,0.0,0.0,0.0,0.0,0.3333333333333333,0.0,0.6666666666666666,0.0,0.0,False,Qwen/Qwen2.5-VL-7B-Instruct-AWQ,None
1408,Bar,Easy,0.3333333333333333,0.0,0.0,0.0,0.0,0.0,0.0,0.0,0.3333333333333333,0.0,0.6666666666666666,0.0,0.0,False,Qwen/Qwen2.5-VL-7B-Instruct-AWQ,None
1408,Bar,Easy,0.3333333333333333,0.0,0.0,0.0,0.0,0.0,0.0,0.0,0.3333333333333333,0.0,0.6666666666666666,0.0,0.0,False,Qwen/Qwen2.5-VL-7B-Instruct-AWQ,None
1411,Bar,Easy,0.0,0.0,0.0,0.0,0.0,0.0,0.0,0.0,0.0,0.0,1.0,0.0,0.0,False,Qwen/Qwen2.5-VL-7B-Instruct-AWQ,None
1411,Bar,Easy,0.0,0.0,0.0,0.0,0.0,0.0,0.0,0.0,0.0,0.0,1.0,0.0,0.0,False,Qwen/Qwen2.5-VL-7B-Instruct-AWQ,None
1411,Bar,Easy,0.0,0.0,0.0,0.0,0.0,0.0,0.0,0.0,0.0,0.0,1.0,0.0,0.0,False,Qwen/Qwen2.5-VL-7B-Instruct-AWQ,None
1434,Pie,Hard,0.0,0.0,0.0,0.0,1.0,0.0,0.0,0.0,0.0,1.0,0.0,0.0,,True,Qwen/Qwen2.5-VL-7B-Instruct-AWQ,None
1434,Pie,Hard,0.0,0.0,0.0,0.0,1.0,0.0,0.0,0.0,0.0,1.0,0.0,0.0,,True,Qwen/Qwen2.5-VL-7B-Instruct-AWQ,None
1434,Pie,Hard,0.0,0.0,0.0,0.0,1.0,0.0,0.0,0.0,0.0,1.0,0.0,0.0,,True,Qwen/Qwen2.5-VL-7B-Instruct-AWQ,None
1435,Bar,Hard,0.25,0.0,0.0,0.0,0.75,0.0,0.0,0.0,0.25,0.75,0.0,0.0,,True,Qwen/Qwen2.5-VL-7B-Instruct-AWQ,None
1435,Bar,Hard,0.25,0.0,0.0,0.0,0.75,0.0,0.0,0.0,0.25,0.75,0.0,0.0,,True,Qwen/Qwen2.5-VL-7B-Instruct-AWQ,None
1435,Bar,Hard,0.25,0.0,0.0,0.0,0.75,0.0,0.0,0.0,0.25,0.75,0.0,0.0,,True,Qwen/Qwen2.5-VL-7B-Instruct-AWQ,None
1460,Bar,Medium,0.75,0.0,0.25,0.0,0.0,0.0,0.0,0.0,0.75,0.25,0.0,0.0,,False,Qwen/Qwen2.5-VL-7B-Instruct-AWQ,None
1460,Bar,Medium,0.75,0.0,0.25,0.0,0.0,0.0,0.0,0.0,0.75,0.25,0.0,0.0,,False,Qwen/Qwen2.5-VL-7B-Instruct-AWQ,None
1460,Bar,Medium,0.75,0.0,0.25,0.0,0.0,0.0,0.0,0.0,0.75,0.25,0.0,0.0,,False,Qwen/Qwen2.5-VL-7B-Instruct-AWQ,None
1465,Scatter,Easy,0.0,0.0,0.0,0.0,0.0,0.0,0.0,0.0,0.0,0.0,1.0,0.0,0.0,False,Qwen/Qwen2.5-VL-7B-Instruct-AWQ,None
1465,Scatter,Easy,0.0,0.0,0.0,0.0,0.0,0.0,0.0,0.0,0.0,0.0,1.0,0.0,0.0,False,Qwen/Qwen2.5-VL-7B-Instruct-AWQ,None
1465,Scatter,Easy,0.0,0.0,0.0,0.0,0.0,0.0,0.0,0.0,0.0,0.0,1.0,0.0,0.0,False,Qwen/Qwen2.5-VL-7B-Instruct-AWQ,None
1468,Grouping Scatter,Medium,0.5,0.0,0.0,0.0,0.0,0.0,0.0,0.0,0.5,0.0,0.5,0.0,0.0,False,Qwen/Qwen2.5-VL-7B-Instruct-AWQ,None
1468,Grouping Scatter,Medium,0.5,0.0,0.0,0.0,0.0,0.0,0.0,0.0,0.5,0.0,0.5,0.0,0.0,False,Qwen/Qwen2.5-VL-7B-Instruct-AWQ,None
1468,Grouping Scatter,Medium,0.5,0.0,0.0,0.0,0.0,0.0,0.0,0.0,0.5,0.0,0.5,0.0,0.0,False,Qwen/Qwen2.5-VL-7B-Instruct-AWQ,None
1482,Grouping Line,Hard,0.0,0.0,0.0,1.0,1.0,0.0,0.0,0.0,0.0,1.0,0.0,0.0,,False,Qwen/Qwen2.5-VL-7B-Instruct-AWQ,None
1482,Grouping Line,Hard,0.0,0.0,0.0,1.0,1.0,0.0,0.0,0.0,0.0,1.0,0.0,0.0,,False,Qwen/Qwen2.5-VL-7B-Instruct-AWQ,None
1482,Grouping Line,Hard,0.0,0.0,0.0,1.0,1.0,0.0,0.0,0.0,0.0,1.0,0.0,0.0,,False,Qwen/Qwen2.5-VL-7B-Instruct-AWQ,None
1496,Pie,Easy,0.0,0.0,0.0,0.0,1.0,0.0,0.0,0.0,0.0,1.0,0.0,0.0,,False,Qwen/Qwen2.5-VL-7B-Instruct-AWQ,None
1496,Pie,Easy,0.0,0.0,0.0,0.0,1.0,0.0,0.0,0.0,0.0,1.0,0.0,0.0,,False,Qwen/Qwen2.5-VL-7B-Instruct-AWQ,None
1496,Pie,Easy,0.0,0.0,0.0,0.0,1.0,0.0,0.0,0.0,0.0,1.0,0.0,0.0,,False,Qwen/Qwen2.5-VL-7B-Instruct-AWQ,None
1497,Pie,Easy,0.0,0.0,0.0,0.3333333333333333,0.6666666666666666,0.0,0.0,0.0,0.0,1.0,0.0,0.0,,False,Qwen/Qwen2.5-VL-7B-Instruct-AWQ,None
1497,Pie,Easy,0.0,0.0,0.0,0.3333333333333333,0.6666666666666666,0.0,0.0,0.0,0.0,1.0,0.0,0.0,,False,Qwen/Qwen2.5-VL-7B-Instruct-AWQ,None
1497,Pie,Easy,0.0,0.0,0.0,0.3333333333333333,0.6666666666666666,0.0,0.0,0.0,0.0,1.0,0.0,0.0,,False,Qwen/Qwen2.5-VL-7B-Instruct-AWQ,None
1499,Bar,Medium,0.0,0.0,0.0,0.0,1.0,0.0,0.0,0.0,0.0,1.0,0.0,0.0,,False,Qwen/Qwen2.5-VL-7B-Instruct-AWQ,None
1499,Bar,Medium,0.0,0.0,0.0,0.0,1.0,0.0,0.0,0.0,0.0,1.0,0.0,0.0,,False,Qwen/Qwen2.5-VL-7B-Instruct-AWQ,None
1499,Bar,Medium,0.0,0.0,0.0,0.0,1.0,0.0,0.0,0.0,0.0,1.0,0.0,0.0,,False,Qwen/Qwen2.5-VL-7B-Instruct-AWQ,None
1500,Pie,Easy,0.0,0.0,0.0,0.0,1.0,0.0,0.0,0.0,0.0,1.0,0.0,0.0,,False,Qwen/Qwen2.5-VL-7B-Instruct-AWQ,None
1500,Pie,Easy,0.0,0.0,0.0,0.0,1.0,0.0,0.0,0.0,0.0,1.0,0.0,0.0,,False,Qwen/Qwen2.5-VL-7B-Instruct-AWQ,None
1500,Pie,Easy,0.0,0.0,0.0,0.0,1.0,0.0,0.0,0.0,0.0,1.0,0.0,0.0,,False,Qwen/Qwen2.5-VL-7B-Instruct-AWQ,None
1504,Grouping Scatter,Medium,0.0,0.0,0.0,0.0,0.0,0.0,0.0,0.0,0.0,0.0,1.0,0.0,0.0,False,Qwen/Qwen2.5-VL-7B-Instruct-AWQ,None
1504,Grouping Scatter,Medium,0.0,0.0,0.0,0.0,0.0,0.0,0.0,0.0,0.0,0.0,1.0,0.0,0.0,False,Qwen/Qwen2.5-VL-7B-Instruct-AWQ,None
1504,Grouping Scatter,Medium,0.0,0.0,0.0,0.0,0.0,0.0,0.0,0.0,0.0,0.0,1.0,0.0,0.0,False,Qwen/Qwen2.5-VL-7B-Instruct-AWQ,None
1507,Pie,Easy,0.0,0.0,0.0,0.0,1.0,0.0,0.0,0.0,0.0,1.0,0.0,0.0,,False,Qwen/Qwen2.5-VL-7B-Instruct-AWQ,None
1507,Pie,Easy,0.0,0.0,0.0,0.0,1.0,0.0,0.0,0.0,0.0,1.0,0.0,0.0,,False,Qwen/Qwen2.5-VL-7B-Instruct-AWQ,None
1507,Pie,Easy,0.0,0.0,0.0,0.0,1.0,0.0,0.0,0.0,0.0,1.0,0.0,0.0,,False,Qwen/Qwen2.5-VL-7B-Instruct-AWQ,None
1509,Pie,Medium,0.0,0.0,0.0,0.0,1.0,0.0,0.0,0.0,0.0,1.0,0.0,0.0,,False,Qwen/Qwen2.5-VL-7B-Instruct-AWQ,None
1509,Pie,Medium,0.0,0.0,0.0,0.0,1.0,0.0,0.0,0.0,0.0,1.0,0.0,0.0,,False,Qwen/Qwen2.5-VL-7B-Instruct-AWQ,None
1509,Pie,Medium,0.0,0.0,0.0,0.0,1.0,0.0,0.0,0.0,0.0,1.0,0.0,0.0,,False,Qwen/Qwen2.5-VL-7B-Instruct-AWQ,None
1515,Pie,Medium,0.0,0.0,0.0,0.0,1.0,0.0,0.0,0.0,0.0,1.0,0.0,0.0,,True,Qwen/Qwen2.5-VL-7B-Instruct-AWQ,None
1515,Pie,Medium,0.0,0.0,0.0,0.0,1.0,0.0,0.0,0.0,0.0,1.0,0.0,0.0,,True,Qwen/Qwen2.5-VL-7B-Instruct-AWQ,None
1515,Pie,Medium,0.0,0.0,0.0,0.0,1.0,0.0,0.0,0.0,0.0,1.0,0.0,0.0,,True,Qwen/Qwen2.5-VL-7B-Instruct-AWQ,None
1517,Pie,Easy,0.0,0.0,0.0,0.0,1.0,0.0,0.0,0.0,0.0,1.0,0.0,0.0,,False,Qwen/Qwen2.5-VL-7B-Instruct-AWQ,None
1517,Pie,Easy,0.0,0.0,0.0,0.0,1.0,0.0,0.0,0.0,0.0,1.0,0.0,0.0,,False,Qwen/Qwen2.5-VL-7B-Instruct-AWQ,None
1517,Pie,Easy,0.0,0.0,0.0,0.0,1.0,0.0,0.0,0.0,0.0,1.0,0.0,0.0,,False,Qwen/Qwen2.5-VL-7B-Instruct-AWQ,None
1520,Pie,Medium,0.4,0.0,0.0,0.2,0.4,0.0,0.0,0.0,0.4,0.6,0.0,0.0,,True,Qwen/Qwen2.5-VL-7B-Instruct-AWQ,None
1520,Pie,Medium,0.4,0.0,0.0,0.2,0.4,0.0,0.0,0.0,0.4,0.6,0.0,0.0,,True,Qwen/Qwen2.5-VL-7B-Instruct-AWQ,None
1520,Pie,Medium,0.4,0.0,0.0,0.2,0.4,0.0,0.0,0.0,0.4,0.6,0.0,0.0,,True,Qwen/Qwen2.5-VL-7B-Instruct-AWQ,None
1522,Pie,Hard,1.0,0.0,0.0,0.0,0.0,0.0,0.0,0.0,1.0,0.0,0.0,0.0,,True,Qwen/Qwen2.5-VL-7B-Instruct-AWQ,None
1522,Pie,Hard,1.0,0.0,0.0,0.0,0.0,0.0,0.0,0.0,1.0,0.0,0.0,0.0,,True,Qwen/Qwen2.5-VL-7B-Instruct-AWQ,None
1522,Pie,Hard,1.0,0.0,0.0,0.0,0.0,0.0,0.0,0.0,1.0,0.0,0.0,0.0,,True,Qwen/Qwen2.5-VL-7B-Instruct-AWQ,None
1524,Pie,Medium,0.6666666666666666,0.0,0.0,0.0,0.3333333333333333,0.0,0.0,0.0,0.6666666666666666,0.3333333333333333,0.0,0.0,,True,Qwen/Qwen2.5-VL-7B-Instruct-AWQ,None
1524,Pie,Medium,0.6666666666666666,0.0,0.0,0.0,0.3333333333333333,0.0,0.0,0.0,0.6666666666666666,0.3333333333333333,0.0,0.0,,True,Qwen/Qwen2.5-VL-7B-Instruct-AWQ,None
1524,Pie,Medium,0.6666666666666666,0.0,0.0,0.0,0.3333333333333333,0.0,0.0,0.0,0.6666666666666666,0.3333333333333333,0.0,0.0,,True,Qwen/Qwen2.5-VL-7B-Instruct-AWQ,None
1526,Bar,Easy,0.0,0.0,0.0,0.0,0.0,0.0,0.0,0.0,0.0,0.0,1.0,0.0,0.0,False,Qwen/Qwen2.5-VL-7B-Instruct-AWQ,None
1526,Bar,Easy,0.0,0.0,0.0,0.0,0.0,0.0,0.0,0.0,0.0,0.0,1.0,0.0,0.0,False,Qwen/Qwen2.5-VL-7B-Instruct-AWQ,None
1526,Bar,Easy,0.0,0.0,0.0,0.0,0.0,0.0,0.0,0.0,0.0,0.0,1.0,0.0,0.0,False,Qwen/Qwen2.5-VL-7B-Instruct-AWQ,None
1527,Pie,Hard,0.3333333333333333,0.0,0.0,0.0,0.6666666666666666,0.0,0.0,0.0,0.3333333333333333,0.6666666666666666,0.0,0.0,,True,Qwen/Qwen2.5-VL-7B-Instruct-AWQ,None
1527,Pie,Hard,0.3333333333333333,0.0,0.0,0.0,0.6666666666666666,0.0,0.0,0.0,0.3333333333333333,0.6666666666666666,0.0,0.0,,True,Qwen/Qwen2.5-VL-7B-Instruct-AWQ,None
1527,Pie,Hard,0.3333333333333333,0.0,0.0,0.0,0.6666666666666666,0.0,0.0,0.0,0.3333333333333333,0.6666666666666666,0.0,0.0,,True,Qwen/Qwen2.5-VL-7B-Instruct-AWQ,None
1528,Bar,Hard,0.3333333333333333,0.0,0.0,0.0,0.0,0.0,0.0,0.0,0.3333333333333333,0.0,0.6666666666666666,0.0,0.0,True,Qwen/Qwen2.5-VL-7B-Instruct-AWQ,None
1528,Bar,Hard,0.3333333333333333,0.0,0.0,0.0,0.0,0.0,0.0,0.0,0.3333333333333333,0.0,0.6666666666666666,0.0,0.0,True,Qwen/Qwen2.5-VL-7B-Instruct-AWQ,None
1528,Bar,Hard,0.3333333333333333,0.0,0.0,0.0,0.0,0.0,0.0,0.0,0.3333333333333333,0.0,0.6666666666666666,0.0,0.0,True,Qwen/Qwen2.5-VL-7B-Instruct-AWQ,None
1529,Pie,Medium,0.3333333333333333,0.0,0.0,0.0,0.6666666666666666,0.0,0.0,0.0,0.3333333333333333,0.6666666666666666,0.0,0.0,,True,Qwen/Qwen2.5-VL-7B-Instruct-AWQ,None
1529,Pie,Medium,0.3333333333333333,0.0,0.0,0.0,0.6666666666666666,0.0,0.0,0.0,0.3333333333333333,0.6666666666666666,0.0,0.0,,True,Qwen/Qwen2.5-VL-7B-Instruct-AWQ,None
1529,Pie,Medium,0.3333333333333333,0.0,0.0,0.0,0.6666666666666666,0.0,0.0,0.0,0.3333333333333333,0.6666666666666666,0.0,0.0,,True,Qwen/Qwen2.5-VL-7B-Instruct-AWQ,None
1530,Bar,Medium,0.0,0.0,0.0,0.0,0.0,0.0,0.0,0.0,0.0,0.0,1.0,0.0,0.0,True,Qwen/Qwen2.5-VL-7B-Instruct-AWQ,None
1530,Bar,Medium,0.0,0.0,0.0,0.0,0.0,0.0,0.0,0.0,0.0,0.0,1.0,0.0,0.0,True,Qwen/Qwen2.5-VL-7B-Instruct-AWQ,None
1530,Bar,Medium,0.0,0.0,0.0,0.0,0.0,0.0,0.0,0.0,0.0,0.0,1.0,0.0,0.0,True,Qwen/Qwen2.5-VL-7B-Instruct-AWQ,None
1531,Pie,Medium,0.0,0.0,0.0,0.3333333333333333,0.3333333333333333,0.0,0.0,0.0,0.0,0.6666666666666666,0.3333333333333333,0.0,0.0,True,Qwen/Qwen2.5-VL-7B-Instruct-AWQ,None
1531,Pie,Medium,0.0,0.0,0.0,0.3333333333333333,0.3333333333333333,0.0,0.0,0.0,0.0,0.6666666666666666,0.3333333333333333,0.0,0.0,True,Qwen/Qwen2.5-VL-7B-Instruct-AWQ,None
1531,Pie,Medium,0.0,0.0,0.0,0.3333333333333333,0.3333333333333333,0.0,0.0,0.0,0.0,0.6666666666666666,0.3333333333333333,0.0,0.0,True,Qwen/Qwen2.5-VL-7B-Instruct-AWQ,None
1534,Pie,Medium,0.3333333333333333,0.0,0.0,0.0,0.6666666666666666,0.0,0.0,0.0,0.3333333333333333,0.6666666666666666,0.0,0.0,,True,Qwen/Qwen2.5-VL-7B-Instruct-AWQ,None
1534,Pie,Medium,0.3333333333333333,0.0,0.0,0.0,0.6666666666666666,0.0,0.0,0.0,0.3333333333333333,0.6666666666666666,0.0,0.0,,True,Qwen/Qwen2.5-VL-7B-Instruct-AWQ,None
1534,Pie,Medium,0.3333333333333333,0.0,0.0,0.0,0.6666666666666666,0.0,0.0,0.0,0.3333333333333333,0.6666666666666666,0.0,0.0,,True,Qwen/Qwen2.5-VL-7B-Instruct-AWQ,None
1535,Bar,Medium,0.0,0.0,0.0,0.2,0.8,0.0,0.0,0.0,0.0,0.8,0.2,0.0,0.0,True,Qwen/Qwen2.5-VL-7B-Instruct-AWQ,None
1535,Bar,Medium,0.0,0.0,0.0,0.2,0.8,0.0,0.0,0.0,0.0,0.8,0.2,0.0,0.0,True,Qwen/Qwen2.5-VL-7B-Instruct-AWQ,None
1535,Bar,Medium,0.0,0.0,0.0,0.2,0.8,0.0,0.0,0.0,0.0,0.8,0.2,0.0,0.0,True,Qwen/Qwen2.5-VL-7B-Instruct-AWQ,None
1537,Bar,Medium,0.0,0.0,0.0,1.0,1.0,0.0,0.0,0.0,0.0,1.0,0.0,0.0,,False,Qwen/Qwen2.5-VL-7B-Instruct-AWQ,None
1537,Bar,Medium,0.0,0.0,0.0,1.0,1.0,0.0,0.0,0.0,0.0,1.0,0.0,0.0,,False,Qwen/Qwen2.5-VL-7B-Instruct-AWQ,None
1537,Bar,Medium,0.0,0.0,0.0,1.0,1.0,0.0,0.0,0.0,0.0,1.0,0.0,0.0,,False,Qwen/Qwen2.5-VL-7B-Instruct-AWQ,None
1556,Line,Hard,0.5,0.0,0.0,0.0,0.5,0.0,0.0,0.0,0.5,0.5,0.0,0.0,,False,Qwen/Qwen2.5-VL-7B-Instruct-AWQ,None
1556,Line,Hard,0.5,0.0,0.0,0.0,0.5,0.0,0.0,0.0,0.5,0.5,0.0,0.0,,False,Qwen/Qwen2.5-VL-7B-Instruct-AWQ,None
1556,Line,Hard,0.5,0.0,0.0,0.0,0.5,0.0,0.0,0.0,0.5,0.5,0.0,0.0,,False,Qwen/Qwen2.5-VL-7B-Instruct-AWQ,None
1563,Bar,Extra Hard,0.0,0.0,0.0,0.0,1.0,0.0,0.0,0.0,0.0,1.0,0.0,0.0,,False,Qwen/Qwen2.5-VL-7B-Instruct-AWQ,None
1563,Bar,Extra Hard,0.0,0.0,0.0,0.0,1.0,0.0,0.0,0.0,0.0,1.0,0.0,0.0,,False,Qwen/Qwen2.5-VL-7B-Instruct-AWQ,None
1563,Bar,Extra Hard,0.0,0.0,0.0,0.0,1.0,0.0,0.0,0.0,0.0,1.0,0.0,0.0,,False,Qwen/Qwen2.5-VL-7B-Instruct-AWQ,None
1574,Scatter,Hard,0.75,0.0,0.0,0.0,0.25,0.0,0.0,0.0,0.75,0.25,0.0,0.0,,False,Qwen/Qwen2.5-VL-7B-Instruct-AWQ,None
1574,Scatter,Hard,0.75,0.0,0.0,0.0,0.25,0.0,0.0,0.0,0.75,0.25,0.0,0.0,,False,Qwen/Qwen2.5-VL-7B-Instruct-AWQ,None
1574,Scatter,Hard,0.75,0.0,0.0,0.0,0.25,0.0,0.0,0.0,0.75,0.25,0.0,0.0,,False,Qwen/Qwen2.5-VL-7B-Instruct-AWQ,None
1580,Bar,Hard,0.0,0.0,0.0,0.0,1.0,0.0,0.0,0.0,0.0,1.0,0.0,0.0,,False,Qwen/Qwen2.5-VL-7B-Instruct-AWQ,None
1580,Bar,Hard,0.0,0.0,0.0,0.0,1.0,0.0,0.0,0.0,0.0,1.0,0.0,0.0,,False,Qwen/Qwen2.5-VL-7B-Instruct-AWQ,None
1580,Bar,Hard,0.0,0.0,0.0,0.0,1.0,0.0,0.0,0.0,0.0,1.0,0.0,0.0,,False,Qwen/Qwen2.5-VL-7B-Instruct-AWQ,None
1611,Scatter,Medium,0.0,0.0,0.0,0.0,1.0,0.0,0.0,0.0,0.0,1.0,0.0,0.0,,False,Qwen/Qwen2.5-VL-7B-Instruct-AWQ,None
1611,Scatter,Medium,0.0,0.0,0.0,0.0,1.0,0.0,0.0,0.0,0.0,1.0,0.0,0.0,,False,Qwen/Qwen2.5-VL-7B-Instruct-AWQ,None
1611,Scatter,Medium,0.0,0.0,0.0,0.0,1.0,0.0,0.0,0.0,0.0,1.0,0.0,0.0,,False,Qwen/Qwen2.5-VL-7B-Instruct-AWQ,None
1621,Line,Medium,0.16666666666666666,0.0,0.16666666666666666,0.5,0.6666666666666666,0.0,0.0,0.0,0.16666666666666666,0.8333333333333334,0.0,0.0,,False,Qwen/Qwen2.5-VL-7B-Instruct-AWQ,None
1621,Line,Medium,0.16666666666666666,0.0,0.16666666666666666,0.5,0.6666666666666666,0.0,0.0,0.0,0.16666666666666666,0.8333333333333334,0.0,0.0,,False,Qwen/Qwen2.5-VL-7B-Instruct-AWQ,None
1621,Line,Medium,0.16666666666666666,0.0,0.16666666666666666,0.5,0.6666666666666666,0.0,0.0,0.0,0.16666666666666666,0.8333333333333334,0.0,0.0,,False,Qwen/Qwen2.5-VL-7B-Instruct-AWQ,None
1630,Bar,Medium,0.0,0.0,0.0,0.0,0.0,0.0,0.0,0.0,0.0,0.0,1.0,0.0,0.0,False,Qwen/Qwen2.5-VL-7B-Instruct-AWQ,None
1630,Bar,Medium,0.0,0.0,0.0,0.0,0.0,0.0,0.0,0.0,0.0,0.0,1.0,0.0,0.0,False,Qwen/Qwen2.5-VL-7B-Instruct-AWQ,None
1630,Bar,Medium,0.0,0.0,0.0,0.0,0.0,0.0,0.0,0.0,0.0,0.0,1.0,0.0,0.0,False,Qwen/Qwen2.5-VL-7B-Instruct-AWQ,None
1652,Bar,Medium,0.25,0.0,0.25,0.0,0.25,0.0,0.0,0.0,0.25,0.5,0.25,0.0,0.0,False,Qwen/Qwen2.5-VL-7B-Instruct-AWQ,None
1652,Bar,Medium,0.25,0.0,0.25,0.0,0.25,0.0,0.0,0.0,0.25,0.5,0.25,0.0,0.0,False,Qwen/Qwen2.5-VL-7B-Instruct-AWQ,None
1652,Bar,Medium,0.25,0.0,0.25,0.0,0.25,0.0,0.0,0.0,0.25,0.5,0.25,0.0,0.0,False,Qwen/Qwen2.5-VL-7B-Instruct-AWQ,None
1663,Line,Extra Hard,0.0,0.0,0.0,0.5,1.0,0.0,0.0,0.0,0.0,1.0,0.0,0.0,,False,Qwen/Qwen2.5-VL-7B-Instruct-AWQ,None
1663,Line,Extra Hard,0.0,0.0,0.0,0.5,1.0,0.0,0.0,0.0,0.0,1.0,0.0,0.0,,False,Qwen/Qwen2.5-VL-7B-Instruct-AWQ,None
1663,Line,Extra Hard,0.0,0.0,0.0,0.5,1.0,0.0,0.0,0.0,0.0,1.0,0.0,0.0,,False,Qwen/Qwen2.5-VL-7B-Instruct-AWQ,None
1690,Scatter,Extra Hard,0.0,0.0,0.0,0.0,0.4,0.0,0.0,0.0,0.0,0.4,0.6,0.0,0.0,False,Qwen/Qwen2.5-VL-7B-Instruct-AWQ,None
1690,Scatter,Extra Hard,0.0,0.0,0.0,0.0,0.4,0.0,0.0,0.0,0.0,0.4,0.6,0.0,0.0,False,Qwen/Qwen2.5-VL-7B-Instruct-AWQ,None
1690,Scatter,Extra Hard,0.0,0.0,0.0,0.0,0.4,0.0,0.0,0.0,0.0,0.4,0.6,0.0,0.0,False,Qwen/Qwen2.5-VL-7B-Instruct-AWQ,None
1715,Bar,Medium,0.0,0.0,0.2,0.6,0.8,0.0,0.0,0.0,0.0,1.0,0.0,0.0,,False,Qwen/Qwen2.5-VL-7B-Instruct-AWQ,None
1715,Bar,Medium,0.0,0.0,0.2,0.6,0.8,0.0,0.0,0.0,0.0,1.0,0.0,0.0,,False,Qwen/Qwen2.5-VL-7B-Instruct-AWQ,None
1715,Bar,Medium,0.0,0.0,0.2,0.6,0.8,0.0,0.0,0.0,0.0,1.0,0.0,0.0,,False,Qwen/Qwen2.5-VL-7B-Instruct-AWQ,None
1741,Scatter,Easy,1.0,0.0,0.0,0.0,0.0,0.0,0.0,0.0,1.0,0.0,0.0,0.0,,False,Qwen/Qwen2.5-VL-7B-Instruct-AWQ,None
1741,Scatter,Easy,1.0,0.0,0.0,0.0,0.0,0.0,0.0,0.0,1.0,0.0,0.0,0.0,,False,Qwen/Qwen2.5-VL-7B-Instruct-AWQ,None
1741,Scatter,Easy,1.0,0.0,0.0,0.0,0.0,0.0,0.0,0.0,1.0,0.0,0.0,0.0,,False,Qwen/Qwen2.5-VL-7B-Instruct-AWQ,None
1807,Pie,Hard,0.0,0.0,0.0,0.0,1.0,0.0,0.0,0.0,0.0,1.0,0.0,0.0,,False,Qwen/Qwen2.5-VL-7B-Instruct-AWQ,None
1807,Pie,Hard,0.0,0.0,0.0,0.0,1.0,0.0,0.0,0.0,0.0,1.0,0.0,0.0,,False,Qwen/Qwen2.5-VL-7B-Instruct-AWQ,None
1807,Pie,Hard,0.0,0.0,0.0,0.0,1.0,0.0,0.0,0.0,0.0,1.0,0.0,0.0,,False,Qwen/Qwen2.5-VL-7B-Instruct-AWQ,None
1831,Bar,Hard,1.0,0.0,0.0,0.0,0.0,0.0,0.0,0.0,1.0,0.0,0.0,0.0,,False,Qwen/Qwen2.5-VL-7B-Instruct-AWQ,None
1831,Bar,Hard,1.0,0.0,0.0,0.0,0.0,0.0,0.0,0.0,1.0,0.0,0.0,0.0,,False,Qwen/Qwen2.5-VL-7B-Instruct-AWQ,None
1831,Bar,Hard,1.0,0.0,0.0,0.0,0.0,0.0,0.0,0.0,1.0,0.0,0.0,0.0,,False,Qwen/Qwen2.5-VL-7B-Instruct-AWQ,None
1839,Bar,Easy,0.5,0.0,0.0,0.0,0.5,0.0,0.0,0.0,0.5,0.5,0.0,0.0,,False,Qwen/Qwen2.5-VL-7B-Instruct-AWQ,None
1839,Bar,Easy,0.5,0.0,0.0,0.0,0.5,0.0,0.0,0.0,0.5,0.5,0.0,0.0,,False,Qwen/Qwen2.5-VL-7B-Instruct-AWQ,None
1839,Bar,Easy,0.5,0.0,0.0,0.0,0.5,0.0,0.0,0.0,0.5,0.5,0.0,0.0,,False,Qwen/Qwen2.5-VL-7B-Instruct-AWQ,None
1955,Pie,Hard,1.0,0.0,0.0,0.0,0.0,0.0,0.0,0.0,1.0,0.0,0.0,0.0,,True,Qwen/Qwen2.5-VL-7B-Instruct-AWQ,None
1955,Pie,Hard,1.0,0.0,0.0,0.0,0.0,0.0,0.0,0.0,1.0,0.0,0.0,0.0,,True,Qwen/Qwen2.5-VL-7B-Instruct-AWQ,None
1955,Pie,Hard,1.0,0.0,0.0,0.0,0.0,0.0,0.0,0.0,1.0,0.0,0.0,0.0,,True,Qwen/Qwen2.5-VL-7B-Instruct-AWQ,None
1961,Pie,Hard,0.0,0.0,0.0,0.0,1.0,0.0,0.0,0.0,0.0,1.0,0.0,0.0,,True,Qwen/Qwen2.5-VL-7B-Instruct-AWQ,None
1961,Pie,Hard,0.0,0.0,0.0,0.0,1.0,0.0,0.0,0.0,0.0,1.0,0.0,0.0,,True,Qwen/Qwen2.5-VL-7B-Instruct-AWQ,None
1961,Pie,Hard,0.0,0.0,0.0,0.0,1.0,0.0,0.0,0.0,0.0,1.0,0.0,0.0,,True,Qwen/Qwen2.5-VL-7B-Instruct-AWQ,None
1966,Pie,Easy,0.0,0.0,0.0,0.0,1.0,0.0,0.0,0.0,0.0,1.0,0.0,0.0,,False,Qwen/Qwen2.5-VL-7B-Instruct-AWQ,None
1966,Pie,Easy,0.0,0.0,0.0,0.0,1.0,0.0,0.0,0.0,0.0,1.0,0.0,0.0,,False,Qwen/Qwen2.5-VL-7B-Instruct-AWQ,None
1966,Pie,Easy,0.0,0.0,0.0,0.0,1.0,0.0,0.0,0.0,0.0,1.0,0.0,0.0,,False,Qwen/Qwen2.5-VL-7B-Instruct-AWQ,None
1968,Pie,Easy,0.0,0.0,0.0,0.0,1.0,0.0,0.0,0.0,0.0,1.0,0.0,0.0,,False,Qwen/Qwen2.5-VL-7B-Instruct-AWQ,None
1968,Pie,Easy,0.0,0.0,0.0,0.0,1.0,0.0,0.0,0.0,0.0,1.0,0.0,0.0,,False,Qwen/Qwen2.5-VL-7B-Instruct-AWQ,None
1968,Pie,Easy,0.0,0.0,0.0,0.0,1.0,0.0,0.0,0.0,0.0,1.0,0.0,0.0,,False,Qwen/Qwen2.5-VL-7B-Instruct-AWQ,None
1969,Bar,Easy,0.0,0.0,0.0,0.0,0.0,0.0,0.0,0.0,0.0,0.0,1.0,0.0,0.0,False,Qwen/Qwen2.5-VL-7B-Instruct-AWQ,None
1969,Bar,Easy,0.0,0.0,0.0,0.0,0.0,0.0,0.0,0.0,0.0,0.0,1.0,0.0,0.0,False,Qwen/Qwen2.5-VL-7B-Instruct-AWQ,None
1969,Bar,Easy,0.0,0.0,0.0,0.0,0.0,0.0,0.0,0.0,0.0,0.0,1.0,0.0,0.0,False,Qwen/Qwen2.5-VL-7B-Instruct-AWQ,None
1971,Pie,Easy,0.0,0.0,0.0,0.0,1.0,0.0,0.0,0.0,0.0,1.0,0.0,0.0,,False,Qwen/Qwen2.5-VL-7B-Instruct-AWQ,None
1971,Pie,Easy,0.0,0.0,0.0,0.0,1.0,0.0,0.0,0.0,0.0,1.0,0.0,0.0,,False,Qwen/Qwen2.5-VL-7B-Instruct-AWQ,None
1971,Pie,Easy,0.0,0.0,0.0,0.0,1.0,0.0,0.0,0.0,0.0,1.0,0.0,0.0,,False,Qwen/Qwen2.5-VL-7B-Instruct-AWQ,None
1972,Scatter,Easy,1.0,0.0,0.0,0.0,0.0,0.0,0.0,0.0,1.0,0.0,0.0,0.0,,False,Qwen/Qwen2.5-VL-7B-Instruct-AWQ,None
1972,Scatter,Easy,1.0,0.0,0.0,0.0,0.0,0.0,0.0,0.0,1.0,0.0,0.0,0.0,,False,Qwen/Qwen2.5-VL-7B-Instruct-AWQ,None
1972,Scatter,Easy,1.0,0.0,0.0,0.0,0.0,0.0,0.0,0.0,1.0,0.0,0.0,0.0,,False,Qwen/Qwen2.5-VL-7B-Instruct-AWQ,None
1973,Grouping Scatter,Easy,0.5,0.0,0.0,0.0,0.0,0.0,0.0,0.0,0.5,0.0,0.5,0.0,0.0,False,Qwen/Qwen2.5-VL-7B-Instruct-AWQ,None
1973,Grouping Scatter,Easy,0.5,0.0,0.0,0.0,0.0,0.0,0.0,0.0,0.5,0.0,0.5,0.0,0.0,False,Qwen/Qwen2.5-VL-7B-Instruct-AWQ,None
1973,Grouping Scatter,Easy,0.5,0.0,0.0,0.0,0.0,0.0,0.0,0.0,0.5,0.0,0.5,0.0,0.0,False,Qwen/Qwen2.5-VL-7B-Instruct-AWQ,None
1974,Pie,Medium,0.0,0.0,0.0,0.0,0.5,0.0,0.0,0.0,0.0,0.5,0.5,0.0,0.0,False,Qwen/Qwen2.5-VL-7B-Instruct-AWQ,None
1974,Pie,Medium,0.0,0.0,0.0,0.0,0.5,0.0,0.0,0.0,0.0,0.5,0.5,0.0,0.0,False,Qwen/Qwen2.5-VL-7B-Instruct-AWQ,None
1974,Pie,Medium,0.0,0.0,0.0,0.0,0.5,0.0,0.0,0.0,0.0,0.5,0.5,0.0,0.0,False,Qwen/Qwen2.5-VL-7B-Instruct-AWQ,None
1975,Bar,Medium,0.0,0.0,0.0,0.0,0.0,0.0,0.0,0.0,0.0,0.0,1.0,0.0,0.0,False,Qwen/Qwen2.5-VL-7B-Instruct-AWQ,None
1975,Bar,Medium,0.0,0.0,0.0,0.0,0.0,0.0,0.0,0.0,0.0,0.0,1.0,0.0,0.0,False,Qwen/Qwen2.5-VL-7B-Instruct-AWQ,None
1975,Bar,Medium,0.0,0.0,0.0,0.0,0.0,0.0,0.0,0.0,0.0,0.0,1.0,0.0,0.0,False,Qwen/Qwen2.5-VL-7B-Instruct-AWQ,None
1976,Pie,Easy,0.0,0.0,0.0,0.25,0.75,0.0,0.0,0.0,0.0,1.0,0.0,0.0,,False,Qwen/Qwen2.5-VL-7B-Instruct-AWQ,None
1976,Pie,Easy,0.0,0.0,0.0,0.25,0.75,0.0,0.0,0.0,0.0,1.0,0.0,0.0,,False,Qwen/Qwen2.5-VL-7B-Instruct-AWQ,None
1976,Pie,Easy,0.0,0.0,0.0,0.25,0.75,0.0,0.0,0.0,0.0,1.0,0.0,0.0,,False,Qwen/Qwen2.5-VL-7B-Instruct-AWQ,None
1978,Pie,Medium,0.0,0.0,0.0,0.0,1.0,0.0,0.0,0.0,0.0,1.0,0.0,0.0,,False,Qwen/Qwen2.5-VL-7B-Instruct-AWQ,None
1978,Pie,Medium,0.0,0.0,0.0,0.0,1.0,0.0,0.0,0.0,0.0,1.0,0.0,0.0,,False,Qwen/Qwen2.5-VL-7B-Instruct-AWQ,None
1978,Pie,Medium,0.0,0.0,0.0,0.0,1.0,0.0,0.0,0.0,0.0,1.0,0.0,0.0,,False,Qwen/Qwen2.5-VL-7B-Instruct-AWQ,None
1980,Pie,Extra Hard,0.5,0.0,0.0,0.0,0.5,0.0,0.0,0.0,0.5,0.5,0.0,0.0,,True,Qwen/Qwen2.5-VL-7B-Instruct-AWQ,None
1980,Pie,Extra Hard,0.5,0.0,0.0,0.0,0.5,0.0,0.0,0.0,0.5,0.5,0.0,0.0,,True,Qwen/Qwen2.5-VL-7B-Instruct-AWQ,None
1980,Pie,Extra Hard,0.5,0.0,0.0,0.0,0.5,0.0,0.0,0.0,0.5,0.5,0.0,0.0,,True,Qwen/Qwen2.5-VL-7B-Instruct-AWQ,None
1990,Bar,Extra Hard,1.0,0.0,0.0,0.0,0.0,0.0,0.0,0.0,1.0,0.0,0.0,0.0,,True,Qwen/Qwen2.5-VL-7B-Instruct-AWQ,None
1990,Bar,Extra Hard,1.0,0.0,0.0,0.0,0.0,0.0,0.0,0.0,1.0,0.0,0.0,0.0,,True,Qwen/Qwen2.5-VL-7B-Instruct-AWQ,None
1990,Bar,Extra Hard,1.0,0.0,0.0,0.0,0.0,0.0,0.0,0.0,1.0,0.0,0.0,0.0,,True,Qwen/Qwen2.5-VL-7B-Instruct-AWQ,None
1992,Bar,Medium,0.5,0.0,0.0,0.5,0.5,0.0,0.0,0.0,0.5,0.5,0.0,0.0,,False,Qwen/Qwen2.5-VL-7B-Instruct-AWQ,None
1992,Bar,Medium,0.5,0.0,0.0,0.5,0.5,0.0,0.0,0.0,0.5,0.5,0.0,0.0,,False,Qwen/Qwen2.5-VL-7B-Instruct-AWQ,None
1992,Bar,Medium,0.5,0.0,0.0,0.5,0.5,0.0,0.0,0.0,0.5,0.5,0.0,0.0,,False,Qwen/Qwen2.5-VL-7B-Instruct-AWQ,None
2005,Grouping Line,Medium,0.0,0.0,0.0,1.0,1.0,0.0,0.0,0.0,0.0,1.0,0.0,0.0,,False,Qwen/Qwen2.5-VL-7B-Instruct-AWQ,None
2005,Grouping Line,Medium,0.0,0.0,0.0,1.0,1.0,0.0,0.0,0.0,0.0,1.0,0.0,0.0,,False,Qwen/Qwen2.5-VL-7B-Instruct-AWQ,None
2005,Grouping Line,Medium,0.0,0.0,0.0,1.0,1.0,0.0,0.0,0.0,0.0,1.0,0.0,0.0,,False,Qwen/Qwen2.5-VL-7B-Instruct-AWQ,None
2009,Pie,Easy,0.0,0.0,0.0,0.0,1.0,0.0,0.0,0.0,0.0,1.0,0.0,0.0,,False,Qwen/Qwen2.5-VL-7B-Instruct-AWQ,None
2009,Pie,Easy,0.0,0.0,0.0,0.0,1.0,0.0,0.0,0.0,0.0,1.0,0.0,0.0,,False,Qwen/Qwen2.5-VL-7B-Instruct-AWQ,None
2009,Pie,Easy,0.0,0.0,0.0,0.0,1.0,0.0,0.0,0.0,0.0,1.0,0.0,0.0,,False,Qwen/Qwen2.5-VL-7B-Instruct-AWQ,None
2011,Bar,Easy,0.0,0.0,0.0,0.0,0.0,0.0,0.0,0.0,0.0,0.0,1.0,0.0,0.0,False,Qwen/Qwen2.5-VL-7B-Instruct-AWQ,None
2011,Bar,Easy,0.0,0.0,0.0,0.0,0.0,0.0,0.0,0.0,0.0,0.0,1.0,0.0,0.0,False,Qwen/Qwen2.5-VL-7B-Instruct-AWQ,None
2011,Bar,Easy,0.0,0.0,0.0,0.0,0.0,0.0,0.0,0.0,0.0,0.0,1.0,0.0,0.0,False,Qwen/Qwen2.5-VL-7B-Instruct-AWQ,None
2012,Bar,Easy,0.0,0.0,0.0,0.0,0.0,0.0,0.0,0.0,0.0,0.0,1.0,0.0,0.0,False,Qwen/Qwen2.5-VL-7B-Instruct-AWQ,None
2012,Bar,Easy,0.0,0.0,0.0,0.0,0.0,0.0,0.0,0.0,0.0,0.0,1.0,0.0,0.0,False,Qwen/Qwen2.5-VL-7B-Instruct-AWQ,None
2012,Bar,Easy,0.0,0.0,0.0,0.0,0.0,0.0,0.0,0.0,0.0,0.0,1.0,0.0,0.0,False,Qwen/Qwen2.5-VL-7B-Instruct-AWQ,None
2013,Pie,Easy,0.0,0.0,0.0,0.0,1.0,0.0,0.0,0.0,0.0,1.0,0.0,0.0,,False,Qwen/Qwen2.5-VL-7B-Instruct-AWQ,None
2013,Pie,Easy,0.0,0.0,0.0,0.0,1.0,0.0,0.0,0.0,0.0,1.0,0.0,0.0,,False,Qwen/Qwen2.5-VL-7B-Instruct-AWQ,None
2013,Pie,Easy,0.0,0.0,0.0,0.0,1.0,0.0,0.0,0.0,0.0,1.0,0.0,0.0,,False,Qwen/Qwen2.5-VL-7B-Instruct-AWQ,None
2014,Line,Medium,0.0,0.0,0.0,0.0,0.0,0.0,0.0,0.0,0.0,0.0,1.0,0.0,0.0,False,Qwen/Qwen2.5-VL-7B-Instruct-AWQ,None
2014,Line,Medium,0.0,0.0,0.0,0.0,0.0,0.0,0.0,0.0,0.0,0.0,1.0,0.0,0.0,False,Qwen/Qwen2.5-VL-7B-Instruct-AWQ,None
2014,Line,Medium,0.0,0.0,0.0,0.0,0.0,0.0,0.0,0.0,0.0,0.0,1.0,0.0,0.0,False,Qwen/Qwen2.5-VL-7B-Instruct-AWQ,None
2015,Line,Medium,0.0,0.0,0.0,0.0,0.0,0.0,0.0,0.0,0.0,0.0,1.0,0.0,0.0,False,Qwen/Qwen2.5-VL-7B-Instruct-AWQ,None
2015,Line,Medium,0.0,0.0,0.0,0.0,0.0,0.0,0.0,0.0,0.0,0.0,1.0,0.0,0.0,False,Qwen/Qwen2.5-VL-7B-Instruct-AWQ,None
2015,Line,Medium,0.0,0.0,0.0,0.0,0.0,0.0,0.0,0.0,0.0,0.0,1.0,0.0,0.0,False,Qwen/Qwen2.5-VL-7B-Instruct-AWQ,None
2018,Bar,Easy,1.0,0.0,0.0,0.0,0.0,0.0,0.0,0.0,1.0,0.0,0.0,0.0,,False,Qwen/Qwen2.5-VL-7B-Instruct-AWQ,None
2018,Bar,Easy,1.0,0.0,0.0,0.0,0.0,0.0,0.0,0.0,1.0,0.0,0.0,0.0,,False,Qwen/Qwen2.5-VL-7B-Instruct-AWQ,None
2018,Bar,Easy,1.0,0.0,0.0,0.0,0.0,0.0,0.0,0.0,1.0,0.0,0.0,0.0,,False,Qwen/Qwen2.5-VL-7B-Instruct-AWQ,None
2019,Bar,Easy,0.0,0.0,0.0,0.0,0.0,0.0,0.0,0.0,0.0,0.0,1.0,0.0,0.0,False,Qwen/Qwen2.5-VL-7B-Instruct-AWQ,None
2019,Bar,Easy,0.0,0.0,0.0,0.0,0.0,0.0,0.0,0.0,0.0,0.0,1.0,0.0,0.0,False,Qwen/Qwen2.5-VL-7B-Instruct-AWQ,None
2019,Bar,Easy,0.0,0.0,0.0,0.0,0.0,0.0,0.0,0.0,0.0,0.0,1.0,0.0,0.0,False,Qwen/Qwen2.5-VL-7B-Instruct-AWQ,None
2021,Line,Easy,0.0,0.0,0.0,0.0,1.0,0.0,0.0,0.0,0.0,1.0,0.0,0.0,,False,Qwen/Qwen2.5-VL-7B-Instruct-AWQ,None
2021,Line,Easy,0.0,0.0,0.0,0.0,1.0,0.0,0.0,0.0,0.0,1.0,0.0,0.0,,False,Qwen/Qwen2.5-VL-7B-Instruct-AWQ,None
2021,Line,Easy,0.0,0.0,0.0,0.0,1.0,0.0,0.0,0.0,0.0,1.0,0.0,0.0,,False,Qwen/Qwen2.5-VL-7B-Instruct-AWQ,None
2027,Bar,Medium,0.0,0.0,0.0,0.0,0.0,0.0,0.0,0.0,0.0,0.0,1.0,0.0,0.0,False,Qwen/Qwen2.5-VL-7B-Instruct-AWQ,None
2027,Bar,Medium,0.0,0.0,0.0,0.0,0.0,0.0,0.0,0.0,0.0,0.0,1.0,0.0,0.0,False,Qwen/Qwen2.5-VL-7B-Instruct-AWQ,None
2027,Bar,Medium,0.0,0.0,0.0,0.0,0.0,0.0,0.0,0.0,0.0,0.0,1.0,0.0,0.0,False,Qwen/Qwen2.5-VL-7B-Instruct-AWQ,None
2036,Bar,Medium,1.0,0.0,0.0,0.0,0.0,0.0,0.0,0.0,1.0,0.0,0.0,0.0,,False,Qwen/Qwen2.5-VL-7B-Instruct-AWQ,None
2036,Bar,Medium,1.0,0.0,0.0,0.0,0.0,0.0,0.0,0.0,1.0,0.0,0.0,0.0,,False,Qwen/Qwen2.5-VL-7B-Instruct-AWQ,None
2036,Bar,Medium,1.0,0.0,0.0,0.0,0.0,0.0,0.0,0.0,1.0,0.0,0.0,0.0,,False,Qwen/Qwen2.5-VL-7B-Instruct-AWQ,None
2059,Pie,Hard,0.5,0.0,0.0,0.0,0.5,0.0,0.0,0.0,0.5,0.5,0.0,0.0,,True,Qwen/Qwen2.5-VL-7B-Instruct-AWQ,None
2059,Pie,Hard,0.5,0.0,0.0,0.0,0.5,0.0,0.0,0.0,0.5,0.5,0.0,0.0,,True,Qwen/Qwen2.5-VL-7B-Instruct-AWQ,None
2059,Pie,Hard,0.5,0.0,0.0,0.0,0.5,0.0,0.0,0.0,0.5,0.5,0.0,0.0,,True,Qwen/Qwen2.5-VL-7B-Instruct-AWQ,None
2065,Pie,Medium,0.0,0.0,0.0,0.0,1.0,0.0,0.0,0.0,0.0,1.0,0.0,0.0,,False,Qwen/Qwen2.5-VL-7B-Instruct-AWQ,None
2065,Pie,Medium,0.0,0.0,0.0,0.0,1.0,0.0,0.0,0.0,0.0,1.0,0.0,0.0,,False,Qwen/Qwen2.5-VL-7B-Instruct-AWQ,None
2065,Pie,Medium,0.0,0.0,0.0,0.0,1.0,0.0,0.0,0.0,0.0,1.0,0.0,0.0,,False,Qwen/Qwen2.5-VL-7B-Instruct-AWQ,None
2067,Pie,Medium,0.5,0.0,0.0,0.0,0.5,0.0,0.0,0.0,0.5,0.5,0.0,0.0,,False,Qwen/Qwen2.5-VL-7B-Instruct-AWQ,None
2067,Pie,Medium,0.5,0.0,0.0,0.0,0.5,0.0,0.0,0.0,0.5,0.5,0.0,0.0,,False,Qwen/Qwen2.5-VL-7B-Instruct-AWQ,None
2067,Pie,Medium,0.5,0.0,0.0,0.0,0.5,0.0,0.0,0.0,0.5,0.5,0.0,0.0,,False,Qwen/Qwen2.5-VL-7B-Instruct-AWQ,None
2071,Pie,Medium,0.5,0.0,0.0,0.0,0.5,0.0,0.0,0.0,0.5,0.5,0.0,0.0,,True,Qwen/Qwen2.5-VL-7B-Instruct-AWQ,None
2071,Pie,Medium,0.5,0.0,0.0,0.0,0.5,0.0,0.0,0.0,0.5,0.5,0.0,0.0,,True,Qwen/Qwen2.5-VL-7B-Instruct-AWQ,None
2071,Pie,Medium,0.5,0.0,0.0,0.0,0.5,0.0,0.0,0.0,0.5,0.5,0.0,0.0,,True,Qwen/Qwen2.5-VL-7B-Instruct-AWQ,None
2074,Pie,Extra Hard,0.0,0.0,0.0,0.0,1.0,0.0,0.0,0.0,0.0,1.0,0.0,0.0,,True,Qwen/Qwen2.5-VL-7B-Instruct-AWQ,None
2074,Pie,Extra Hard,0.0,0.0,0.0,0.0,1.0,0.0,0.0,0.0,0.0,1.0,0.0,0.0,,True,Qwen/Qwen2.5-VL-7B-Instruct-AWQ,None
2074,Pie,Extra Hard,0.0,0.0,0.0,0.0,1.0,0.0,0.0,0.0,0.0,1.0,0.0,0.0,,True,Qwen/Qwen2.5-VL-7B-Instruct-AWQ,None
2093,Pie,Medium,0.5,0.0,0.0,0.5,0.0,0.0,0.0,0.0,0.5,0.5,0.0,0.0,,True,Qwen/Qwen2.5-VL-7B-Instruct-AWQ,None
2093,Pie,Medium,0.5,0.0,0.0,0.5,0.0,0.0,0.0,0.0,0.5,0.5,0.0,0.0,,True,Qwen/Qwen2.5-VL-7B-Instruct-AWQ,None
2093,Pie,Medium,0.5,0.0,0.0,0.5,0.0,0.0,0.0,0.0,0.5,0.5,0.0,0.0,,True,Qwen/Qwen2.5-VL-7B-Instruct-AWQ,None
2096,Bar,Medium,1.0,0.0,0.0,0.0,0.0,0.0,0.0,0.0,1.0,0.0,0.0,0.0,,True,Qwen/Qwen2.5-VL-7B-Instruct-AWQ,None
2096,Bar,Medium,1.0,0.0,0.0,0.0,0.0,0.0,0.0,0.0,1.0,0.0,0.0,0.0,,True,Qwen/Qwen2.5-VL-7B-Instruct-AWQ,None
2096,Bar,Medium,1.0,0.0,0.0,0.0,0.0,0.0,0.0,0.0,1.0,0.0,0.0,0.0,,True,Qwen/Qwen2.5-VL-7B-Instruct-AWQ,None
2110,Bar,Easy,0.0,0.0,0.0,0.0,0.0,0.0,0.0,0.0,0.0,0.0,1.0,0.0,0.0,False,Qwen/Qwen2.5-VL-7B-Instruct-AWQ,None
2110,Bar,Easy,0.0,0.0,0.0,0.0,0.0,0.0,0.0,0.0,0.0,0.0,1.0,0.0,0.0,False,Qwen/Qwen2.5-VL-7B-Instruct-AWQ,None
2110,Bar,Easy,0.0,0.0,0.0,0.0,0.0,0.0,0.0,0.0,0.0,0.0,1.0,0.0,0.0,False,Qwen/Qwen2.5-VL-7B-Instruct-AWQ,None
2119,Bar,Easy,0.5,0.0,0.0,0.0,0.0,0.0,0.0,0.0,0.5,0.0,0.5,0.0,0.0,False,Qwen/Qwen2.5-VL-7B-Instruct-AWQ,None
2119,Bar,Easy,0.5,0.0,0.0,0.0,0.0,0.0,0.0,0.0,0.5,0.0,0.5,0.0,0.0,False,Qwen/Qwen2.5-VL-7B-Instruct-AWQ,None
2119,Bar,Easy,0.5,0.0,0.0,0.0,0.0,0.0,0.0,0.0,0.5,0.0,0.5,0.0,0.0,False,Qwen/Qwen2.5-VL-7B-Instruct-AWQ,None
2132,Pie,Hard,0.0,0.0,0.0,0.0,1.0,0.0,0.0,0.0,0.0,1.0,0.0,0.0,,True,Qwen/Qwen2.5-VL-7B-Instruct-AWQ,None
2132,Pie,Hard,0.0,0.0,0.0,0.0,1.0,0.0,0.0,0.0,0.0,1.0,0.0,0.0,,True,Qwen/Qwen2.5-VL-7B-Instruct-AWQ,None
2132,Pie,Hard,0.0,0.0,0.0,0.0,1.0,0.0,0.0,0.0,0.0,1.0,0.0,0.0,,True,Qwen/Qwen2.5-VL-7B-Instruct-AWQ,None
2144,Bar,Medium,0.0,0.0,0.0,0.0,1.0,0.0,0.0,0.0,0.0,1.0,0.0,0.0,,True,Qwen/Qwen2.5-VL-7B-Instruct-AWQ,None
2144,Bar,Medium,0.0,0.0,0.0,0.0,1.0,0.0,0.0,0.0,0.0,1.0,0.0,0.0,,True,Qwen/Qwen2.5-VL-7B-Instruct-AWQ,None
2144,Bar,Medium,0.0,0.0,0.0,0.0,1.0,0.0,0.0,0.0,0.0,1.0,0.0,0.0,,True,Qwen/Qwen2.5-VL-7B-Instruct-AWQ,None
2155,Pie,Hard,0.0,0.0,0.0,0.0,1.0,0.0,0.0,0.0,0.0,1.0,0.0,0.0,,True,Qwen/Qwen2.5-VL-7B-Instruct-AWQ,None
2155,Pie,Hard,0.0,0.0,0.0,0.0,1.0,0.0,0.0,0.0,0.0,1.0,0.0,0.0,,True,Qwen/Qwen2.5-VL-7B-Instruct-AWQ,None
2155,Pie,Hard,0.0,0.0,0.0,0.0,1.0,0.0,0.0,0.0,0.0,1.0,0.0,0.0,,True,Qwen/Qwen2.5-VL-7B-Instruct-AWQ,None
2161,Pie,Hard,0.3333333333333333,0.0,0.0,0.0,0.6666666666666666,0.0,0.0,0.0,0.3333333333333333,0.6666666666666666,0.0,0.0,,True,Qwen/Qwen2.5-VL-7B-Instruct-AWQ,None
2161,Pie,Hard,0.3333333333333333,0.0,0.0,0.0,0.6666666666666666,0.0,0.0,0.0,0.3333333333333333,0.6666666666666666,0.0,0.0,,True,Qwen/Qwen2.5-VL-7B-Instruct-AWQ,None
2161,Pie,Hard,0.3333333333333333,0.0,0.0,0.0,0.6666666666666666,0.0,0.0,0.0,0.3333333333333333,0.6666666666666666,0.0,0.0,,True,Qwen/Qwen2.5-VL-7B-Instruct-AWQ,None
2166,Pie,Medium,0.0,0.0,0.0,1.0,0.0,0.0,0.0,0.0,0.0,1.0,0.0,0.0,,True,Qwen/Qwen2.5-VL-7B-Instruct-AWQ,None
2166,Pie,Medium,0.0,0.0,0.0,1.0,0.0,0.0,0.0,0.0,0.0,1.0,0.0,0.0,,True,Qwen/Qwen2.5-VL-7B-Instruct-AWQ,None
2166,Pie,Medium,0.0,0.0,0.0,1.0,0.0,0.0,0.0,0.0,0.0,1.0,0.0,0.0,,True,Qwen/Qwen2.5-VL-7B-Instruct-AWQ,None
2167,Bar,Medium,0.0,0.0,0.0,0.0,0.0,0.0,0.0,0.0,0.0,0.0,1.0,0.0,0.0,True,Qwen/Qwen2.5-VL-7B-Instruct-AWQ,None
2167,Bar,Medium,0.0,0.0,0.0,0.0,0.0,0.0,0.0,0.0,0.0,0.0,1.0,0.0,0.0,True,Qwen/Qwen2.5-VL-7B-Instruct-AWQ,None
2167,Bar,Medium,0.0,0.0,0.0,0.0,0.0,0.0,0.0,0.0,0.0,0.0,1.0,0.0,0.0,True,Qwen/Qwen2.5-VL-7B-Instruct-AWQ,None
2168,Pie,Easy,0.0,0.0,0.0,0.0,1.0,0.0,0.0,0.0,0.0,1.0,0.0,0.0,,False,Qwen/Qwen2.5-VL-7B-Instruct-AWQ,None
2168,Pie,Easy,0.0,0.0,0.0,0.0,1.0,0.0,0.0,0.0,0.0,1.0,0.0,0.0,,False,Qwen/Qwen2.5-VL-7B-Instruct-AWQ,None
2168,Pie,Easy,0.0,0.0,0.0,0.0,1.0,0.0,0.0,0.0,0.0,1.0,0.0,0.0,,False,Qwen/Qwen2.5-VL-7B-Instruct-AWQ,None
2170,Pie,Hard,1.0,0.0,0.0,0.0,0.0,0.0,0.0,0.0,1.0,0.0,0.0,0.0,,True,Qwen/Qwen2.5-VL-7B-Instruct-AWQ,None
2170,Pie,Hard,1.0,0.0,0.0,0.0,0.0,0.0,0.0,0.0,1.0,0.0,0.0,0.0,,True,Qwen/Qwen2.5-VL-7B-Instruct-AWQ,None
2170,Pie,Hard,1.0,0.0,0.0,0.0,0.0,0.0,0.0,0.0,1.0,0.0,0.0,0.0,,True,Qwen/Qwen2.5-VL-7B-Instruct-AWQ,None
2171,Bar,Hard,0.3333333333333333,0.0,0.6666666666666666,0.0,0.0,0.0,0.0,0.0,0.3333333333333333,0.6666666666666666,0.0,0.0,,True,Qwen/Qwen2.5-VL-7B-Instruct-AWQ,None
2171,Bar,Hard,0.3333333333333333,0.0,0.6666666666666666,0.0,0.0,0.0,0.0,0.0,0.3333333333333333,0.6666666666666666,0.0,0.0,,True,Qwen/Qwen2.5-VL-7B-Instruct-AWQ,None
2171,Bar,Hard,0.3333333333333333,0.0,0.6666666666666666,0.0,0.0,0.0,0.0,0.0,0.3333333333333333,0.6666666666666666,0.0,0.0,,True,Qwen/Qwen2.5-VL-7B-Instruct-AWQ,None
2172,Bar,Medium,0.3333333333333333,0.0,0.0,0.0,0.0,0.0,0.0,0.0,0.3333333333333333,0.0,0.6666666666666666,0.0,0.0,False,Qwen/Qwen2.5-VL-7B-Instruct-AWQ,None
2172,Bar,Medium,0.3333333333333333,0.0,0.0,0.0,0.0,0.0,0.0,0.0,0.3333333333333333,0.0,0.6666666666666666,0.0,0.0,False,Qwen/Qwen2.5-VL-7B-Instruct-AWQ,None
2172,Bar,Medium,0.3333333333333333,0.0,0.0,0.0,0.0,0.0,0.0,0.0,0.3333333333333333,0.0,0.6666666666666666,0.0,0.0,False,Qwen/Qwen2.5-VL-7B-Instruct-AWQ,None
2174,Bar,Easy,1.0,0.0,0.0,0.0,0.0,0.0,0.0,0.0,1.0,0.0,0.0,0.0,,False,Qwen/Qwen2.5-VL-7B-Instruct-AWQ,None
2174,Bar,Easy,1.0,0.0,0.0,0.0,0.0,0.0,0.0,0.0,1.0,0.0,0.0,0.0,,False,Qwen/Qwen2.5-VL-7B-Instruct-AWQ,None
2174,Bar,Easy,1.0,0.0,0.0,0.0,0.0,0.0,0.0,0.0,1.0,0.0,0.0,0.0,,False,Qwen/Qwen2.5-VL-7B-Instruct-AWQ,None
2180,Bar,Easy,0.0,0.0,0.0,0.0,0.0,0.0,0.0,0.0,0.0,0.0,1.0,0.0,0.0,False,Qwen/Qwen2.5-VL-7B-Instruct-AWQ,None
2180,Bar,Easy,0.0,0.0,0.0,0.0,0.0,0.0,0.0,0.0,0.0,0.0,1.0,0.0,0.0,False,Qwen/Qwen2.5-VL-7B-Instruct-AWQ,None
2180,Bar,Easy,0.0,0.0,0.0,0.0,0.0,0.0,0.0,0.0,0.0,0.0,1.0,0.0,0.0,False,Qwen/Qwen2.5-VL-7B-Instruct-AWQ,None
2181,Bar,Easy,0.0,0.0,0.0,0.0,0.0,0.0,0.0,0.0,0.0,0.0,1.0,0.0,0.0,False,Qwen/Qwen2.5-VL-7B-Instruct-AWQ,None
2181,Bar,Easy,0.0,0.0,0.0,0.0,0.0,0.0,0.0,0.0,0.0,0.0,1.0,0.0,0.0,False,Qwen/Qwen2.5-VL-7B-Instruct-AWQ,None
2181,Bar,Easy,0.0,0.0,0.0,0.0,0.0,0.0,0.0,0.0,0.0,0.0,1.0,0.0,0.0,False,Qwen/Qwen2.5-VL-7B-Instruct-AWQ,None
2218,Bar,Medium,1.0,0.0,0.0,0.0,0.0,0.0,0.0,0.0,1.0,0.0,0.0,0.0,,True,Qwen/Qwen2.5-VL-7B-Instruct-AWQ,None
2218,Bar,Medium,1.0,0.0,0.0,0.0,0.0,0.0,0.0,0.0,1.0,0.0,0.0,0.0,,True,Qwen/Qwen2.5-VL-7B-Instruct-AWQ,None
2218,Bar,Medium,1.0,0.0,0.0,0.0,0.0,0.0,0.0,0.0,1.0,0.0,0.0,0.0,,True,Qwen/Qwen2.5-VL-7B-Instruct-AWQ,None
2219,Bar,Medium,1.0,0.0,0.0,0.0,0.0,0.0,0.0,0.0,1.0,0.0,0.0,0.0,,True,Qwen/Qwen2.5-VL-7B-Instruct-AWQ,None
2219,Bar,Medium,1.0,0.0,0.0,0.0,0.0,0.0,0.0,0.0,1.0,0.0,0.0,0.0,,True,Qwen/Qwen2.5-VL-7B-Instruct-AWQ,None
2219,Bar,Medium,1.0,0.0,0.0,0.0,0.0,0.0,0.0,0.0,1.0,0.0,0.0,0.0,,True,Qwen/Qwen2.5-VL-7B-Instruct-AWQ,None
2226,Bar,Medium,0.2,0.0,0.0,0.0,0.0,0.0,0.0,0.0,0.2,0.0,0.8,0.0,0.0,True,Qwen/Qwen2.5-VL-7B-Instruct-AWQ,None
2226,Bar,Medium,0.2,0.0,0.0,0.0,0.0,0.0,0.0,0.0,0.2,0.0,0.8,0.0,0.0,True,Qwen/Qwen2.5-VL-7B-Instruct-AWQ,None
2226,Bar,Medium,0.2,0.0,0.0,0.0,0.0,0.0,0.0,0.0,0.2,0.0,0.8,0.0,0.0,True,Qwen/Qwen2.5-VL-7B-Instruct-AWQ,None
2229,Bar,Medium,0.8,0.0,0.0,0.0,0.0,0.0,0.0,0.0,0.8,0.0,0.2,0.0,0.0,True,Qwen/Qwen2.5-VL-7B-Instruct-AWQ,None
2229,Bar,Medium,0.8,0.0,0.0,0.0,0.0,0.0,0.0,0.0,0.8,0.0,0.2,0.0,0.0,True,Qwen/Qwen2.5-VL-7B-Instruct-AWQ,None
2229,Bar,Medium,0.8,0.0,0.0,0.0,0.0,0.0,0.0,0.0,0.8,0.0,0.2,0.0,0.0,True,Qwen/Qwen2.5-VL-7B-Instruct-AWQ,None
2230,Bar,Medium,0.6,0.0,0.0,0.0,0.0,0.0,0.0,0.0,0.6,0.0,0.4,0.0,0.0,True,Qwen/Qwen2.5-VL-7B-Instruct-AWQ,None
2230,Bar,Medium,0.6,0.0,0.0,0.0,0.0,0.0,0.0,0.0,0.6,0.0,0.4,0.0,0.0,True,Qwen/Qwen2.5-VL-7B-Instruct-AWQ,None
2230,Bar,Medium,0.6,0.0,0.0,0.0,0.0,0.0,0.0,0.0,0.6,0.0,0.4,0.0,0.0,True,Qwen/Qwen2.5-VL-7B-Instruct-AWQ,None
2270,Scatter,Easy,0.5,0.0,0.0,0.0,0.25,0.0,0.0,0.0,0.5,0.25,0.25,0.0,0.0,True,Qwen/Qwen2.5-VL-7B-Instruct-AWQ,None
2270,Scatter,Easy,0.5,0.0,0.0,0.0,0.25,0.0,0.0,0.0,0.5,0.25,0.25,0.0,0.0,True,Qwen/Qwen2.5-VL-7B-Instruct-AWQ,None
2270,Scatter,Easy,0.5,0.0,0.0,0.0,0.25,0.0,0.0,0.0,0.5,0.25,0.25,0.0,0.0,True,Qwen/Qwen2.5-VL-7B-Instruct-AWQ,None
2280,Grouping Scatter,Medium,1.0,0.0,0.0,0.0,0.0,0.0,0.0,0.0,1.0,0.0,0.0,0.0,,True,Qwen/Qwen2.5-VL-7B-Instruct-AWQ,None
2280,Grouping Scatter,Medium,1.0,0.0,0.0,0.0,0.0,0.0,0.0,0.0,1.0,0.0,0.0,0.0,,True,Qwen/Qwen2.5-VL-7B-Instruct-AWQ,None
2280,Grouping Scatter,Medium,1.0,0.0,0.0,0.0,0.0,0.0,0.0,0.0,1.0,0.0,0.0,0.0,,True,Qwen/Qwen2.5-VL-7B-Instruct-AWQ,None
2289,Grouping Scatter,Medium,1.0,0.0,0.0,0.0,0.0,0.0,0.0,0.0,1.0,0.0,0.0,0.0,,True,Qwen/Qwen2.5-VL-7B-Instruct-AWQ,None
2289,Grouping Scatter,Medium,1.0,0.0,0.0,0.0,0.0,0.0,0.0,0.0,1.0,0.0,0.0,0.0,,True,Qwen/Qwen2.5-VL-7B-Instruct-AWQ,None
2289,Grouping Scatter,Medium,1.0,0.0,0.0,0.0,0.0,0.0,0.0,0.0,1.0,0.0,0.0,0.0,,True,Qwen/Qwen2.5-VL-7B-Instruct-AWQ,None
2299,Grouping Scatter,Medium,1.0,0.0,0.0,0.0,0.0,0.0,0.0,0.0,1.0,0.0,0.0,0.0,,True,Qwen/Qwen2.5-VL-7B-Instruct-AWQ,None
2299,Grouping Scatter,Medium,1.0,0.0,0.0,0.0,0.0,0.0,0.0,0.0,1.0,0.0,0.0,0.0,,True,Qwen/Qwen2.5-VL-7B-Instruct-AWQ,None
2299,Grouping Scatter,Medium,1.0,0.0,0.0,0.0,0.0,0.0,0.0,0.0,1.0,0.0,0.0,0.0,,True,Qwen/Qwen2.5-VL-7B-Instruct-AWQ,None
2303,Bar,Easy,0.5,0.0,0.0,0.0,0.0,0.0,0.0,0.0,0.5,0.0,0.5,0.0,0.0,False,Qwen/Qwen2.5-VL-7B-Instruct-AWQ,None
2303,Bar,Easy,0.5,0.0,0.0,0.0,0.0,0.0,0.0,0.0,0.5,0.0,0.5,0.0,0.0,False,Qwen/Qwen2.5-VL-7B-Instruct-AWQ,None
2303,Bar,Easy,0.5,0.0,0.0,0.0,0.0,0.0,0.0,0.0,0.5,0.0,0.5,0.0,0.0,False,Qwen/Qwen2.5-VL-7B-Instruct-AWQ,None
2304,Bar,Easy,0.0,0.0,0.0,0.0,0.0,0.0,0.0,0.0,0.0,0.0,1.0,0.0,0.0,False,Qwen/Qwen2.5-VL-7B-Instruct-AWQ,None
2304,Bar,Easy,0.0,0.0,0.0,0.0,0.0,0.0,0.0,0.0,0.0,0.0,1.0,0.0,0.0,False,Qwen/Qwen2.5-VL-7B-Instruct-AWQ,None
2304,Bar,Easy,0.0,0.0,0.0,0.0,0.0,0.0,0.0,0.0,0.0,0.0,1.0,0.0,0.0,False,Qwen/Qwen2.5-VL-7B-Instruct-AWQ,None
2307,Pie,Easy,1.0,0.0,0.0,0.0,0.0,0.0,0.0,0.0,1.0,0.0,0.0,0.0,,False,Qwen/Qwen2.5-VL-7B-Instruct-AWQ,None
2307,Pie,Easy,1.0,0.0,0.0,0.0,0.0,0.0,0.0,0.0,1.0,0.0,0.0,0.0,,False,Qwen/Qwen2.5-VL-7B-Instruct-AWQ,None
2307,Pie,Easy,1.0,0.0,0.0,0.0,0.0,0.0,0.0,0.0,1.0,0.0,0.0,0.0,,False,Qwen/Qwen2.5-VL-7B-Instruct-AWQ,None
2309,Pie,Medium,1.0,0.0,0.0,0.0,0.0,0.0,0.0,0.0,1.0,0.0,0.0,0.0,,True,Qwen/Qwen2.5-VL-7B-Instruct-AWQ,None
2309,Pie,Medium,1.0,0.0,0.0,0.0,0.0,0.0,0.0,0.0,1.0,0.0,0.0,0.0,,True,Qwen/Qwen2.5-VL-7B-Instruct-AWQ,None
2309,Pie,Medium,1.0,0.0,0.0,0.0,0.0,0.0,0.0,0.0,1.0,0.0,0.0,0.0,,True,Qwen/Qwen2.5-VL-7B-Instruct-AWQ,None
2311,Pie,Easy,0.0,0.0,0.0,0.0,1.0,0.0,0.0,0.0,0.0,1.0,0.0,0.0,,False,Qwen/Qwen2.5-VL-7B-Instruct-AWQ,None
2311,Pie,Easy,0.0,0.0,0.0,0.0,1.0,0.0,0.0,0.0,0.0,1.0,0.0,0.0,,False,Qwen/Qwen2.5-VL-7B-Instruct-AWQ,None
2311,Pie,Easy,0.0,0.0,0.0,0.0,1.0,0.0,0.0,0.0,0.0,1.0,0.0,0.0,,False,Qwen/Qwen2.5-VL-7B-Instruct-AWQ,None
2343,Pie,Hard,0.0,0.0,0.0,0.3333333333333333,1.0,0.0,0.0,0.0,0.0,1.0,0.0,0.0,,True,Qwen/Qwen2.5-VL-7B-Instruct-AWQ,None
2343,Pie,Hard,0.0,0.0,0.0,0.3333333333333333,1.0,0.0,0.0,0.0,0.0,1.0,0.0,0.0,,True,Qwen/Qwen2.5-VL-7B-Instruct-AWQ,None
2343,Pie,Hard,0.0,0.0,0.0,0.3333333333333333,1.0,0.0,0.0,0.0,0.0,1.0,0.0,0.0,,True,Qwen/Qwen2.5-VL-7B-Instruct-AWQ,None
2344,Bar,Hard,0.0,0.0,0.0,0.0,0.6666666666666666,0.0,0.0,0.0,0.0,0.6666666666666666,0.3333333333333333,0.0,0.0,True,Qwen/Qwen2.5-VL-7B-Instruct-AWQ,None
2344,Bar,Hard,0.0,0.0,0.0,0.0,0.6666666666666666,0.0,0.0,0.0,0.0,0.6666666666666666,0.3333333333333333,0.0,0.0,True,Qwen/Qwen2.5-VL-7B-Instruct-AWQ,None
2344,Bar,Hard,0.0,0.0,0.0,0.0,0.6666666666666666,0.0,0.0,0.0,0.0,0.6666666666666666,0.3333333333333333,0.0,0.0,True,Qwen/Qwen2.5-VL-7B-Instruct-AWQ,None
2346,Pie,Extra Hard,0.5,0.0,0.0,0.0,0.5,0.0,0.0,0.0,0.5,0.5,0.0,0.0,,True,Qwen/Qwen2.5-VL-7B-Instruct-AWQ,None
2346,Pie,Extra Hard,0.5,0.0,0.0,0.0,0.5,0.0,0.0,0.0,0.5,0.5,0.0,0.0,,True,Qwen/Qwen2.5-VL-7B-Instruct-AWQ,None
2346,Pie,Extra Hard,0.5,0.0,0.0,0.0,0.5,0.0,0.0,0.0,0.5,0.5,0.0,0.0,,True,Qwen/Qwen2.5-VL-7B-Instruct-AWQ,None
2348,Pie,Easy,0.0,0.0,0.0,0.0,1.0,0.0,0.0,0.0,0.0,1.0,0.0,0.0,,False,Qwen/Qwen2.5-VL-7B-Instruct-AWQ,None
2348,Pie,Easy,0.0,0.0,0.0,0.0,1.0,0.0,0.0,0.0,0.0,1.0,0.0,0.0,,False,Qwen/Qwen2.5-VL-7B-Instruct-AWQ,None
2348,Pie,Easy,0.0,0.0,0.0,0.0,1.0,0.0,0.0,0.0,0.0,1.0,0.0,0.0,,False,Qwen/Qwen2.5-VL-7B-Instruct-AWQ,None
2350,Pie,Easy,0.0,0.0,0.0,0.0,1.0,0.0,0.0,0.0,0.0,1.0,0.0,0.0,,False,Qwen/Qwen2.5-VL-7B-Instruct-AWQ,None
2350,Pie,Easy,0.0,0.0,0.0,0.0,1.0,0.0,0.0,0.0,0.0,1.0,0.0,0.0,,False,Qwen/Qwen2.5-VL-7B-Instruct-AWQ,None
2350,Pie,Easy,0.0,0.0,0.0,0.0,1.0,0.0,0.0,0.0,0.0,1.0,0.0,0.0,,False,Qwen/Qwen2.5-VL-7B-Instruct-AWQ,None
2351,Bar,Easy,0.0,0.0,0.0,0.0,0.0,0.0,0.0,0.0,0.0,0.0,1.0,0.0,0.0,False,Qwen/Qwen2.5-VL-7B-Instruct-AWQ,None
2351,Bar,Easy,0.0,0.0,0.0,0.0,0.0,0.0,0.0,0.0,0.0,0.0,1.0,0.0,0.0,False,Qwen/Qwen2.5-VL-7B-Instruct-AWQ,None
2351,Bar,Easy,0.0,0.0,0.0,0.0,0.0,0.0,0.0,0.0,0.0,0.0,1.0,0.0,0.0,False,Qwen/Qwen2.5-VL-7B-Instruct-AWQ,None
2359,Pie,Medium,1.0,0.0,0.0,0.0,0.0,0.0,0.0,0.0,1.0,0.0,0.0,0.0,,True,Qwen/Qwen2.5-VL-7B-Instruct-AWQ,None
2359,Pie,Medium,1.0,0.0,0.0,0.0,0.0,0.0,0.0,0.0,1.0,0.0,0.0,0.0,,True,Qwen/Qwen2.5-VL-7B-Instruct-AWQ,None
2359,Pie,Medium,1.0,0.0,0.0,0.0,0.0,0.0,0.0,0.0,1.0,0.0,0.0,0.0,,True,Qwen/Qwen2.5-VL-7B-Instruct-AWQ,None
2371,Bar,Medium,0.0,0.0,0.3333333333333333,0.0,0.0,0.0,0.0,0.0,0.0,0.3333333333333333,0.6666666666666666,0.0,0.0,True,Qwen/Qwen2.5-VL-7B-Instruct-AWQ,None
2371,Bar,Medium,0.0,0.0,0.3333333333333333,0.0,0.0,0.0,0.0,0.0,0.0,0.3333333333333333,0.6666666666666666,0.0,0.0,True,Qwen/Qwen2.5-VL-7B-Instruct-AWQ,None
2371,Bar,Medium,0.0,0.0,0.3333333333333333,0.0,0.0,0.0,0.0,0.0,0.0,0.3333333333333333,0.6666666666666666,0.0,0.0,True,Qwen/Qwen2.5-VL-7B-Instruct-AWQ,None
2387,Bar,Easy,0.6666666666666666,0.0,0.0,0.0,0.0,0.0,0.0,0.0,0.6666666666666666,0.0,0.3333333333333333,0.0,0.0,True,Qwen/Qwen2.5-VL-7B-Instruct-AWQ,None
2387,Bar,Easy,0.6666666666666666,0.0,0.0,0.0,0.0,0.0,0.0,0.0,0.6666666666666666,0.0,0.3333333333333333,0.0,0.0,True,Qwen/Qwen2.5-VL-7B-Instruct-AWQ,None
2387,Bar,Easy,0.6666666666666666,0.0,0.0,0.0,0.0,0.0,0.0,0.0,0.6666666666666666,0.0,0.3333333333333333,0.0,0.0,True,Qwen/Qwen2.5-VL-7B-Instruct-AWQ,None
2397,Pie,Medium,0.0,0.0,0.0,0.0,1.0,0.0,0.0,0.0,0.0,1.0,0.0,0.0,,True,Qwen/Qwen2.5-VL-7B-Instruct-AWQ,None
2397,Pie,Medium,0.0,0.0,0.0,0.0,1.0,0.0,0.0,0.0,0.0,1.0,0.0,0.0,,True,Qwen/Qwen2.5-VL-7B-Instruct-AWQ,None
2397,Pie,Medium,0.0,0.0,0.0,0.0,1.0,0.0,0.0,0.0,0.0,1.0,0.0,0.0,,True,Qwen/Qwen2.5-VL-7B-Instruct-AWQ,None
2403,Bar,Extra Hard,1.0,0.0,0.0,0.0,0.0,0.0,0.0,0.0,1.0,0.0,0.0,0.0,,True,Qwen/Qwen2.5-VL-7B-Instruct-AWQ,None
2403,Bar,Extra Hard,1.0,0.0,0.0,0.0,0.0,0.0,0.0,0.0,1.0,0.0,0.0,0.0,,True,Qwen/Qwen2.5-VL-7B-Instruct-AWQ,None
2403,Bar,Extra Hard,1.0,0.0,0.0,0.0,0.0,0.0,0.0,0.0,1.0,0.0,0.0,0.0,,True,Qwen/Qwen2.5-VL-7B-Instruct-AWQ,None
2416,Pie,Easy,0.0,0.0,0.0,0.0,1.0,0.0,0.0,0.0,0.0,1.0,0.0,0.0,,False,Qwen/Qwen2.5-VL-7B-Instruct-AWQ,None
2416,Pie,Easy,0.0,0.0,0.0,0.0,1.0,0.0,0.0,0.0,0.0,1.0,0.0,0.0,,False,Qwen/Qwen2.5-VL-7B-Instruct-AWQ,None
2416,Pie,Easy,0.0,0.0,0.0,0.0,1.0,0.0,0.0,0.0,0.0,1.0,0.0,0.0,,False,Qwen/Qwen2.5-VL-7B-Instruct-AWQ,None
2422,Pie,Easy,0.0,0.0,0.0,0.0,0.25,0.0,0.0,0.0,0.0,0.25,0.75,0.0,0.0,False,Qwen/Qwen2.5-VL-7B-Instruct-AWQ,None
2422,Pie,Easy,0.0,0.0,0.0,0.0,0.25,0.0,0.0,0.0,0.0,0.25,0.75,0.0,0.0,False,Qwen/Qwen2.5-VL-7B-Instruct-AWQ,None
2422,Pie,Easy,0.0,0.0,0.0,0.0,0.25,0.0,0.0,0.0,0.0,0.25,0.75,0.0,0.0,False,Qwen/Qwen2.5-VL-7B-Instruct-AWQ,None
2428,Bar,Easy,0.0,0.0,0.0,0.0,0.0,0.0,0.0,0.0,0.0,0.0,1.0,0.0,0.0,False,Qwen/Qwen2.5-VL-7B-Instruct-AWQ,None
2428,Bar,Easy,0.0,0.0,0.0,0.0,0.0,0.0,0.0,0.0,0.0,0.0,1.0,0.0,0.0,False,Qwen/Qwen2.5-VL-7B-Instruct-AWQ,None
2428,Bar,Easy,0.0,0.0,0.0,0.0,0.0,0.0,0.0,0.0,0.0,0.0,1.0,0.0,0.0,False,Qwen/Qwen2.5-VL-7B-Instruct-AWQ,None
2429,Pie,Hard,0.5,0.0,0.0,0.0,0.5,0.0,0.0,0.0,0.5,0.5,0.0,0.0,,True,Qwen/Qwen2.5-VL-7B-Instruct-AWQ,None
2429,Pie,Hard,0.5,0.0,0.0,0.0,0.5,0.0,0.0,0.0,0.5,0.5,0.0,0.0,,True,Qwen/Qwen2.5-VL-7B-Instruct-AWQ,None
2429,Pie,Hard,0.5,0.0,0.0,0.0,0.5,0.0,0.0,0.0,0.5,0.5,0.0,0.0,,True,Qwen/Qwen2.5-VL-7B-Instruct-AWQ,None
2432,Bar,Medium,0.5,0.0,0.0,0.0,0.0,0.5,0.0,0.0,0.5,0.5,0.0,0.0,,True,Qwen/Qwen2.5-VL-7B-Instruct-AWQ,None
2432,Bar,Medium,0.5,0.0,0.0,0.0,0.0,0.5,0.0,0.0,0.5,0.5,0.0,0.0,,True,Qwen/Qwen2.5-VL-7B-Instruct-AWQ,None
2432,Bar,Medium,0.5,0.0,0.0,0.0,0.0,0.5,0.0,0.0,0.5,0.5,0.0,0.0,,True,Qwen/Qwen2.5-VL-7B-Instruct-AWQ,None
2437,Bar,Easy,0.0,0.0,1.0,0.0,0.0,0.0,0.0,0.0,0.0,1.0,0.0,0.0,,False,Qwen/Qwen2.5-VL-7B-Instruct-AWQ,None
2437,Bar,Easy,0.0,0.0,1.0,0.0,0.0,0.0,0.0,0.0,0.0,1.0,0.0,0.0,,False,Qwen/Qwen2.5-VL-7B-Instruct-AWQ,None
2437,Bar,Easy,0.0,0.0,1.0,0.0,0.0,0.0,0.0,0.0,0.0,1.0,0.0,0.0,,False,Qwen/Qwen2.5-VL-7B-Instruct-AWQ,None
2440,Pie,Easy,0.5,0.0,0.0,0.0,0.5,0.0,0.0,0.0,0.5,0.5,0.0,0.0,,False,Qwen/Qwen2.5-VL-7B-Instruct-AWQ,None
2440,Pie,Easy,0.5,0.0,0.0,0.0,0.5,0.0,0.0,0.0,0.5,0.5,0.0,0.0,,False,Qwen/Qwen2.5-VL-7B-Instruct-AWQ,None
2440,Pie,Easy,0.5,0.0,0.0,0.0,0.5,0.0,0.0,0.0,0.5,0.5,0.0,0.0,,False,Qwen/Qwen2.5-VL-7B-Instruct-AWQ,None
2442,Pie,Medium,0.5,0.0,0.0,0.0,0.5,0.0,0.0,0.0,0.5,0.5,0.0,0.0,,True,Qwen/Qwen2.5-VL-7B-Instruct-AWQ,None
2442,Pie,Medium,0.5,0.0,0.0,0.0,0.5,0.0,0.0,0.0,0.5,0.5,0.0,0.0,,True,Qwen/Qwen2.5-VL-7B-Instruct-AWQ,None
2442,Pie,Medium,0.5,0.0,0.0,0.0,0.5,0.0,0.0,0.0,0.5,0.5,0.0,0.0,,True,Qwen/Qwen2.5-VL-7B-Instruct-AWQ,None
2457,Bar,Medium,0.3333333333333333,0.0,0.0,0.0,0.0,0.0,0.0,0.0,0.3333333333333333,0.0,0.6666666666666666,0.0,0.0,True,Qwen/Qwen2.5-VL-7B-Instruct-AWQ,None
2457,Bar,Medium,0.3333333333333333,0.0,0.0,0.0,0.0,0.0,0.0,0.0,0.3333333333333333,0.0,0.6666666666666666,0.0,0.0,True,Qwen/Qwen2.5-VL-7B-Instruct-AWQ,None
2457,Bar,Medium,0.3333333333333333,0.0,0.0,0.0,0.0,0.0,0.0,0.0,0.3333333333333333,0.0,0.6666666666666666,0.0,0.0,True,Qwen/Qwen2.5-VL-7B-Instruct-AWQ,None
2464,Pie,Medium,0.0,0.0,0.0,0.0,1.0,0.0,0.0,0.0,0.0,1.0,0.0,0.0,,False,Qwen/Qwen2.5-VL-7B-Instruct-AWQ,None
2464,Pie,Medium,0.0,0.0,0.0,0.0,1.0,0.0,0.0,0.0,0.0,1.0,0.0,0.0,,False,Qwen/Qwen2.5-VL-7B-Instruct-AWQ,None
2464,Pie,Medium,0.0,0.0,0.0,0.0,1.0,0.0,0.0,0.0,0.0,1.0,0.0,0.0,,False,Qwen/Qwen2.5-VL-7B-Instruct-AWQ,None
2466,Pie,Easy,0.3333333333333333,0.0,0.0,0.0,0.6666666666666666,0.0,0.0,0.0,0.3333333333333333,0.6666666666666666,0.0,0.0,,False,Qwen/Qwen2.5-VL-7B-Instruct-AWQ,None
2466,Pie,Easy,0.3333333333333333,0.0,0.0,0.0,0.6666666666666666,0.0,0.0,0.0,0.3333333333333333,0.6666666666666666,0.0,0.0,,False,Qwen/Qwen2.5-VL-7B-Instruct-AWQ,None
2466,Pie,Easy,0.3333333333333333,0.0,0.0,0.0,0.6666666666666666,0.0,0.0,0.0,0.3333333333333333,0.6666666666666666,0.0,0.0,,False,Qwen/Qwen2.5-VL-7B-Instruct-AWQ,None
2471,Bar,Medium,1.0,0.0,0.0,0.0,0.0,0.0,0.0,0.0,1.0,0.0,0.0,0.0,,True,Qwen/Qwen2.5-VL-7B-Instruct-AWQ,None
2471,Bar,Medium,1.0,0.0,0.0,0.0,0.0,0.0,0.0,0.0,1.0,0.0,0.0,0.0,,True,Qwen/Qwen2.5-VL-7B-Instruct-AWQ,None
2471,Bar,Medium,1.0,0.0,0.0,0.0,0.0,0.0,0.0,0.0,1.0,0.0,0.0,0.0,,True,Qwen/Qwen2.5-VL-7B-Instruct-AWQ,None
2473,Bar,Easy,0.14285714285714285,0.0,0.0,0.14285714285714285,0.14285714285714285,0.0,0.0,0.0,0.14285714285714285,0.14285714285714285,0.7142857142857143,0.0,0.0,False,Qwen/Qwen2.5-VL-7B-Instruct-AWQ,None
2473,Bar,Easy,0.14285714285714285,0.0,0.0,0.14285714285714285,0.14285714285714285,0.0,0.0,0.0,0.14285714285714285,0.14285714285714285,0.7142857142857143,0.0,0.0,False,Qwen/Qwen2.5-VL-7B-Instruct-AWQ,None
2473,Bar,Easy,0.14285714285714285,0.0,0.0,0.14285714285714285,0.14285714285714285,0.0,0.0,0.0,0.14285714285714285,0.14285714285714285,0.7142857142857143,0.0,0.0,False,Qwen/Qwen2.5-VL-7B-Instruct-AWQ,None
2474,Pie,Medium,0.0,0.0,0.0,0.0,1.0,0.0,0.0,0.0,0.0,1.0,0.0,0.0,,True,Qwen/Qwen2.5-VL-7B-Instruct-AWQ,None
2474,Pie,Medium,0.0,0.0,0.0,0.0,1.0,0.0,0.0,0.0,0.0,1.0,0.0,0.0,,True,Qwen/Qwen2.5-VL-7B-Instruct-AWQ,None
2474,Pie,Medium,0.0,0.0,0.0,0.0,1.0,0.0,0.0,0.0,0.0,1.0,0.0,0.0,,True,Qwen/Qwen2.5-VL-7B-Instruct-AWQ,None
2476,Bar,Medium,1.0,0.0,0.0,0.0,0.0,0.0,0.0,0.0,1.0,0.0,0.0,0.0,,True,Qwen/Qwen2.5-VL-7B-Instruct-AWQ,None
2476,Bar,Medium,1.0,0.0,0.0,0.0,0.0,0.0,0.0,0.0,1.0,0.0,0.0,0.0,,True,Qwen/Qwen2.5-VL-7B-Instruct-AWQ,None
2476,Bar,Medium,1.0,0.0,0.0,0.0,0.0,0.0,0.0,0.0,1.0,0.0,0.0,0.0,,True,Qwen/Qwen2.5-VL-7B-Instruct-AWQ,None
2478,Pie,Medium,1.0,0.0,0.0,0.0,0.0,0.0,0.0,0.0,1.0,0.0,0.0,0.0,,True,Qwen/Qwen2.5-VL-7B-Instruct-AWQ,None
2478,Pie,Medium,1.0,0.0,0.0,0.0,0.0,0.0,0.0,0.0,1.0,0.0,0.0,0.0,,True,Qwen/Qwen2.5-VL-7B-Instruct-AWQ,None
2478,Pie,Medium,1.0,0.0,0.0,0.0,0.0,0.0,0.0,0.0,1.0,0.0,0.0,0.0,,True,Qwen/Qwen2.5-VL-7B-Instruct-AWQ,None
2479,Grouping Scatter,Medium,1.0,0.0,0.0,0.0,0.0,0.0,0.0,0.0,1.0,0.0,0.0,0.0,,True,Qwen/Qwen2.5-VL-7B-Instruct-AWQ,None
2479,Grouping Scatter,Medium,1.0,0.0,0.0,0.0,0.0,0.0,0.0,0.0,1.0,0.0,0.0,0.0,,True,Qwen/Qwen2.5-VL-7B-Instruct-AWQ,None
2479,Grouping Scatter,Medium,1.0,0.0,0.0,0.0,0.0,0.0,0.0,0.0,1.0,0.0,0.0,0.0,,True,Qwen/Qwen2.5-VL-7B-Instruct-AWQ,None
2483,Pie,Easy,0.0,0.0,0.0,0.0,0.0,0.0,0.0,0.0,0.0,0.0,1.0,0.0,0.0,False,Qwen/Qwen2.5-VL-7B-Instruct-AWQ,None
2483,Pie,Easy,0.0,0.0,0.0,0.0,0.0,0.0,0.0,0.0,0.0,0.0,1.0,0.0,0.0,False,Qwen/Qwen2.5-VL-7B-Instruct-AWQ,None
2483,Pie,Easy,0.0,0.0,0.0,0.0,0.0,0.0,0.0,0.0,0.0,0.0,1.0,0.0,0.0,False,Qwen/Qwen2.5-VL-7B-Instruct-AWQ,None
2485,Pie,Easy,0.0,0.0,0.0,0.0,1.0,0.0,0.0,0.0,0.0,1.0,0.0,0.0,,False,Qwen/Qwen2.5-VL-7B-Instruct-AWQ,None
2485,Pie,Easy,0.0,0.0,0.0,0.0,1.0,0.0,0.0,0.0,0.0,1.0,0.0,0.0,,False,Qwen/Qwen2.5-VL-7B-Instruct-AWQ,None
2485,Pie,Easy,0.0,0.0,0.0,0.0,1.0,0.0,0.0,0.0,0.0,1.0,0.0,0.0,,False,Qwen/Qwen2.5-VL-7B-Instruct-AWQ,None
2489,Pie,Easy,0.0,0.0,0.0,0.0,0.6666666666666666,0.0,0.0,0.0,0.0,0.6666666666666666,0.3333333333333333,0.0,0.0,False,Qwen/Qwen2.5-VL-7B-Instruct-AWQ,None
2489,Pie,Easy,0.0,0.0,0.0,0.0,0.6666666666666666,0.0,0.0,0.0,0.0,0.6666666666666666,0.3333333333333333,0.0,0.0,False,Qwen/Qwen2.5-VL-7B-Instruct-AWQ,None
2489,Pie,Easy,0.0,0.0,0.0,0.0,0.6666666666666666,0.0,0.0,0.0,0.0,0.6666666666666666,0.3333333333333333,0.0,0.0,False,Qwen/Qwen2.5-VL-7B-Instruct-AWQ,None
2503,Bar,Easy,0.0,0.0,0.0,0.14285714285714285,0.14285714285714285,0.0,0.0,0.0,0.0,0.14285714285714285,0.8571428571428571,0.0,0.0,False,Qwen/Qwen2.5-VL-7B-Instruct-AWQ,None
2503,Bar,Easy,0.0,0.0,0.0,0.14285714285714285,0.14285714285714285,0.0,0.0,0.0,0.0,0.14285714285714285,0.8571428571428571,0.0,0.0,False,Qwen/Qwen2.5-VL-7B-Instruct-AWQ,None
2503,Bar,Easy,0.0,0.0,0.0,0.14285714285714285,0.14285714285714285,0.0,0.0,0.0,0.0,0.14285714285714285,0.8571428571428571,0.0,0.0,False,Qwen/Qwen2.5-VL-7B-Instruct-AWQ,None
2506,Pie,Easy,0.0,0.0,0.0,0.0,1.0,0.0,0.0,0.0,0.0,1.0,0.0,0.0,,False,Qwen/Qwen2.5-VL-7B-Instruct-AWQ,None
2506,Pie,Easy,0.0,0.0,0.0,0.0,1.0,0.0,0.0,0.0,0.0,1.0,0.0,0.0,,False,Qwen/Qwen2.5-VL-7B-Instruct-AWQ,None
2506,Pie,Easy,0.0,0.0,0.0,0.0,1.0,0.0,0.0,0.0,0.0,1.0,0.0,0.0,,False,Qwen/Qwen2.5-VL-7B-Instruct-AWQ,None
2508,Pie,Medium,0.8,0.0,0.0,0.0,0.2,0.0,0.0,0.0,0.8,0.2,0.0,0.0,,True,Qwen/Qwen2.5-VL-7B-Instruct-AWQ,None
2508,Pie,Medium,0.8,0.0,0.0,0.0,0.2,0.0,0.0,0.0,0.8,0.2,0.0,0.0,,True,Qwen/Qwen2.5-VL-7B-Instruct-AWQ,None
2508,Pie,Medium,0.8,0.0,0.0,0.0,0.2,0.0,0.0,0.0,0.8,0.2,0.0,0.0,,True,Qwen/Qwen2.5-VL-7B-Instruct-AWQ,None
2512,Pie,Medium,0.3333333333333333,0.0,0.0,0.0,0.6666666666666666,0.0,0.0,0.0,0.3333333333333333,0.6666666666666666,0.0,0.0,,True,Qwen/Qwen2.5-VL-7B-Instruct-AWQ,None
2512,Pie,Medium,0.3333333333333333,0.0,0.0,0.0,0.6666666666666666,0.0,0.0,0.0,0.3333333333333333,0.6666666666666666,0.0,0.0,,True,Qwen/Qwen2.5-VL-7B-Instruct-AWQ,None
2512,Pie,Medium,0.3333333333333333,0.0,0.0,0.0,0.6666666666666666,0.0,0.0,0.0,0.3333333333333333,0.6666666666666666,0.0,0.0,,True,Qwen/Qwen2.5-VL-7B-Instruct-AWQ,None
2516,Pie,Medium,0.5,0.0,0.0,0.0,0.5,0.0,0.0,0.0,0.5,0.5,0.0,0.0,,False,Qwen/Qwen2.5-VL-7B-Instruct-AWQ,None
2516,Pie,Medium,0.5,0.0,0.0,0.0,0.5,0.0,0.0,0.0,0.5,0.5,0.0,0.0,,False,Qwen/Qwen2.5-VL-7B-Instruct-AWQ,None
2516,Pie,Medium,0.5,0.0,0.0,0.0,0.5,0.0,0.0,0.0,0.5,0.5,0.0,0.0,,False,Qwen/Qwen2.5-VL-7B-Instruct-AWQ,None
2526,Pie,Easy,0.0,0.0,0.0,0.0,1.0,0.0,0.0,0.0,0.0,1.0,0.0,0.0,,False,Qwen/Qwen2.5-VL-7B-Instruct-AWQ,None
2526,Pie,Easy,0.0,0.0,0.0,0.0,1.0,0.0,0.0,0.0,0.0,1.0,0.0,0.0,,False,Qwen/Qwen2.5-VL-7B-Instruct-AWQ,None
2526,Pie,Easy,0.0,0.0,0.0,0.0,1.0,0.0,0.0,0.0,0.0,1.0,0.0,0.0,,False,Qwen/Qwen2.5-VL-7B-Instruct-AWQ,None
2536,Pie,Hard,1.0,0.0,0.0,0.0,0.0,0.0,0.0,0.0,1.0,0.0,0.0,0.0,,True,Qwen/Qwen2.5-VL-7B-Instruct-AWQ,None
2536,Pie,Hard,1.0,0.0,0.0,0.0,0.0,0.0,0.0,0.0,1.0,0.0,0.0,0.0,,True,Qwen/Qwen2.5-VL-7B-Instruct-AWQ,None
2536,Pie,Hard,1.0,0.0,0.0,0.0,0.0,0.0,0.0,0.0,1.0,0.0,0.0,0.0,,True,Qwen/Qwen2.5-VL-7B-Instruct-AWQ,None
2543,Pie,Easy,0.0,0.0,0.0,0.0,1.0,0.0,0.0,0.0,0.0,1.0,0.0,0.0,,False,Qwen/Qwen2.5-VL-7B-Instruct-AWQ,None
2543,Pie,Easy,0.0,0.0,0.0,0.0,1.0,0.0,0.0,0.0,0.0,1.0,0.0,0.0,,False,Qwen/Qwen2.5-VL-7B-Instruct-AWQ,None
2543,Pie,Easy,0.0,0.0,0.0,0.0,1.0,0.0,0.0,0.0,0.0,1.0,0.0,0.0,,False,Qwen/Qwen2.5-VL-7B-Instruct-AWQ,None
2548,Scatter,Easy,0.0,0.0,0.0,0.0,1.0,0.0,0.0,0.0,0.0,1.0,0.0,0.0,,False,Qwen/Qwen2.5-VL-7B-Instruct-AWQ,None
2548,Scatter,Easy,0.0,0.0,0.0,0.0,1.0,0.0,0.0,0.0,0.0,1.0,0.0,0.0,,False,Qwen/Qwen2.5-VL-7B-Instruct-AWQ,None
2548,Scatter,Easy,0.0,0.0,0.0,0.0,1.0,0.0,0.0,0.0,0.0,1.0,0.0,0.0,,False,Qwen/Qwen2.5-VL-7B-Instruct-AWQ,None
2549,Pie,Easy,0.0,0.0,0.0,0.0,1.0,0.0,0.0,0.0,0.0,1.0,0.0,0.0,,False,Qwen/Qwen2.5-VL-7B-Instruct-AWQ,None
2549,Pie,Easy,0.0,0.0,0.0,0.0,1.0,0.0,0.0,0.0,0.0,1.0,0.0,0.0,,False,Qwen/Qwen2.5-VL-7B-Instruct-AWQ,None
2549,Pie,Easy,0.0,0.0,0.0,0.0,1.0,0.0,0.0,0.0,0.0,1.0,0.0,0.0,,False,Qwen/Qwen2.5-VL-7B-Instruct-AWQ,None
2550,Grouping Scatter,Easy,0.3333333333333333,0.0,0.0,0.0,0.0,0.0,0.0,0.0,0.3333333333333333,0.0,0.6666666666666666,0.0,0.0,False,Qwen/Qwen2.5-VL-7B-Instruct-AWQ,None
2550,Grouping Scatter,Easy,0.3333333333333333,0.0,0.0,0.0,0.0,0.0,0.0,0.0,0.3333333333333333,0.0,0.6666666666666666,0.0,0.0,False,Qwen/Qwen2.5-VL-7B-Instruct-AWQ,None
2550,Grouping Scatter,Easy,0.3333333333333333,0.0,0.0,0.0,0.0,0.0,0.0,0.0,0.3333333333333333,0.0,0.6666666666666666,0.0,0.0,False,Qwen/Qwen2.5-VL-7B-Instruct-AWQ,None
2564,Pie,Hard,1.0,0.0,0.0,0.0,0.0,0.0,0.0,0.0,1.0,0.0,0.0,0.0,,True,Qwen/Qwen2.5-VL-7B-Instruct-AWQ,None
2564,Pie,Hard,1.0,0.0,0.0,0.0,0.0,0.0,0.0,0.0,1.0,0.0,0.0,0.0,,True,Qwen/Qwen2.5-VL-7B-Instruct-AWQ,None
2564,Pie,Hard,1.0,0.0,0.0,0.0,0.0,0.0,0.0,0.0,1.0,0.0,0.0,0.0,,True,Qwen/Qwen2.5-VL-7B-Instruct-AWQ,None
2567,Pie,Easy,0.0,0.0,0.0,0.0,1.0,0.0,0.0,0.0,0.0,1.0,0.0,0.0,,False,Qwen/Qwen2.5-VL-7B-Instruct-AWQ,None
2567,Pie,Easy,0.0,0.0,0.0,0.0,1.0,0.0,0.0,0.0,0.0,1.0,0.0,0.0,,False,Qwen/Qwen2.5-VL-7B-Instruct-AWQ,None
2567,Pie,Easy,0.0,0.0,0.0,0.0,1.0,0.0,0.0,0.0,0.0,1.0,0.0,0.0,,False,Qwen/Qwen2.5-VL-7B-Instruct-AWQ,None
2568,Bar,Easy,0.0,0.0,0.0,0.0,0.0,0.0,0.0,0.0,0.0,0.0,1.0,0.0,0.0,False,Qwen/Qwen2.5-VL-7B-Instruct-AWQ,None
2568,Bar,Easy,0.0,0.0,0.0,0.0,0.0,0.0,0.0,0.0,0.0,0.0,1.0,0.0,0.0,False,Qwen/Qwen2.5-VL-7B-Instruct-AWQ,None
2568,Bar,Easy,0.0,0.0,0.0,0.0,0.0,0.0,0.0,0.0,0.0,0.0,1.0,0.0,0.0,False,Qwen/Qwen2.5-VL-7B-Instruct-AWQ,None
2569,Bar,Easy,0.0,0.0,0.0,0.0,0.0,0.0,0.0,0.0,0.0,0.0,1.0,0.0,0.0,False,Qwen/Qwen2.5-VL-7B-Instruct-AWQ,None
2569,Bar,Easy,0.0,0.0,0.0,0.0,0.0,0.0,0.0,0.0,0.0,0.0,1.0,0.0,0.0,False,Qwen/Qwen2.5-VL-7B-Instruct-AWQ,None
2569,Bar,Easy,0.0,0.0,0.0,0.0,0.0,0.0,0.0,0.0,0.0,0.0,1.0,0.0,0.0,False,Qwen/Qwen2.5-VL-7B-Instruct-AWQ,None
2570,Pie,Easy,0.0,0.0,0.0,0.0,1.0,0.0,0.0,0.0,0.0,1.0,0.0,0.0,,False,Qwen/Qwen2.5-VL-7B-Instruct-AWQ,None
2570,Pie,Easy,0.0,0.0,0.0,0.0,1.0,0.0,0.0,0.0,0.0,1.0,0.0,0.0,,False,Qwen/Qwen2.5-VL-7B-Instruct-AWQ,None
2570,Pie,Easy,0.0,0.0,0.0,0.0,1.0,0.0,0.0,0.0,0.0,1.0,0.0,0.0,,False,Qwen/Qwen2.5-VL-7B-Instruct-AWQ,None
2571,Pie,Easy,0.0,0.0,0.0,0.0,1.0,0.0,0.0,0.0,0.0,1.0,0.0,0.0,,False,Qwen/Qwen2.5-VL-7B-Instruct-AWQ,None
2571,Pie,Easy,0.0,0.0,0.0,0.0,1.0,0.0,0.0,0.0,0.0,1.0,0.0,0.0,,False,Qwen/Qwen2.5-VL-7B-Instruct-AWQ,None
2571,Pie,Easy,0.0,0.0,0.0,0.0,1.0,0.0,0.0,0.0,0.0,1.0,0.0,0.0,,False,Qwen/Qwen2.5-VL-7B-Instruct-AWQ,None
2576,Pie,Medium,1.0,0.0,0.0,0.0,0.0,0.0,0.0,0.0,1.0,0.0,0.0,0.0,,True,Qwen/Qwen2.5-VL-7B-Instruct-AWQ,None
2576,Pie,Medium,1.0,0.0,0.0,0.0,0.0,0.0,0.0,0.0,1.0,0.0,0.0,0.0,,True,Qwen/Qwen2.5-VL-7B-Instruct-AWQ,None
2576,Pie,Medium,1.0,0.0,0.0,0.0,0.0,0.0,0.0,0.0,1.0,0.0,0.0,0.0,,True,Qwen/Qwen2.5-VL-7B-Instruct-AWQ,None
2578,Bar,Hard,0.0,0.0,0.0,0.0,1.0,0.0,0.0,0.0,0.0,1.0,0.0,0.0,,True,Qwen/Qwen2.5-VL-7B-Instruct-AWQ,None
2578,Bar,Hard,0.0,0.0,0.0,0.0,1.0,0.0,0.0,0.0,0.0,1.0,0.0,0.0,,True,Qwen/Qwen2.5-VL-7B-Instruct-AWQ,None
2578,Bar,Hard,0.0,0.0,0.0,0.0,1.0,0.0,0.0,0.0,0.0,1.0,0.0,0.0,,True,Qwen/Qwen2.5-VL-7B-Instruct-AWQ,None
2579,Pie,Medium,0.0,0.0,0.0,0.0,1.0,0.0,0.0,0.0,0.0,1.0,0.0,0.0,,True,Qwen/Qwen2.5-VL-7B-Instruct-AWQ,None
2579,Pie,Medium,0.0,0.0,0.0,0.0,1.0,0.0,0.0,0.0,0.0,1.0,0.0,0.0,,True,Qwen/Qwen2.5-VL-7B-Instruct-AWQ,None
2579,Pie,Medium,0.0,0.0,0.0,0.0,1.0,0.0,0.0,0.0,0.0,1.0,0.0,0.0,,True,Qwen/Qwen2.5-VL-7B-Instruct-AWQ,None
2593,Pie,Easy,0.0,0.0,0.0,0.0,0.6666666666666666,0.0,0.0,0.0,0.0,0.6666666666666666,0.3333333333333333,0.0,0.0,False,Qwen/Qwen2.5-VL-7B-Instruct-AWQ,None
2593,Pie,Easy,0.0,0.0,0.0,0.0,0.6666666666666666,0.0,0.0,0.0,0.0,0.6666666666666666,0.3333333333333333,0.0,0.0,False,Qwen/Qwen2.5-VL-7B-Instruct-AWQ,None
2593,Pie,Easy,0.0,0.0,0.0,0.0,0.6666666666666666,0.0,0.0,0.0,0.0,0.6666666666666666,0.3333333333333333,0.0,0.0,False,Qwen/Qwen2.5-VL-7B-Instruct-AWQ,None
2595,Pie,Hard,1.0,0.0,0.0,0.0,0.0,0.0,0.0,0.0,1.0,0.0,0.0,0.0,,True,Qwen/Qwen2.5-VL-7B-Instruct-AWQ,None
2595,Pie,Hard,1.0,0.0,0.0,0.0,0.0,0.0,0.0,0.0,1.0,0.0,0.0,0.0,,True,Qwen/Qwen2.5-VL-7B-Instruct-AWQ,None
2595,Pie,Hard,1.0,0.0,0.0,0.0,0.0,0.0,0.0,0.0,1.0,0.0,0.0,0.0,,True,Qwen/Qwen2.5-VL-7B-Instruct-AWQ,None
2604,Pie,Easy,0.0,0.0,0.0,0.0,1.0,0.0,0.0,0.0,0.0,1.0,0.0,0.0,,False,Qwen/Qwen2.5-VL-7B-Instruct-AWQ,None
2604,Pie,Easy,0.0,0.0,0.0,0.0,1.0,0.0,0.0,0.0,0.0,1.0,0.0,0.0,,False,Qwen/Qwen2.5-VL-7B-Instruct-AWQ,None
2604,Pie,Easy,0.0,0.0,0.0,0.0,1.0,0.0,0.0,0.0,0.0,1.0,0.0,0.0,,False,Qwen/Qwen2.5-VL-7B-Instruct-AWQ,None
2605,Bar,Easy,0.5,0.0,0.5,0.0,0.0,0.0,0.0,0.0,0.5,0.5,0.0,0.0,,False,Qwen/Qwen2.5-VL-7B-Instruct-AWQ,None
2605,Bar,Easy,0.5,0.0,0.5,0.0,0.0,0.0,0.0,0.0,0.5,0.5,0.0,0.0,,False,Qwen/Qwen2.5-VL-7B-Instruct-AWQ,None
2605,Bar,Easy,0.5,0.0,0.5,0.0,0.0,0.0,0.0,0.0,0.5,0.5,0.0,0.0,,False,Qwen/Qwen2.5-VL-7B-Instruct-AWQ,None
2606,Pie,Easy,0.0,0.0,0.0,0.0,1.0,0.0,0.0,0.0,0.0,1.0,0.0,0.0,,False,Qwen/Qwen2.5-VL-7B-Instruct-AWQ,None
2606,Pie,Easy,0.0,0.0,0.0,0.0,1.0,0.0,0.0,0.0,0.0,1.0,0.0,0.0,,False,Qwen/Qwen2.5-VL-7B-Instruct-AWQ,None
2606,Pie,Easy,0.0,0.0,0.0,0.0,1.0,0.0,0.0,0.0,0.0,1.0,0.0,0.0,,False,Qwen/Qwen2.5-VL-7B-Instruct-AWQ,None
2615,Bar,Hard,0.0,0.0,0.0,0.0,1.0,0.0,0.0,0.0,0.0,1.0,0.0,0.0,,False,Qwen/Qwen2.5-VL-7B-Instruct-AWQ,None
2615,Bar,Hard,0.0,0.0,0.0,0.0,1.0,0.0,0.0,0.0,0.0,1.0,0.0,0.0,,False,Qwen/Qwen2.5-VL-7B-Instruct-AWQ,None
2615,Bar,Hard,0.0,0.0,0.0,0.0,1.0,0.0,0.0,0.0,0.0,1.0,0.0,0.0,,False,Qwen/Qwen2.5-VL-7B-Instruct-AWQ,None
2617,Line,Hard,0.0,0.0,0.0,0.0,1.0,0.0,0.0,0.0,0.0,1.0,0.0,0.0,,False,Qwen/Qwen2.5-VL-7B-Instruct-AWQ,None
2617,Line,Hard,0.0,0.0,0.0,0.0,1.0,0.0,0.0,0.0,0.0,1.0,0.0,0.0,,False,Qwen/Qwen2.5-VL-7B-Instruct-AWQ,None
2617,Line,Hard,0.0,0.0,0.0,0.0,1.0,0.0,0.0,0.0,0.0,1.0,0.0,0.0,,False,Qwen/Qwen2.5-VL-7B-Instruct-AWQ,None
2620,Pie,Extra Hard,0.75,0.0,0.0,0.0,0.25,0.0,0.0,0.0,0.75,0.25,0.0,0.0,,True,Qwen/Qwen2.5-VL-7B-Instruct-AWQ,None
2620,Pie,Extra Hard,0.75,0.0,0.0,0.0,0.25,0.0,0.0,0.0,0.75,0.25,0.0,0.0,,True,Qwen/Qwen2.5-VL-7B-Instruct-AWQ,None
2620,Pie,Extra Hard,0.75,0.0,0.0,0.0,0.25,0.0,0.0,0.0,0.75,0.25,0.0,0.0,,True,Qwen/Qwen2.5-VL-7B-Instruct-AWQ,None
2622,Pie,Easy,0.0,0.0,0.0,0.0,0.0,0.0,0.0,0.0,0.0,0.0,1.0,0.0,0.0,False,Qwen/Qwen2.5-VL-7B-Instruct-AWQ,None
2622,Pie,Easy,0.0,0.0,0.0,0.0,0.0,0.0,0.0,0.0,0.0,0.0,1.0,0.0,0.0,False,Qwen/Qwen2.5-VL-7B-Instruct-AWQ,None
2622,Pie,Easy,0.0,0.0,0.0,0.0,0.0,0.0,0.0,0.0,0.0,0.0,1.0,0.0,0.0,False,Qwen/Qwen2.5-VL-7B-Instruct-AWQ,None
2624,Pie,Easy,0.0,0.0,0.0,0.0,0.25,0.0,0.0,0.0,0.0,0.25,0.75,0.0,0.0,False,Qwen/Qwen2.5-VL-7B-Instruct-AWQ,None
2624,Pie,Easy,0.0,0.0,0.0,0.0,0.25,0.0,0.0,0.0,0.0,0.25,0.75,0.0,0.0,False,Qwen/Qwen2.5-VL-7B-Instruct-AWQ,None
2624,Pie,Easy,0.0,0.0,0.0,0.0,0.25,0.0,0.0,0.0,0.0,0.25,0.75,0.0,0.0,False,Qwen/Qwen2.5-VL-7B-Instruct-AWQ,None
2630,Pie,Easy,0.3333333333333333,0.0,0.0,0.0,0.3333333333333333,0.0,0.0,0.0,0.3333333333333333,0.3333333333333333,0.3333333333333333,0.0,0.0,False,Qwen/Qwen2.5-VL-7B-Instruct-AWQ,None
2630,Pie,Easy,0.3333333333333333,0.0,0.0,0.0,0.3333333333333333,0.0,0.0,0.0,0.3333333333333333,0.3333333333333333,0.3333333333333333,0.0,0.0,False,Qwen/Qwen2.5-VL-7B-Instruct-AWQ,None
2630,Pie,Easy,0.3333333333333333,0.0,0.0,0.0,0.3333333333333333,0.0,0.0,0.0,0.3333333333333333,0.3333333333333333,0.3333333333333333,0.0,0.0,False,Qwen/Qwen2.5-VL-7B-Instruct-AWQ,None
2631,Bar,Easy,0.3333333333333333,0.0,0.0,0.0,0.0,0.0,0.0,0.0,0.3333333333333333,0.0,0.6666666666666666,0.0,0.0,False,Qwen/Qwen2.5-VL-7B-Instruct-AWQ,None
2631,Bar,Easy,0.3333333333333333,0.0,0.0,0.0,0.0,0.0,0.0,0.0,0.3333333333333333,0.0,0.6666666666666666,0.0,0.0,False,Qwen/Qwen2.5-VL-7B-Instruct-AWQ,None
2631,Bar,Easy,0.3333333333333333,0.0,0.0,0.0,0.0,0.0,0.0,0.0,0.3333333333333333,0.0,0.6666666666666666,0.0,0.0,False,Qwen/Qwen2.5-VL-7B-Instruct-AWQ,None
2633,Scatter,Medium,1.0,0.0,0.0,0.0,0.0,0.0,0.0,0.0,1.0,0.0,0.0,0.0,,False,Qwen/Qwen2.5-VL-7B-Instruct-AWQ,None
2633,Scatter,Medium,1.0,0.0,0.0,0.0,0.0,0.0,0.0,0.0,1.0,0.0,0.0,0.0,,False,Qwen/Qwen2.5-VL-7B-Instruct-AWQ,None
2633,Scatter,Medium,1.0,0.0,0.0,0.0,0.0,0.0,0.0,0.0,1.0,0.0,0.0,0.0,,False,Qwen/Qwen2.5-VL-7B-Instruct-AWQ,None
2634,Grouping Scatter,Medium,1.0,0.0,0.0,0.0,0.0,0.0,0.0,0.0,1.0,0.0,0.0,0.0,,False,Qwen/Qwen2.5-VL-7B-Instruct-AWQ,None
2634,Grouping Scatter,Medium,1.0,0.0,0.0,0.0,0.0,0.0,0.0,0.0,1.0,0.0,0.0,0.0,,False,Qwen/Qwen2.5-VL-7B-Instruct-AWQ,None
2634,Grouping Scatter,Medium,1.0,0.0,0.0,0.0,0.0,0.0,0.0,0.0,1.0,0.0,0.0,0.0,,False,Qwen/Qwen2.5-VL-7B-Instruct-AWQ,None
2635,Pie,Medium,0.0,0.0,0.0,0.0,1.0,0.0,0.0,0.0,0.0,1.0,0.0,0.0,,True,Qwen/Qwen2.5-VL-7B-Instruct-AWQ,None
2635,Pie,Medium,0.0,0.0,0.0,0.0,1.0,0.0,0.0,0.0,0.0,1.0,0.0,0.0,,True,Qwen/Qwen2.5-VL-7B-Instruct-AWQ,None
2635,Pie,Medium,0.0,0.0,0.0,0.0,1.0,0.0,0.0,0.0,0.0,1.0,0.0,0.0,,True,Qwen/Qwen2.5-VL-7B-Instruct-AWQ,None
2637,Bar,Easy,0.5,0.0,0.0,0.0,0.5,0.0,0.0,0.0,0.5,0.5,0.0,0.0,,False,Qwen/Qwen2.5-VL-7B-Instruct-AWQ,None
2637,Bar,Easy,0.5,0.0,0.0,0.0,0.5,0.0,0.0,0.0,0.5,0.5,0.0,0.0,,False,Qwen/Qwen2.5-VL-7B-Instruct-AWQ,None
2637,Bar,Easy,0.5,0.0,0.0,0.0,0.5,0.0,0.0,0.0,0.5,0.5,0.0,0.0,,False,Qwen/Qwen2.5-VL-7B-Instruct-AWQ,None
2638,Bar,Easy,0.0,0.0,0.0,0.0,1.0,0.0,0.0,0.0,0.0,1.0,0.0,0.0,,False,Qwen/Qwen2.5-VL-7B-Instruct-AWQ,None
2638,Bar,Easy,0.0,0.0,0.0,0.0,1.0,0.0,0.0,0.0,0.0,1.0,0.0,0.0,,False,Qwen/Qwen2.5-VL-7B-Instruct-AWQ,None
2638,Bar,Easy,0.0,0.0,0.0,0.0,1.0,0.0,0.0,0.0,0.0,1.0,0.0,0.0,,False,Qwen/Qwen2.5-VL-7B-Instruct-AWQ,None
2640,Bar,Medium,1.0,0.0,0.0,0.0,0.0,0.0,0.0,0.0,1.0,0.0,0.0,0.0,,True,Qwen/Qwen2.5-VL-7B-Instruct-AWQ,None
2640,Bar,Medium,1.0,0.0,0.0,0.0,0.0,0.0,0.0,0.0,1.0,0.0,0.0,0.0,,True,Qwen/Qwen2.5-VL-7B-Instruct-AWQ,None
2640,Bar,Medium,1.0,0.0,0.0,0.0,0.0,0.0,0.0,0.0,1.0,0.0,0.0,0.0,,True,Qwen/Qwen2.5-VL-7B-Instruct-AWQ,None
2641,Bar,Medium,0.2,0.0,0.0,0.2,0.2,0.0,0.0,0.0,0.2,0.2,0.6,0.0,0.0,True,Qwen/Qwen2.5-VL-7B-Instruct-AWQ,None
2641,Bar,Medium,0.2,0.0,0.0,0.2,0.2,0.0,0.0,0.0,0.2,0.2,0.6,0.0,0.0,True,Qwen/Qwen2.5-VL-7B-Instruct-AWQ,None
2641,Bar,Medium,0.2,0.0,0.0,0.2,0.2,0.0,0.0,0.0,0.2,0.2,0.6,0.0,0.0,True,Qwen/Qwen2.5-VL-7B-Instruct-AWQ,None
2642,Pie,Easy,0.5,0.0,0.0,0.0,0.5,0.0,0.0,0.0,0.5,0.5,0.0,0.0,,False,Qwen/Qwen2.5-VL-7B-Instruct-AWQ,None
2642,Pie,Easy,0.5,0.0,0.0,0.0,0.5,0.0,0.0,0.0,0.5,0.5,0.0,0.0,,False,Qwen/Qwen2.5-VL-7B-Instruct-AWQ,None
2642,Pie,Easy,0.5,0.0,0.0,0.0,0.5,0.0,0.0,0.0,0.5,0.5,0.0,0.0,,False,Qwen/Qwen2.5-VL-7B-Instruct-AWQ,None
2645,Pie,Easy,0.0,0.0,0.0,0.0,0.0,0.0,0.0,0.0,0.0,0.0,1.0,0.0,0.0,False,Qwen/Qwen2.5-VL-7B-Instruct-AWQ,None
2645,Pie,Easy,0.0,0.0,0.0,0.0,0.0,0.0,0.0,0.0,0.0,0.0,1.0,0.0,0.0,False,Qwen/Qwen2.5-VL-7B-Instruct-AWQ,None
2645,Pie,Easy,0.0,0.0,0.0,0.0,0.0,0.0,0.0,0.0,0.0,0.0,1.0,0.0,0.0,False,Qwen/Qwen2.5-VL-7B-Instruct-AWQ,None
2646,Bar,Medium,1.0,0.0,0.0,0.0,0.0,0.0,0.0,0.0,1.0,0.0,0.0,0.0,,False,Qwen/Qwen2.5-VL-7B-Instruct-AWQ,None
2646,Bar,Medium,1.0,0.0,0.0,0.0,0.0,0.0,0.0,0.0,1.0,0.0,0.0,0.0,,False,Qwen/Qwen2.5-VL-7B-Instruct-AWQ,None
2646,Bar,Medium,1.0,0.0,0.0,0.0,0.0,0.0,0.0,0.0,1.0,0.0,0.0,0.0,,False,Qwen/Qwen2.5-VL-7B-Instruct-AWQ,None
2652,Bar,Medium,0.0,0.0,0.0,0.0,0.0,1.0,0.0,0.0,0.0,1.0,0.0,0.0,,False,Qwen/Qwen2.5-VL-7B-Instruct-AWQ,None
2652,Bar,Medium,0.0,0.0,0.0,0.0,0.0,1.0,0.0,0.0,0.0,1.0,0.0,0.0,,False,Qwen/Qwen2.5-VL-7B-Instruct-AWQ,None
2652,Bar,Medium,0.0,0.0,0.0,0.0,0.0,1.0,0.0,0.0,0.0,1.0,0.0,0.0,,False,Qwen/Qwen2.5-VL-7B-Instruct-AWQ,None
2656,Pie,Hard,0.0,0.0,0.0,0.5,0.5,0.0,0.0,0.0,0.0,1.0,0.0,0.0,,False,Qwen/Qwen2.5-VL-7B-Instruct-AWQ,None
2656,Pie,Hard,0.0,0.0,0.0,0.5,0.5,0.0,0.0,0.0,0.0,1.0,0.0,0.0,,False,Qwen/Qwen2.5-VL-7B-Instruct-AWQ,None
2656,Pie,Hard,0.0,0.0,0.0,0.5,0.5,0.0,0.0,0.0,0.0,1.0,0.0,0.0,,False,Qwen/Qwen2.5-VL-7B-Instruct-AWQ,None
2657,Bar,Hard,0.0,0.0,0.0,0.0,0.0,0.0,0.0,0.0,0.0,0.0,1.0,0.0,0.0,False,Qwen/Qwen2.5-VL-7B-Instruct-AWQ,None
2657,Bar,Hard,0.0,0.0,0.0,0.0,0.0,0.0,0.0,0.0,0.0,0.0,1.0,0.0,0.0,False,Qwen/Qwen2.5-VL-7B-Instruct-AWQ,None
2657,Bar,Hard,0.0,0.0,0.0,0.0,0.0,0.0,0.0,0.0,0.0,0.0,1.0,0.0,0.0,False,Qwen/Qwen2.5-VL-7B-Instruct-AWQ,None
2693,Pie,Medium,0.5,0.0,0.0,0.0,0.5,0.0,0.0,0.0,0.5,0.5,0.0,0.0,,True,Qwen/Qwen2.5-VL-7B-Instruct-AWQ,None
2693,Pie,Medium,0.5,0.0,0.0,0.0,0.5,0.0,0.0,0.0,0.5,0.5,0.0,0.0,,True,Qwen/Qwen2.5-VL-7B-Instruct-AWQ,None
2693,Pie,Medium,0.5,0.0,0.0,0.0,0.5,0.0,0.0,0.0,0.5,0.5,0.0,0.0,,True,Qwen/Qwen2.5-VL-7B-Instruct-AWQ,None
2694,Bar,Medium,0.0,0.0,0.0,0.0,0.0,0.0,0.0,0.0,0.0,0.0,1.0,0.0,0.0,True,Qwen/Qwen2.5-VL-7B-Instruct-AWQ,None
2694,Bar,Medium,0.0,0.0,0.0,0.0,0.0,0.0,0.0,0.0,0.0,0.0,1.0,0.0,0.0,True,Qwen/Qwen2.5-VL-7B-Instruct-AWQ,None
2694,Bar,Medium,0.0,0.0,0.0,0.0,0.0,0.0,0.0,0.0,0.0,0.0,1.0,0.0,0.0,True,Qwen/Qwen2.5-VL-7B-Instruct-AWQ,None
2695,Pie,Easy,0.0,0.0,0.0,0.0,1.0,0.0,0.0,0.0,0.0,1.0,0.0,0.0,,False,Qwen/Qwen2.5-VL-7B-Instruct-AWQ,None
2695,Pie,Easy,0.0,0.0,0.0,0.0,1.0,0.0,0.0,0.0,0.0,1.0,0.0,0.0,,False,Qwen/Qwen2.5-VL-7B-Instruct-AWQ,None
2695,Pie,Easy,0.0,0.0,0.0,0.0,1.0,0.0,0.0,0.0,0.0,1.0,0.0,0.0,,False,Qwen/Qwen2.5-VL-7B-Instruct-AWQ,None
2703,Bar,Medium,0.0,0.0,0.0,0.0,0.0,0.0,0.0,0.0,0.0,0.0,1.0,0.0,0.0,False,Qwen/Qwen2.5-VL-7B-Instruct-AWQ,None
2703,Bar,Medium,0.0,0.0,0.0,0.0,0.0,0.0,0.0,0.0,0.0,0.0,1.0,0.0,0.0,False,Qwen/Qwen2.5-VL-7B-Instruct-AWQ,None
2703,Bar,Medium,0.0,0.0,0.0,0.0,0.0,0.0,0.0,0.0,0.0,0.0,1.0,0.0,0.0,False,Qwen/Qwen2.5-VL-7B-Instruct-AWQ,None
2705,Pie,Easy,0.0,0.0,0.0,0.0,1.0,0.0,0.0,0.0,0.0,1.0,0.0,0.0,,False,Qwen/Qwen2.5-VL-7B-Instruct-AWQ,None
2705,Pie,Easy,0.0,0.0,0.0,0.0,1.0,0.0,0.0,0.0,0.0,1.0,0.0,0.0,,False,Qwen/Qwen2.5-VL-7B-Instruct-AWQ,None
2705,Pie,Easy,0.0,0.0,0.0,0.0,1.0,0.0,0.0,0.0,0.0,1.0,0.0,0.0,,False,Qwen/Qwen2.5-VL-7B-Instruct-AWQ,None
2708,Scatter,Medium,0.5,0.0,0.0,0.0,0.5,0.0,0.0,0.0,0.5,0.5,0.0,0.0,,False,Qwen/Qwen2.5-VL-7B-Instruct-AWQ,None
2708,Scatter,Medium,0.5,0.0,0.0,0.0,0.5,0.0,0.0,0.0,0.5,0.5,0.0,0.0,,False,Qwen/Qwen2.5-VL-7B-Instruct-AWQ,None
2708,Scatter,Medium,0.5,0.0,0.0,0.0,0.5,0.0,0.0,0.0,0.5,0.5,0.0,0.0,,False,Qwen/Qwen2.5-VL-7B-Instruct-AWQ,None
2709,Grouping Scatter,Medium,0.6666666666666666,0.0,0.0,0.0,0.3333333333333333,0.0,0.0,0.0,0.6666666666666666,0.3333333333333333,0.0,0.0,,False,Qwen/Qwen2.5-VL-7B-Instruct-AWQ,None
2709,Grouping Scatter,Medium,0.6666666666666666,0.0,0.0,0.0,0.3333333333333333,0.0,0.0,0.0,0.6666666666666666,0.3333333333333333,0.0,0.0,,False,Qwen/Qwen2.5-VL-7B-Instruct-AWQ,None
2709,Grouping Scatter,Medium,0.6666666666666666,0.0,0.0,0.0,0.3333333333333333,0.0,0.0,0.0,0.6666666666666666,0.3333333333333333,0.0,0.0,,False,Qwen/Qwen2.5-VL-7B-Instruct-AWQ,None
2724,Bar,Easy,0.0,0.0,0.0,0.0,0.0,0.0,0.0,0.0,0.0,0.0,1.0,0.0,0.0,False,Qwen/Qwen2.5-VL-7B-Instruct-AWQ,None
2724,Bar,Easy,0.0,0.0,0.0,0.0,0.0,0.0,0.0,0.0,0.0,0.0,1.0,0.0,0.0,False,Qwen/Qwen2.5-VL-7B-Instruct-AWQ,None
2724,Bar,Easy,0.0,0.0,0.0,0.0,0.0,0.0,0.0,0.0,0.0,0.0,1.0,0.0,0.0,False,Qwen/Qwen2.5-VL-7B-Instruct-AWQ,None
2734,Pie,Medium,0.0,0.0,0.0,0.0,0.0,0.0,0.0,0.0,0.0,0.0,1.0,0.0,0.0,False,Qwen/Qwen2.5-VL-7B-Instruct-AWQ,None
2734,Pie,Medium,0.0,0.0,0.0,0.0,0.0,0.0,0.0,0.0,0.0,0.0,1.0,0.0,0.0,False,Qwen/Qwen2.5-VL-7B-Instruct-AWQ,None
2734,Pie,Medium,0.0,0.0,0.0,0.0,0.0,0.0,0.0,0.0,0.0,0.0,1.0,0.0,0.0,False,Qwen/Qwen2.5-VL-7B-Instruct-AWQ,None
2736,Pie,Medium,0.0,0.0,0.0,0.0,1.0,0.0,0.0,0.0,0.0,1.0,0.0,0.0,,False,Qwen/Qwen2.5-VL-7B-Instruct-AWQ,None
2736,Pie,Medium,0.0,0.0,0.0,0.0,1.0,0.0,0.0,0.0,0.0,1.0,0.0,0.0,,False,Qwen/Qwen2.5-VL-7B-Instruct-AWQ,None
2736,Pie,Medium,0.0,0.0,0.0,0.0,1.0,0.0,0.0,0.0,0.0,1.0,0.0,0.0,,False,Qwen/Qwen2.5-VL-7B-Instruct-AWQ,None
2743,Scatter,Easy,1.0,0.0,0.0,0.0,0.0,0.0,0.0,0.0,1.0,0.0,0.0,0.0,,False,Qwen/Qwen2.5-VL-7B-Instruct-AWQ,None
2743,Scatter,Easy,1.0,0.0,0.0,0.0,0.0,0.0,0.0,0.0,1.0,0.0,0.0,0.0,,False,Qwen/Qwen2.5-VL-7B-Instruct-AWQ,None
2743,Scatter,Easy,1.0,0.0,0.0,0.0,0.0,0.0,0.0,0.0,1.0,0.0,0.0,0.0,,False,Qwen/Qwen2.5-VL-7B-Instruct-AWQ,None
2745,Grouping Scatter,Easy,1.0,0.0,0.0,0.0,0.0,0.0,0.0,0.0,1.0,0.0,0.0,0.0,,False,Qwen/Qwen2.5-VL-7B-Instruct-AWQ,None
2745,Grouping Scatter,Easy,1.0,0.0,0.0,0.0,0.0,0.0,0.0,0.0,1.0,0.0,0.0,0.0,,False,Qwen/Qwen2.5-VL-7B-Instruct-AWQ,None
2745,Grouping Scatter,Easy,1.0,0.0,0.0,0.0,0.0,0.0,0.0,0.0,1.0,0.0,0.0,0.0,,False,Qwen/Qwen2.5-VL-7B-Instruct-AWQ,None
2748,Pie,Medium,0.5,0.0,0.0,0.0,0.5,0.0,0.0,0.0,0.5,0.5,0.0,0.0,,False,Qwen/Qwen2.5-VL-7B-Instruct-AWQ,None
2748,Pie,Medium,0.5,0.0,0.0,0.0,0.5,0.0,0.0,0.0,0.5,0.5,0.0,0.0,,False,Qwen/Qwen2.5-VL-7B-Instruct-AWQ,None
2748,Pie,Medium,0.5,0.0,0.0,0.0,0.5,0.0,0.0,0.0,0.5,0.5,0.0,0.0,,False,Qwen/Qwen2.5-VL-7B-Instruct-AWQ,None
2749,Bar,Medium,1.0,0.0,0.0,0.0,0.0,0.0,0.0,0.0,1.0,0.0,0.0,0.0,,False,Qwen/Qwen2.5-VL-7B-Instruct-AWQ,None
2749,Bar,Medium,1.0,0.0,0.0,0.0,0.0,0.0,0.0,0.0,1.0,0.0,0.0,0.0,,False,Qwen/Qwen2.5-VL-7B-Instruct-AWQ,None
2749,Bar,Medium,1.0,0.0,0.0,0.0,0.0,0.0,0.0,0.0,1.0,0.0,0.0,0.0,,False,Qwen/Qwen2.5-VL-7B-Instruct-AWQ,None
2750,Stacked Bar,Hard,0.5,0.0,0.0,0.0,0.0,0.0,0.0,0.0,0.5,0.0,0.5,0.0,0.0,False,Qwen/Qwen2.5-VL-7B-Instruct-AWQ,None
2750,Stacked Bar,Hard,0.5,0.0,0.0,0.0,0.0,0.0,0.0,0.0,0.5,0.0,0.5,0.0,0.0,False,Qwen/Qwen2.5-VL-7B-Instruct-AWQ,None
2750,Stacked Bar,Hard,0.5,0.0,0.0,0.0,0.0,0.0,0.0,0.0,0.5,0.0,0.5,0.0,0.0,False,Qwen/Qwen2.5-VL-7B-Instruct-AWQ,None
2752,Pie,Easy,0.0,0.0,0.0,0.0,1.0,0.0,0.0,0.0,0.0,1.0,0.0,0.0,,False,Qwen/Qwen2.5-VL-7B-Instruct-AWQ,None
2752,Pie,Easy,0.0,0.0,0.0,0.0,1.0,0.0,0.0,0.0,0.0,1.0,0.0,0.0,,False,Qwen/Qwen2.5-VL-7B-Instruct-AWQ,None
2752,Pie,Easy,0.0,0.0,0.0,0.0,1.0,0.0,0.0,0.0,0.0,1.0,0.0,0.0,,False,Qwen/Qwen2.5-VL-7B-Instruct-AWQ,None
2757,Pie,Easy,0.0,0.0,0.0,0.0,1.0,0.0,0.0,0.0,0.0,1.0,0.0,0.0,,False,Qwen/Qwen2.5-VL-7B-Instruct-AWQ,None
2757,Pie,Easy,0.0,0.0,0.0,0.0,1.0,0.0,0.0,0.0,0.0,1.0,0.0,0.0,,False,Qwen/Qwen2.5-VL-7B-Instruct-AWQ,None
2757,Pie,Easy,0.0,0.0,0.0,0.0,1.0,0.0,0.0,0.0,0.0,1.0,0.0,0.0,,False,Qwen/Qwen2.5-VL-7B-Instruct-AWQ,None
2759,Pie,Easy,0.0,0.0,0.0,0.0,1.0,0.0,0.0,0.0,0.0,1.0,0.0,0.0,,False,Qwen/Qwen2.5-VL-7B-Instruct-AWQ,None
2759,Pie,Easy,0.0,0.0,0.0,0.0,1.0,0.0,0.0,0.0,0.0,1.0,0.0,0.0,,False,Qwen/Qwen2.5-VL-7B-Instruct-AWQ,None
2759,Pie,Easy,0.0,0.0,0.0,0.0,1.0,0.0,0.0,0.0,0.0,1.0,0.0,0.0,,False,Qwen/Qwen2.5-VL-7B-Instruct-AWQ,None
2764,Pie,Easy,0.0,0.0,0.0,0.3333333333333333,0.6666666666666666,0.0,0.0,0.0,0.0,1.0,0.0,0.0,,False,Qwen/Qwen2.5-VL-7B-Instruct-AWQ,None
2764,Pie,Easy,0.0,0.0,0.0,0.3333333333333333,0.6666666666666666,0.0,0.0,0.0,0.0,1.0,0.0,0.0,,False,Qwen/Qwen2.5-VL-7B-Instruct-AWQ,None
2764,Pie,Easy,0.0,0.0,0.0,0.3333333333333333,0.6666666666666666,0.0,0.0,0.0,0.0,1.0,0.0,0.0,,False,Qwen/Qwen2.5-VL-7B-Instruct-AWQ,None
2767,Pie,Easy,1.0,0.0,0.0,0.0,0.0,0.0,0.0,0.0,1.0,0.0,0.0,0.0,,False,Qwen/Qwen2.5-VL-7B-Instruct-AWQ,None
2767,Pie,Easy,1.0,0.0,0.0,0.0,0.0,0.0,0.0,0.0,1.0,0.0,0.0,0.0,,False,Qwen/Qwen2.5-VL-7B-Instruct-AWQ,None
2767,Pie,Easy,1.0,0.0,0.0,0.0,0.0,0.0,0.0,0.0,1.0,0.0,0.0,0.0,,False,Qwen/Qwen2.5-VL-7B-Instruct-AWQ,None
2775,Pie,Easy,0.0,0.0,0.0,0.3333333333333333,0.0,0.0,0.0,0.0,0.0,0.3333333333333333,0.6666666666666666,0.0,0.0,False,Qwen/Qwen2.5-VL-7B-Instruct-AWQ,None
2775,Pie,Easy,0.0,0.0,0.0,0.3333333333333333,0.0,0.0,0.0,0.0,0.0,0.3333333333333333,0.6666666666666666,0.0,0.0,False,Qwen/Qwen2.5-VL-7B-Instruct-AWQ,None
2775,Pie,Easy,0.0,0.0,0.0,0.3333333333333333,0.0,0.0,0.0,0.0,0.0,0.3333333333333333,0.6666666666666666,0.0,0.0,False,Qwen/Qwen2.5-VL-7B-Instruct-AWQ,None
2780,Bar,Extra Hard,1.0,0.0,0.0,0.0,0.0,0.0,0.0,0.0,1.0,0.0,0.0,0.0,,True,Qwen/Qwen2.5-VL-7B-Instruct-AWQ,None
2780,Bar,Extra Hard,1.0,0.0,0.0,0.0,0.0,0.0,0.0,0.0,1.0,0.0,0.0,0.0,,True,Qwen/Qwen2.5-VL-7B-Instruct-AWQ,None
2780,Bar,Extra Hard,1.0,0.0,0.0,0.0,0.0,0.0,0.0,0.0,1.0,0.0,0.0,0.0,,True,Qwen/Qwen2.5-VL-7B-Instruct-AWQ,None
2781,Grouping Line,Extra Hard,0.0,0.0,0.0,1.0,1.0,0.0,0.0,0.0,0.0,1.0,0.0,0.0,,True,Qwen/Qwen2.5-VL-7B-Instruct-AWQ,None
2781,Grouping Line,Extra Hard,0.0,0.0,0.0,1.0,1.0,0.0,0.0,0.0,0.0,1.0,0.0,0.0,,True,Qwen/Qwen2.5-VL-7B-Instruct-AWQ,None
2781,Grouping Line,Extra Hard,0.0,0.0,0.0,1.0,1.0,0.0,0.0,0.0,0.0,1.0,0.0,0.0,,True,Qwen/Qwen2.5-VL-7B-Instruct-AWQ,None
2782,Line,Extra Hard,1.0,0.0,0.0,0.0,0.0,0.0,0.0,0.0,1.0,0.0,0.0,0.0,,True,Qwen/Qwen2.5-VL-7B-Instruct-AWQ,None
2782,Line,Extra Hard,1.0,0.0,0.0,0.0,0.0,0.0,0.0,0.0,1.0,0.0,0.0,0.0,,True,Qwen/Qwen2.5-VL-7B-Instruct-AWQ,None
2782,Line,Extra Hard,1.0,0.0,0.0,0.0,0.0,0.0,0.0,0.0,1.0,0.0,0.0,0.0,,True,Qwen/Qwen2.5-VL-7B-Instruct-AWQ,None
2785,Pie,Hard,0.3333333333333333,0.0,0.0,0.3333333333333333,0.6666666666666666,0.0,0.0,0.0,0.3333333333333333,0.6666666666666666,0.0,0.0,,True,Qwen/Qwen2.5-VL-7B-Instruct-AWQ,None
2785,Pie,Hard,0.3333333333333333,0.0,0.0,0.3333333333333333,0.6666666666666666,0.0,0.0,0.0,0.3333333333333333,0.6666666666666666,0.0,0.0,,True,Qwen/Qwen2.5-VL-7B-Instruct-AWQ,None
2785,Pie,Hard,0.3333333333333333,0.0,0.0,0.3333333333333333,0.6666666666666666,0.0,0.0,0.0,0.3333333333333333,0.6666666666666666,0.0,0.0,,True,Qwen/Qwen2.5-VL-7B-Instruct-AWQ,None
2787,Pie,Easy,0.5,0.0,0.0,0.0,0.5,0.0,0.0,0.0,0.5,0.5,0.0,0.0,,True,Qwen/Qwen2.5-VL-7B-Instruct-AWQ,None
2787,Pie,Easy,0.5,0.0,0.0,0.0,0.5,0.0,0.0,0.0,0.5,0.5,0.0,0.0,,True,Qwen/Qwen2.5-VL-7B-Instruct-AWQ,None
2787,Pie,Easy,0.5,0.0,0.0,0.0,0.5,0.0,0.0,0.0,0.5,0.5,0.0,0.0,,True,Qwen/Qwen2.5-VL-7B-Instruct-AWQ,None
2795,Pie,Medium,0.0,0.0,0.0,0.0,1.0,0.0,0.0,0.0,0.0,1.0,0.0,0.0,,True,Qwen/Qwen2.5-VL-7B-Instruct-AWQ,None
2795,Pie,Medium,0.0,0.0,0.0,0.0,1.0,0.0,0.0,0.0,0.0,1.0,0.0,0.0,,True,Qwen/Qwen2.5-VL-7B-Instruct-AWQ,None
2795,Pie,Medium,0.0,0.0,0.0,0.0,1.0,0.0,0.0,0.0,0.0,1.0,0.0,0.0,,True,Qwen/Qwen2.5-VL-7B-Instruct-AWQ,None
2799,Pie,Easy,0.0,0.0,0.0,0.0,1.0,0.0,0.0,0.0,0.0,1.0,0.0,0.0,,False,Qwen/Qwen2.5-VL-7B-Instruct-AWQ,None
2799,Pie,Easy,0.0,0.0,0.0,0.0,1.0,0.0,0.0,0.0,0.0,1.0,0.0,0.0,,False,Qwen/Qwen2.5-VL-7B-Instruct-AWQ,None
2799,Pie,Easy,0.0,0.0,0.0,0.0,1.0,0.0,0.0,0.0,0.0,1.0,0.0,0.0,,False,Qwen/Qwen2.5-VL-7B-Instruct-AWQ,None
2802,Bar,Medium,0.0,0.0,0.0,0.0,0.0,0.0,0.0,0.0,0.0,0.0,1.0,0.0,0.0,False,Qwen/Qwen2.5-VL-7B-Instruct-AWQ,None
2802,Bar,Medium,0.0,0.0,0.0,0.0,0.0,0.0,0.0,0.0,0.0,0.0,1.0,0.0,0.0,False,Qwen/Qwen2.5-VL-7B-Instruct-AWQ,None
2802,Bar,Medium,0.0,0.0,0.0,0.0,0.0,0.0,0.0,0.0,0.0,0.0,1.0,0.0,0.0,False,Qwen/Qwen2.5-VL-7B-Instruct-AWQ,None
2804,Pie,Medium,0.0,0.0,0.0,0.5,0.5,0.0,0.0,0.0,0.0,1.0,0.0,0.0,,False,Qwen/Qwen2.5-VL-7B-Instruct-AWQ,None
2804,Pie,Medium,0.0,0.0,0.0,0.5,0.5,0.0,0.0,0.0,0.0,1.0,0.0,0.0,,False,Qwen/Qwen2.5-VL-7B-Instruct-AWQ,None
2804,Pie,Medium,0.0,0.0,0.0,0.5,0.5,0.0,0.0,0.0,0.0,1.0,0.0,0.0,,False,Qwen/Qwen2.5-VL-7B-Instruct-AWQ,None
2806,Pie,Easy,0.0,0.0,0.0,0.0,1.0,0.0,0.0,0.0,0.0,1.0,0.0,0.0,,False,Qwen/Qwen2.5-VL-7B-Instruct-AWQ,None
2806,Pie,Easy,0.0,0.0,0.0,0.0,1.0,0.0,0.0,0.0,0.0,1.0,0.0,0.0,,False,Qwen/Qwen2.5-VL-7B-Instruct-AWQ,None
2806,Pie,Easy,0.0,0.0,0.0,0.0,1.0,0.0,0.0,0.0,0.0,1.0,0.0,0.0,,False,Qwen/Qwen2.5-VL-7B-Instruct-AWQ,None
2807,Bar,Easy,0.0,0.0,0.0,0.0,0.0,0.0,0.0,0.0,0.0,0.0,1.0,0.0,0.0,False,Qwen/Qwen2.5-VL-7B-Instruct-AWQ,None
2807,Bar,Easy,0.0,0.0,0.0,0.0,0.0,0.0,0.0,0.0,0.0,0.0,1.0,0.0,0.0,False,Qwen/Qwen2.5-VL-7B-Instruct-AWQ,None
2807,Bar,Easy,0.0,0.0,0.0,0.0,0.0,0.0,0.0,0.0,0.0,0.0,1.0,0.0,0.0,False,Qwen/Qwen2.5-VL-7B-Instruct-AWQ,None
2808,Bar,Hard,0.0,0.0,0.0,0.0,0.0,0.0,0.0,0.0,0.0,0.0,1.0,0.0,0.0,True,Qwen/Qwen2.5-VL-7B-Instruct-AWQ,None
2808,Bar,Hard,0.0,0.0,0.0,0.0,0.0,0.0,0.0,0.0,0.0,0.0,1.0,0.0,0.0,True,Qwen/Qwen2.5-VL-7B-Instruct-AWQ,None
2808,Bar,Hard,0.0,0.0,0.0,0.0,0.0,0.0,0.0,0.0,0.0,0.0,1.0,0.0,0.0,True,Qwen/Qwen2.5-VL-7B-Instruct-AWQ,None
2809,Pie,Easy,0.0,0.0,0.0,0.0,1.0,0.0,0.0,0.0,0.0,1.0,0.0,0.0,,False,Qwen/Qwen2.5-VL-7B-Instruct-AWQ,None
2809,Pie,Easy,0.0,0.0,0.0,0.0,1.0,0.0,0.0,0.0,0.0,1.0,0.0,0.0,,False,Qwen/Qwen2.5-VL-7B-Instruct-AWQ,None
2809,Pie,Easy,0.0,0.0,0.0,0.0,1.0,0.0,0.0,0.0,0.0,1.0,0.0,0.0,,False,Qwen/Qwen2.5-VL-7B-Instruct-AWQ,None
2810,Bar,Easy,0.0,0.0,0.0,0.0,0.0,0.0,0.0,0.0,0.0,0.0,1.0,0.0,0.0,False,Qwen/Qwen2.5-VL-7B-Instruct-AWQ,None
2810,Bar,Easy,0.0,0.0,0.0,0.0,0.0,0.0,0.0,0.0,0.0,0.0,1.0,0.0,0.0,False,Qwen/Qwen2.5-VL-7B-Instruct-AWQ,None
2810,Bar,Easy,0.0,0.0,0.0,0.0,0.0,0.0,0.0,0.0,0.0,0.0,1.0,0.0,0.0,False,Qwen/Qwen2.5-VL-7B-Instruct-AWQ,None
2817,Pie,Medium,0.0,0.0,1.0,0.0,0.0,0.0,0.0,0.0,0.0,1.0,0.0,0.0,,False,Qwen/Qwen2.5-VL-7B-Instruct-AWQ,None
2817,Pie,Medium,0.0,0.0,1.0,0.0,0.0,0.0,0.0,0.0,0.0,1.0,0.0,0.0,,False,Qwen/Qwen2.5-VL-7B-Instruct-AWQ,None
2817,Pie,Medium,0.0,0.0,1.0,0.0,0.0,0.0,0.0,0.0,0.0,1.0,0.0,0.0,,False,Qwen/Qwen2.5-VL-7B-Instruct-AWQ,None
2818,Bar,Medium,0.5,0.0,0.0,0.0,0.0,0.0,0.0,0.0,0.5,0.0,0.5,0.0,0.0,False,Qwen/Qwen2.5-VL-7B-Instruct-AWQ,None
2818,Bar,Medium,0.5,0.0,0.0,0.0,0.0,0.0,0.0,0.0,0.5,0.0,0.5,0.0,0.0,False,Qwen/Qwen2.5-VL-7B-Instruct-AWQ,None
2818,Bar,Medium,0.5,0.0,0.0,0.0,0.0,0.0,0.0,0.0,0.5,0.0,0.5,0.0,0.0,False,Qwen/Qwen2.5-VL-7B-Instruct-AWQ,None
2820,Bar,Easy,0.5,0.0,0.0,0.0,0.3333333333333333,0.0,0.0,0.0,0.5,0.3333333333333333,0.16666666666666666,0.0,0.0,False,Qwen/Qwen2.5-VL-7B-Instruct-AWQ,None
2820,Bar,Easy,0.5,0.0,0.0,0.0,0.3333333333333333,0.0,0.0,0.0,0.5,0.3333333333333333,0.16666666666666666,0.0,0.0,False,Qwen/Qwen2.5-VL-7B-Instruct-AWQ,None
2820,Bar,Easy,0.5,0.0,0.0,0.0,0.3333333333333333,0.0,0.0,0.0,0.5,0.3333333333333333,0.16666666666666666,0.0,0.0,False,Qwen/Qwen2.5-VL-7B-Instruct-AWQ,None
2822,Pie,Medium,0.0,0.0,0.0,0.0,1.0,0.0,0.0,0.0,0.0,1.0,0.0,0.0,,True,Qwen/Qwen2.5-VL-7B-Instruct-AWQ,None
2822,Pie,Medium,0.0,0.0,0.0,0.0,1.0,0.0,0.0,0.0,0.0,1.0,0.0,0.0,,True,Qwen/Qwen2.5-VL-7B-Instruct-AWQ,None
2822,Pie,Medium,0.0,0.0,0.0,0.0,1.0,0.0,0.0,0.0,0.0,1.0,0.0,0.0,,True,Qwen/Qwen2.5-VL-7B-Instruct-AWQ,None
2830,Bar,Easy,0.0,0.0,0.0,0.0,0.0,0.0,0.0,0.0,0.0,0.0,1.0,0.0,0.0,False,Qwen/Qwen2.5-VL-7B-Instruct-AWQ,None
2830,Bar,Easy,0.0,0.0,0.0,0.0,0.0,0.0,0.0,0.0,0.0,0.0,1.0,0.0,0.0,False,Qwen/Qwen2.5-VL-7B-Instruct-AWQ,None
2830,Bar,Easy,0.0,0.0,0.0,0.0,0.0,0.0,0.0,0.0,0.0,0.0,1.0,0.0,0.0,False,Qwen/Qwen2.5-VL-7B-Instruct-AWQ,None
2847,Pie,Extra Hard,0.25,0.0,0.0,0.0,0.75,0.0,0.0,0.0,0.25,0.75,0.0,0.0,,True,Qwen/Qwen2.5-VL-7B-Instruct-AWQ,None
2847,Pie,Extra Hard,0.25,0.0,0.0,0.0,0.75,0.0,0.0,0.0,0.25,0.75,0.0,0.0,,True,Qwen/Qwen2.5-VL-7B-Instruct-AWQ,None
2847,Pie,Extra Hard,0.25,0.0,0.0,0.0,0.75,0.0,0.0,0.0,0.25,0.75,0.0,0.0,,True,Qwen/Qwen2.5-VL-7B-Instruct-AWQ,None
2848,Bar,Extra Hard,0.2,0.0,0.0,0.0,0.4,0.0,0.0,0.0,0.2,0.4,0.4,0.0,0.0,True,Qwen/Qwen2.5-VL-7B-Instruct-AWQ,None
2848,Bar,Extra Hard,0.2,0.0,0.0,0.0,0.4,0.0,0.0,0.0,0.2,0.4,0.4,0.0,0.0,True,Qwen/Qwen2.5-VL-7B-Instruct-AWQ,None
2848,Bar,Extra Hard,0.2,0.0,0.0,0.0,0.4,0.0,0.0,0.0,0.2,0.4,0.4,0.0,0.0,True,Qwen/Qwen2.5-VL-7B-Instruct-AWQ,None
2850,Bar,Hard,0.5,0.0,0.5,0.0,0.0,0.0,0.0,0.0,0.5,0.5,0.0,0.0,,False,Qwen/Qwen2.5-VL-7B-Instruct-AWQ,None
2850,Bar,Hard,0.5,0.0,0.5,0.0,0.0,0.0,0.0,0.0,0.5,0.5,0.0,0.0,,False,Qwen/Qwen2.5-VL-7B-Instruct-AWQ,None
2850,Bar,Hard,0.5,0.0,0.5,0.0,0.0,0.0,0.0,0.0,0.5,0.5,0.0,0.0,,False,Qwen/Qwen2.5-VL-7B-Instruct-AWQ,None
2851,Bar,Hard,0.0,0.0,0.0,0.0,0.0,0.0,0.0,0.0,0.0,0.0,1.0,0.0,0.0,False,Qwen/Qwen2.5-VL-7B-Instruct-AWQ,None
2851,Bar,Hard,0.0,0.0,0.0,0.0,0.0,0.0,0.0,0.0,0.0,0.0,1.0,0.0,0.0,False,Qwen/Qwen2.5-VL-7B-Instruct-AWQ,None
2851,Bar,Hard,0.0,0.0,0.0,0.0,0.0,0.0,0.0,0.0,0.0,0.0,1.0,0.0,0.0,False,Qwen/Qwen2.5-VL-7B-Instruct-AWQ,None
2852,Bar,Extra Hard,0.0,0.0,0.0,0.0,1.0,0.0,0.0,0.0,0.0,1.0,0.0,0.0,,True,Qwen/Qwen2.5-VL-7B-Instruct-AWQ,None
2852,Bar,Extra Hard,0.0,0.0,0.0,0.0,1.0,0.0,0.0,0.0,0.0,1.0,0.0,0.0,,True,Qwen/Qwen2.5-VL-7B-Instruct-AWQ,None
2852,Bar,Extra Hard,0.0,0.0,0.0,0.0,1.0,0.0,0.0,0.0,0.0,1.0,0.0,0.0,,True,Qwen/Qwen2.5-VL-7B-Instruct-AWQ,None
2857,Bar,Hard,0.6666666666666666,0.0,0.0,0.0,0.0,0.0,0.0,0.0,0.6666666666666666,0.0,0.3333333333333333,0.0,0.0,False,Qwen/Qwen2.5-VL-7B-Instruct-AWQ,None
2857,Bar,Hard,0.6666666666666666,0.0,0.0,0.0,0.0,0.0,0.0,0.0,0.6666666666666666,0.0,0.3333333333333333,0.0,0.0,False,Qwen/Qwen2.5-VL-7B-Instruct-AWQ,None
2857,Bar,Hard,0.6666666666666666,0.0,0.0,0.0,0.0,0.0,0.0,0.0,0.6666666666666666,0.0,0.3333333333333333,0.0,0.0,False,Qwen/Qwen2.5-VL-7B-Instruct-AWQ,None
2858,Pie,Medium,0.3333333333333333,0.0,0.0,0.0,0.6666666666666666,0.0,0.0,0.0,0.3333333333333333,0.6666666666666666,0.0,0.0,,True,Qwen/Qwen2.5-VL-7B-Instruct-AWQ,None
2858,Pie,Medium,0.3333333333333333,0.0,0.0,0.0,0.6666666666666666,0.0,0.0,0.0,0.3333333333333333,0.6666666666666666,0.0,0.0,,True,Qwen/Qwen2.5-VL-7B-Instruct-AWQ,None
2858,Pie,Medium,0.3333333333333333,0.0,0.0,0.0,0.6666666666666666,0.0,0.0,0.0,0.3333333333333333,0.6666666666666666,0.0,0.0,,True,Qwen/Qwen2.5-VL-7B-Instruct-AWQ,None
2861,Pie,Easy,0.0,0.0,0.0,0.0,1.0,0.0,0.0,0.0,0.0,1.0,0.0,0.0,,False,Qwen/Qwen2.5-VL-7B-Instruct-AWQ,None
2861,Pie,Easy,0.0,0.0,0.0,0.0,1.0,0.0,0.0,0.0,0.0,1.0,0.0,0.0,,False,Qwen/Qwen2.5-VL-7B-Instruct-AWQ,None
2861,Pie,Easy,0.0,0.0,0.0,0.0,1.0,0.0,0.0,0.0,0.0,1.0,0.0,0.0,,False,Qwen/Qwen2.5-VL-7B-Instruct-AWQ,None
2864,Pie,Medium,0.2,0.0,0.0,0.2,0.6,0.0,0.0,0.0,0.2,0.8,0.0,0.0,,True,Qwen/Qwen2.5-VL-7B-Instruct-AWQ,None
2864,Pie,Medium,0.2,0.0,0.0,0.2,0.6,0.0,0.0,0.0,0.2,0.8,0.0,0.0,,True,Qwen/Qwen2.5-VL-7B-Instruct-AWQ,None
2864,Pie,Medium,0.2,0.0,0.0,0.2,0.6,0.0,0.0,0.0,0.2,0.8,0.0,0.0,,True,Qwen/Qwen2.5-VL-7B-Instruct-AWQ,None
2866,Pie,Medium,0.0,0.0,0.0,0.0,1.0,0.0,0.0,0.0,0.0,1.0,0.0,0.0,,True,Qwen/Qwen2.5-VL-7B-Instruct-AWQ,None
2866,Pie,Medium,0.0,0.0,0.0,0.0,1.0,0.0,0.0,0.0,0.0,1.0,0.0,0.0,,True,Qwen/Qwen2.5-VL-7B-Instruct-AWQ,None
2866,Pie,Medium,0.0,0.0,0.0,0.0,1.0,0.0,0.0,0.0,0.0,1.0,0.0,0.0,,True,Qwen/Qwen2.5-VL-7B-Instruct-AWQ,None
2874,Scatter,Easy,0.0,0.0,0.0,0.0,0.0,0.0,0.0,0.0,0.0,0.0,1.0,0.0,0.0,False,Qwen/Qwen2.5-VL-7B-Instruct-AWQ,None
2874,Scatter,Easy,0.0,0.0,0.0,0.0,0.0,0.0,0.0,0.0,0.0,0.0,1.0,0.0,0.0,False,Qwen/Qwen2.5-VL-7B-Instruct-AWQ,None
2874,Scatter,Easy,0.0,0.0,0.0,0.0,0.0,0.0,0.0,0.0,0.0,0.0,1.0,0.0,0.0,False,Qwen/Qwen2.5-VL-7B-Instruct-AWQ,None
2881,Pie,Easy,0.0,0.0,0.0,0.0,1.0,0.0,0.0,0.0,0.0,1.0,0.0,0.0,,False,Qwen/Qwen2.5-VL-7B-Instruct-AWQ,None
2881,Pie,Easy,0.0,0.0,0.0,0.0,1.0,0.0,0.0,0.0,0.0,1.0,0.0,0.0,,False,Qwen/Qwen2.5-VL-7B-Instruct-AWQ,None
2881,Pie,Easy,0.0,0.0,0.0,0.0,1.0,0.0,0.0,0.0,0.0,1.0,0.0,0.0,,False,Qwen/Qwen2.5-VL-7B-Instruct-AWQ,None
2885,Pie,Medium,0.5,0.0,0.0,0.0,0.5,0.0,0.0,0.0,0.5,0.5,0.0,0.0,,True,Qwen/Qwen2.5-VL-7B-Instruct-AWQ,None
2885,Pie,Medium,0.5,0.0,0.0,0.0,0.5,0.0,0.0,0.0,0.5,0.5,0.0,0.0,,True,Qwen/Qwen2.5-VL-7B-Instruct-AWQ,None
2885,Pie,Medium,0.5,0.0,0.0,0.0,0.5,0.0,0.0,0.0,0.5,0.5,0.0,0.0,,True,Qwen/Qwen2.5-VL-7B-Instruct-AWQ,None
2900,Bar,Medium,0.0,0.0,0.0,0.0,0.0,1.0,0.0,0.0,0.0,1.0,0.0,0.0,,False,Qwen/Qwen2.5-VL-7B-Instruct-AWQ,None
2900,Bar,Medium,0.0,0.0,0.0,0.0,0.0,1.0,0.0,0.0,0.0,1.0,0.0,0.0,,False,Qwen/Qwen2.5-VL-7B-Instruct-AWQ,None
2900,Bar,Medium,0.0,0.0,0.0,0.0,0.0,1.0,0.0,0.0,0.0,1.0,0.0,0.0,,False,Qwen/Qwen2.5-VL-7B-Instruct-AWQ,None
2903,Bar,Hard,0.0,0.0,0.0,0.0,0.5,0.0,0.0,0.0,0.0,0.5,0.5,0.0,0.0,True,Qwen/Qwen2.5-VL-7B-Instruct-AWQ,None
2903,Bar,Hard,0.0,0.0,0.0,0.0,0.5,0.0,0.0,0.0,0.0,0.5,0.5,0.0,0.0,True,Qwen/Qwen2.5-VL-7B-Instruct-AWQ,None
2903,Bar,Hard,0.0,0.0,0.0,0.0,0.5,0.0,0.0,0.0,0.0,0.5,0.5,0.0,0.0,True,Qwen/Qwen2.5-VL-7B-Instruct-AWQ,None
2928,Bar,Easy,0.0,0.0,0.0,0.0,0.0,0.0,0.0,0.0,0.0,0.0,1.0,0.0,0.0,False,Qwen/Qwen2.5-VL-7B-Instruct-AWQ,None
2928,Bar,Easy,0.0,0.0,0.0,0.0,0.0,0.0,0.0,0.0,0.0,0.0,1.0,0.0,0.0,False,Qwen/Qwen2.5-VL-7B-Instruct-AWQ,None
2928,Bar,Easy,0.0,0.0,0.0,0.0,0.0,0.0,0.0,0.0,0.0,0.0,1.0,0.0,0.0,False,Qwen/Qwen2.5-VL-7B-Instruct-AWQ,None
2930,Pie,Hard,1.0,0.0,0.0,0.0,0.0,0.0,0.0,0.0,1.0,0.0,0.0,0.0,,True,Qwen/Qwen2.5-VL-7B-Instruct-AWQ,None
2930,Pie,Hard,1.0,0.0,0.0,0.0,0.0,0.0,0.0,0.0,1.0,0.0,0.0,0.0,,True,Qwen/Qwen2.5-VL-7B-Instruct-AWQ,None
2930,Pie,Hard,1.0,0.0,0.0,0.0,0.0,0.0,0.0,0.0,1.0,0.0,0.0,0.0,,True,Qwen/Qwen2.5-VL-7B-Instruct-AWQ,None
2932,Pie,Medium,0.0,0.0,0.0,0.0,1.0,0.0,0.0,0.0,0.0,1.0,0.0,0.0,,True,Qwen/Qwen2.5-VL-7B-Instruct-AWQ,None
2932,Pie,Medium,0.0,0.0,0.0,0.0,1.0,0.0,0.0,0.0,0.0,1.0,0.0,0.0,,True,Qwen/Qwen2.5-VL-7B-Instruct-AWQ,None
2932,Pie,Medium,0.0,0.0,0.0,0.0,1.0,0.0,0.0,0.0,0.0,1.0,0.0,0.0,,True,Qwen/Qwen2.5-VL-7B-Instruct-AWQ,None
2934,Pie,Medium,1.0,0.0,0.0,0.0,0.0,0.0,0.0,0.0,1.0,0.0,0.0,0.0,,True,Qwen/Qwen2.5-VL-7B-Instruct-AWQ,None
2934,Pie,Medium,1.0,0.0,0.0,0.0,0.0,0.0,0.0,0.0,1.0,0.0,0.0,0.0,,True,Qwen/Qwen2.5-VL-7B-Instruct-AWQ,None
2934,Pie,Medium,1.0,0.0,0.0,0.0,0.0,0.0,0.0,0.0,1.0,0.0,0.0,0.0,,True,Qwen/Qwen2.5-VL-7B-Instruct-AWQ,None
2941,Bar,Easy,0.0,0.0,0.0,0.0,0.0,0.0,0.0,0.0,0.0,0.0,1.0,0.0,0.0,False,Qwen/Qwen2.5-VL-7B-Instruct-AWQ,None
2941,Bar,Easy,0.0,0.0,0.0,0.0,0.0,0.0,0.0,0.0,0.0,0.0,1.0,0.0,0.0,False,Qwen/Qwen2.5-VL-7B-Instruct-AWQ,None
2941,Bar,Easy,0.0,0.0,0.0,0.0,0.0,0.0,0.0,0.0,0.0,0.0,1.0,0.0,0.0,False,Qwen/Qwen2.5-VL-7B-Instruct-AWQ,None
2958,Pie,Medium,0.0,0.0,0.0,0.25,0.75,0.0,0.0,0.0,0.0,1.0,0.0,0.0,,True,Qwen/Qwen2.5-VL-7B-Instruct-AWQ,None
2958,Pie,Medium,0.0,0.0,0.0,0.25,0.75,0.0,0.0,0.0,0.0,1.0,0.0,0.0,,True,Qwen/Qwen2.5-VL-7B-Instruct-AWQ,None
2958,Pie,Medium,0.0,0.0,0.0,0.25,0.75,0.0,0.0,0.0,0.0,1.0,0.0,0.0,,True,Qwen/Qwen2.5-VL-7B-Instruct-AWQ,None
2960,Bar,Medium,0.0,0.0,0.0,0.0,0.5,0.0,0.0,0.0,0.0,0.5,0.5,0.0,0.0,False,Qwen/Qwen2.5-VL-7B-Instruct-AWQ,None
2960,Bar,Medium,0.0,0.0,0.0,0.0,0.5,0.0,0.0,0.0,0.0,0.5,0.5,0.0,0.0,False,Qwen/Qwen2.5-VL-7B-Instruct-AWQ,None
2960,Bar,Medium,0.0,0.0,0.0,0.0,0.5,0.0,0.0,0.0,0.0,0.5,0.5,0.0,0.0,False,Qwen/Qwen2.5-VL-7B-Instruct-AWQ,None
2962,Bar,Easy,0.0,0.0,0.0,0.0,1.0,0.0,0.0,0.0,0.0,1.0,0.0,0.0,,False,Qwen/Qwen2.5-VL-7B-Instruct-AWQ,None
2962,Bar,Easy,0.0,0.0,0.0,0.0,1.0,0.0,0.0,0.0,0.0,1.0,0.0,0.0,,False,Qwen/Qwen2.5-VL-7B-Instruct-AWQ,None
2962,Bar,Easy,0.0,0.0,0.0,0.0,1.0,0.0,0.0,0.0,0.0,1.0,0.0,0.0,,False,Qwen/Qwen2.5-VL-7B-Instruct-AWQ,None
2963,Bar,Easy,0.0,0.0,0.0,0.0,1.0,0.0,0.0,0.0,0.0,1.0,0.0,0.0,,False,Qwen/Qwen2.5-VL-7B-Instruct-AWQ,None
2963,Bar,Easy,0.0,0.0,0.0,0.0,1.0,0.0,0.0,0.0,0.0,1.0,0.0,0.0,,False,Qwen/Qwen2.5-VL-7B-Instruct-AWQ,None
2963,Bar,Easy,0.0,0.0,0.0,0.0,1.0,0.0,0.0,0.0,0.0,1.0,0.0,0.0,,False,Qwen/Qwen2.5-VL-7B-Instruct-AWQ,None
2969,Bar,Medium,0.5,0.0,0.0,0.0,0.0,0.0,0.0,0.0,0.5,0.0,0.5,0.0,0.0,True,Qwen/Qwen2.5-VL-7B-Instruct-AWQ,None
2969,Bar,Medium,0.5,0.0,0.0,0.0,0.0,0.0,0.0,0.0,0.5,0.0,0.5,0.0,0.0,True,Qwen/Qwen2.5-VL-7B-Instruct-AWQ,None
2969,Bar,Medium,0.5,0.0,0.0,0.0,0.0,0.0,0.0,0.0,0.5,0.0,0.5,0.0,0.0,True,Qwen/Qwen2.5-VL-7B-Instruct-AWQ,None
2971,Pie,Medium,0.5,0.0,0.0,0.5,0.0,0.0,0.0,0.0,0.5,0.5,0.0,0.0,,True,Qwen/Qwen2.5-VL-7B-Instruct-AWQ,None
2971,Pie,Medium,0.5,0.0,0.0,0.5,0.0,0.0,0.0,0.0,0.5,0.5,0.0,0.0,,True,Qwen/Qwen2.5-VL-7B-Instruct-AWQ,None
2971,Pie,Medium,0.5,0.0,0.0,0.5,0.0,0.0,0.0,0.0,0.5,0.5,0.0,0.0,,True,Qwen/Qwen2.5-VL-7B-Instruct-AWQ,None
2972,Pie,Medium,0.0,0.0,0.0,1.0,1.0,0.0,0.0,0.0,0.0,1.0,0.0,0.0,,True,Qwen/Qwen2.5-VL-7B-Instruct-AWQ,None
2972,Pie,Medium,0.0,0.0,0.0,1.0,1.0,0.0,0.0,0.0,0.0,1.0,0.0,0.0,,True,Qwen/Qwen2.5-VL-7B-Instruct-AWQ,None
2972,Pie,Medium,0.0,0.0,0.0,1.0,1.0,0.0,0.0,0.0,0.0,1.0,0.0,0.0,,True,Qwen/Qwen2.5-VL-7B-Instruct-AWQ,None
2973,Bar,Medium,0.0,0.0,1.0,0.0,0.0,0.0,0.0,0.0,0.0,1.0,0.0,0.0,,True,Qwen/Qwen2.5-VL-7B-Instruct-AWQ,None
2973,Bar,Medium,0.0,0.0,1.0,0.0,0.0,0.0,0.0,0.0,0.0,1.0,0.0,0.0,,True,Qwen/Qwen2.5-VL-7B-Instruct-AWQ,None
2973,Bar,Medium,0.0,0.0,1.0,0.0,0.0,0.0,0.0,0.0,0.0,1.0,0.0,0.0,,True,Qwen/Qwen2.5-VL-7B-Instruct-AWQ,None
2979,Bar,Hard,1.0,0.0,0.0,0.0,0.0,0.0,0.0,0.0,1.0,0.0,0.0,0.0,,True,Qwen/Qwen2.5-VL-7B-Instruct-AWQ,None
2979,Bar,Hard,1.0,0.0,0.0,0.0,0.0,0.0,0.0,0.0,1.0,0.0,0.0,0.0,,True,Qwen/Qwen2.5-VL-7B-Instruct-AWQ,None
2979,Bar,Hard,1.0,0.0,0.0,0.0,0.0,0.0,0.0,0.0,1.0,0.0,0.0,0.0,,True,Qwen/Qwen2.5-VL-7B-Instruct-AWQ,None
2980,Pie,Hard,0.0,0.0,0.0,0.0,0.5,0.0,0.0,0.0,0.0,0.5,0.5,0.0,0.0,True,Qwen/Qwen2.5-VL-7B-Instruct-AWQ,None
2980,Pie,Hard,0.0,0.0,0.0,0.0,0.5,0.0,0.0,0.0,0.0,0.5,0.5,0.0,0.0,True,Qwen/Qwen2.5-VL-7B-Instruct-AWQ,None
2980,Pie,Hard,0.0,0.0,0.0,0.0,0.5,0.0,0.0,0.0,0.0,0.5,0.5,0.0,0.0,True,Qwen/Qwen2.5-VL-7B-Instruct-AWQ,None
2998,Bar,Hard,1.0,0.0,0.0,0.0,0.0,0.0,0.0,0.0,1.0,0.0,0.0,0.0,,False,Qwen/Qwen2.5-VL-7B-Instruct-AWQ,None
2998,Bar,Hard,1.0,0.0,0.0,0.0,0.0,0.0,0.0,0.0,1.0,0.0,0.0,0.0,,False,Qwen/Qwen2.5-VL-7B-Instruct-AWQ,None
2998,Bar,Hard,1.0,0.0,0.0,0.0,0.0,0.0,0.0,0.0,1.0,0.0,0.0,0.0,,False,Qwen/Qwen2.5-VL-7B-Instruct-AWQ,None
3004,Pie,Easy,0.0,0.0,0.0,0.0,0.3333333333333333,0.0,0.0,0.0,0.0,0.3333333333333333,0.6666666666666666,0.0,0.0,False,Qwen/Qwen2.5-VL-7B-Instruct-AWQ,None
3004,Pie,Easy,0.0,0.0,0.0,0.0,0.3333333333333333,0.0,0.0,0.0,0.0,0.3333333333333333,0.6666666666666666,0.0,0.0,False,Qwen/Qwen2.5-VL-7B-Instruct-AWQ,None
3004,Pie,Easy,0.0,0.0,0.0,0.0,0.3333333333333333,0.0,0.0,0.0,0.0,0.3333333333333333,0.6666666666666666,0.0,0.0,False,Qwen/Qwen2.5-VL-7B-Instruct-AWQ,None
3009,Bar,Easy,0.0,0.0,1.0,0.0,0.0,0.0,0.0,0.0,0.0,1.0,0.0,0.0,,False,Qwen/Qwen2.5-VL-7B-Instruct-AWQ,None
3009,Bar,Easy,0.0,0.0,1.0,0.0,0.0,0.0,0.0,0.0,0.0,1.0,0.0,0.0,,False,Qwen/Qwen2.5-VL-7B-Instruct-AWQ,None
3009,Bar,Easy,0.0,0.0,1.0,0.0,0.0,0.0,0.0,0.0,0.0,1.0,0.0,0.0,,False,Qwen/Qwen2.5-VL-7B-Instruct-AWQ,None
3021,Pie,Hard,0.5,0.0,0.0,0.0,0.5,0.0,0.0,0.0,0.5,0.5,0.0,0.0,,True,Qwen/Qwen2.5-VL-7B-Instruct-AWQ,None
3021,Pie,Hard,0.5,0.0,0.0,0.0,0.5,0.0,0.0,0.0,0.5,0.5,0.0,0.0,,True,Qwen/Qwen2.5-VL-7B-Instruct-AWQ,None
3021,Pie,Hard,0.5,0.0,0.0,0.0,0.5,0.0,0.0,0.0,0.5,0.5,0.0,0.0,,True,Qwen/Qwen2.5-VL-7B-Instruct-AWQ,None
3046,Bar,Easy,0.0,0.0,0.0,0.0,0.0,0.0,0.0,0.0,0.0,0.0,1.0,0.0,0.0,False,Qwen/Qwen2.5-VL-7B-Instruct-AWQ,None
3046,Bar,Easy,0.0,0.0,0.0,0.0,0.0,0.0,0.0,0.0,0.0,0.0,1.0,0.0,0.0,False,Qwen/Qwen2.5-VL-7B-Instruct-AWQ,None
3046,Bar,Easy,0.0,0.0,0.0,0.0,0.0,0.0,0.0,0.0,0.0,0.0,1.0,0.0,0.0,False,Qwen/Qwen2.5-VL-7B-Instruct-AWQ,None
3047,Pie,Easy,0.0,0.0,0.0,0.0,1.0,0.0,0.0,0.0,0.0,1.0,0.0,0.0,,False,Qwen/Qwen2.5-VL-7B-Instruct-AWQ,None
3047,Pie,Easy,0.0,0.0,0.0,0.0,1.0,0.0,0.0,0.0,0.0,1.0,0.0,0.0,,False,Qwen/Qwen2.5-VL-7B-Instruct-AWQ,None
3047,Pie,Easy,0.0,0.0,0.0,0.0,1.0,0.0,0.0,0.0,0.0,1.0,0.0,0.0,,False,Qwen/Qwen2.5-VL-7B-Instruct-AWQ,None
3051,Pie,Easy,0.0,0.0,0.0,0.0,1.0,0.0,0.0,0.0,0.0,1.0,0.0,0.0,,False,Qwen/Qwen2.5-VL-7B-Instruct-AWQ,None
3051,Pie,Easy,0.0,0.0,0.0,0.0,1.0,0.0,0.0,0.0,0.0,1.0,0.0,0.0,,False,Qwen/Qwen2.5-VL-7B-Instruct-AWQ,None
3051,Pie,Easy,0.0,0.0,0.0,0.0,1.0,0.0,0.0,0.0,0.0,1.0,0.0,0.0,,False,Qwen/Qwen2.5-VL-7B-Instruct-AWQ,None
3054,Pie,Easy,0.0,0.0,0.0,0.0,0.5,0.0,0.0,0.0,0.0,0.5,0.5,0.0,0.0,False,Qwen/Qwen2.5-VL-7B-Instruct-AWQ,None
3054,Pie,Easy,0.0,0.0,0.0,0.0,0.5,0.0,0.0,0.0,0.0,0.5,0.5,0.0,0.0,False,Qwen/Qwen2.5-VL-7B-Instruct-AWQ,None
3054,Pie,Easy,0.0,0.0,0.0,0.0,0.5,0.0,0.0,0.0,0.0,0.5,0.5,0.0,0.0,False,Qwen/Qwen2.5-VL-7B-Instruct-AWQ,None
3056,Grouping Scatter,Medium,1.0,0.0,0.0,0.0,0.0,0.0,0.0,0.0,1.0,0.0,0.0,0.0,,False,Qwen/Qwen2.5-VL-7B-Instruct-AWQ,None
3056,Grouping Scatter,Medium,1.0,0.0,0.0,0.0,0.0,0.0,0.0,0.0,1.0,0.0,0.0,0.0,,False,Qwen/Qwen2.5-VL-7B-Instruct-AWQ,None
3056,Grouping Scatter,Medium,1.0,0.0,0.0,0.0,0.0,0.0,0.0,0.0,1.0,0.0,0.0,0.0,,False,Qwen/Qwen2.5-VL-7B-Instruct-AWQ,None
3063,Pie,Medium,0.0,0.0,0.0,0.0,1.0,0.0,0.0,0.0,0.0,1.0,0.0,0.0,,False,Qwen/Qwen2.5-VL-7B-Instruct-AWQ,None
3063,Pie,Medium,0.0,0.0,0.0,0.0,1.0,0.0,0.0,0.0,0.0,1.0,0.0,0.0,,False,Qwen/Qwen2.5-VL-7B-Instruct-AWQ,None
3063,Pie,Medium,0.0,0.0,0.0,0.0,1.0,0.0,0.0,0.0,0.0,1.0,0.0,0.0,,False,Qwen/Qwen2.5-VL-7B-Instruct-AWQ,None
3064,Bar,Medium,0.0,0.0,0.0,0.0,0.3333333333333333,0.0,0.0,0.0,0.0,0.3333333333333333,0.6666666666666666,0.0,0.0,False,Qwen/Qwen2.5-VL-7B-Instruct-AWQ,None
3064,Bar,Medium,0.0,0.0,0.0,0.0,0.3333333333333333,0.0,0.0,0.0,0.0,0.3333333333333333,0.6666666666666666,0.0,0.0,False,Qwen/Qwen2.5-VL-7B-Instruct-AWQ,None
3064,Bar,Medium,0.0,0.0,0.0,0.0,0.3333333333333333,0.0,0.0,0.0,0.0,0.3333333333333333,0.6666666666666666,0.0,0.0,False,Qwen/Qwen2.5-VL-7B-Instruct-AWQ,None
3067,Bar,Easy,1.0,0.0,0.0,0.0,0.0,0.0,0.0,0.0,1.0,0.0,0.0,0.0,,False,Qwen/Qwen2.5-VL-7B-Instruct-AWQ,None
3067,Bar,Easy,1.0,0.0,0.0,0.0,0.0,0.0,0.0,0.0,1.0,0.0,0.0,0.0,,False,Qwen/Qwen2.5-VL-7B-Instruct-AWQ,None
3067,Bar,Easy,1.0,0.0,0.0,0.0,0.0,0.0,0.0,0.0,1.0,0.0,0.0,0.0,,False,Qwen/Qwen2.5-VL-7B-Instruct-AWQ,None
3068,Pie,Medium,0.0,0.0,0.0,1.0,0.0,0.0,0.0,0.0,0.0,1.0,0.0,0.0,,True,Qwen/Qwen2.5-VL-7B-Instruct-AWQ,None
3068,Pie,Medium,0.0,0.0,0.0,1.0,0.0,0.0,0.0,0.0,0.0,1.0,0.0,0.0,,True,Qwen/Qwen2.5-VL-7B-Instruct-AWQ,None
3068,Pie,Medium,0.0,0.0,0.0,1.0,0.0,0.0,0.0,0.0,0.0,1.0,0.0,0.0,,True,Qwen/Qwen2.5-VL-7B-Instruct-AWQ,None
3070,Pie,Easy,0.0,0.0,0.0,0.0,0.75,0.0,0.0,0.0,0.0,0.75,0.25,0.0,0.0,False,Qwen/Qwen2.5-VL-7B-Instruct-AWQ,None
3070,Pie,Easy,0.0,0.0,0.0,0.0,0.75,0.0,0.0,0.0,0.0,0.75,0.25,0.0,0.0,False,Qwen/Qwen2.5-VL-7B-Instruct-AWQ,None
3070,Pie,Easy,0.0,0.0,0.0,0.0,0.75,0.0,0.0,0.0,0.0,0.75,0.25,0.0,0.0,False,Qwen/Qwen2.5-VL-7B-Instruct-AWQ,None
3079,Grouping Scatter,Easy,0.5,0.0,0.0,0.0,0.5,0.0,0.0,0.0,0.5,0.5,0.0,0.0,,False,Qwen/Qwen2.5-VL-7B-Instruct-AWQ,None
3079,Grouping Scatter,Easy,0.5,0.0,0.0,0.0,0.5,0.0,0.0,0.0,0.5,0.5,0.0,0.0,,False,Qwen/Qwen2.5-VL-7B-Instruct-AWQ,None
3079,Grouping Scatter,Easy,0.5,0.0,0.0,0.0,0.5,0.0,0.0,0.0,0.5,0.5,0.0,0.0,,False,Qwen/Qwen2.5-VL-7B-Instruct-AWQ,None
3085,Grouping Scatter,Easy,1.0,0.0,0.0,0.0,0.0,0.0,0.0,0.0,1.0,0.0,0.0,0.0,,False,Qwen/Qwen2.5-VL-7B-Instruct-AWQ,None
3085,Grouping Scatter,Easy,1.0,0.0,0.0,0.0,0.0,0.0,0.0,0.0,1.0,0.0,0.0,0.0,,False,Qwen/Qwen2.5-VL-7B-Instruct-AWQ,None
3085,Grouping Scatter,Easy,1.0,0.0,0.0,0.0,0.0,0.0,0.0,0.0,1.0,0.0,0.0,0.0,,False,Qwen/Qwen2.5-VL-7B-Instruct-AWQ,None
3097,Grouping Scatter,Easy,1.0,0.0,0.0,0.0,0.0,0.0,0.0,0.0,1.0,0.0,0.0,0.0,,False,Qwen/Qwen2.5-VL-7B-Instruct-AWQ,None
3097,Grouping Scatter,Easy,1.0,0.0,0.0,0.0,0.0,0.0,0.0,0.0,1.0,0.0,0.0,0.0,,False,Qwen/Qwen2.5-VL-7B-Instruct-AWQ,None
3097,Grouping Scatter,Easy,1.0,0.0,0.0,0.0,0.0,0.0,0.0,0.0,1.0,0.0,0.0,0.0,,False,Qwen/Qwen2.5-VL-7B-Instruct-AWQ,None
3121,Scatter,Easy,0.0,0.0,0.0,0.0,0.0,0.0,0.0,0.0,0.0,0.0,1.0,0.0,0.0,False,Qwen/Qwen2.5-VL-7B-Instruct-AWQ,None
3121,Scatter,Easy,0.0,0.0,0.0,0.0,0.0,0.0,0.0,0.0,0.0,0.0,1.0,0.0,0.0,False,Qwen/Qwen2.5-VL-7B-Instruct-AWQ,None
3121,Scatter,Easy,0.0,0.0,0.0,0.0,0.0,0.0,0.0,0.0,0.0,0.0,1.0,0.0,0.0,False,Qwen/Qwen2.5-VL-7B-Instruct-AWQ,None
3139,Pie,Easy,0.0,0.0,0.0,0.0,1.0,0.0,0.0,0.0,0.0,1.0,0.0,0.0,,False,Qwen/Qwen2.5-VL-7B-Instruct-AWQ,None
3139,Pie,Easy,0.0,0.0,0.0,0.0,1.0,0.0,0.0,0.0,0.0,1.0,0.0,0.0,,False,Qwen/Qwen2.5-VL-7B-Instruct-AWQ,None
3139,Pie,Easy,0.0,0.0,0.0,0.0,1.0,0.0,0.0,0.0,0.0,1.0,0.0,0.0,,False,Qwen/Qwen2.5-VL-7B-Instruct-AWQ,None
3150,Pie,Easy,0.5,0.0,0.0,0.0,0.5,0.0,0.0,0.0,0.5,0.5,0.0,0.0,,False,Qwen/Qwen2.5-VL-7B-Instruct-AWQ,None
3150,Pie,Easy,0.5,0.0,0.0,0.0,0.5,0.0,0.0,0.0,0.5,0.5,0.0,0.0,,False,Qwen/Qwen2.5-VL-7B-Instruct-AWQ,None
3150,Pie,Easy,0.5,0.0,0.0,0.0,0.5,0.0,0.0,0.0,0.5,0.5,0.0,0.0,,False,Qwen/Qwen2.5-VL-7B-Instruct-AWQ,None
3165,Grouping Scatter,Easy,0.0,0.0,0.0,0.0,0.0,0.0,0.0,0.0,0.0,0.0,1.0,0.0,0.0,False,Qwen/Qwen2.5-VL-7B-Instruct-AWQ,None
3165,Grouping Scatter,Easy,0.0,0.0,0.0,0.0,0.0,0.0,0.0,0.0,0.0,0.0,1.0,0.0,0.0,False,Qwen/Qwen2.5-VL-7B-Instruct-AWQ,None
3165,Grouping Scatter,Easy,0.0,0.0,0.0,0.0,0.0,0.0,0.0,0.0,0.0,0.0,1.0,0.0,0.0,False,Qwen/Qwen2.5-VL-7B-Instruct-AWQ,None
3171,Grouping Scatter,Easy,0.0,0.0,0.0,0.0,0.0,0.0,0.0,0.0,0.0,0.0,1.0,0.0,0.0,False,Qwen/Qwen2.5-VL-7B-Instruct-AWQ,None
3171,Grouping Scatter,Easy,0.0,0.0,0.0,0.0,0.0,0.0,0.0,0.0,0.0,0.0,1.0,0.0,0.0,False,Qwen/Qwen2.5-VL-7B-Instruct-AWQ,None
3171,Grouping Scatter,Easy,0.0,0.0,0.0,0.0,0.0,0.0,0.0,0.0,0.0,0.0,1.0,0.0,0.0,False,Qwen/Qwen2.5-VL-7B-Instruct-AWQ,None
3177,Grouping Scatter,Easy,1.0,0.0,0.0,0.0,0.0,0.0,0.0,0.0,1.0,0.0,0.0,0.0,,False,Qwen/Qwen2.5-VL-7B-Instruct-AWQ,None
3177,Grouping Scatter,Easy,1.0,0.0,0.0,0.0,0.0,0.0,0.0,0.0,1.0,0.0,0.0,0.0,,False,Qwen/Qwen2.5-VL-7B-Instruct-AWQ,None
3177,Grouping Scatter,Easy,1.0,0.0,0.0,0.0,0.0,0.0,0.0,0.0,1.0,0.0,0.0,0.0,,False,Qwen/Qwen2.5-VL-7B-Instruct-AWQ,None
3198,Pie,Easy,0.0,0.0,0.0,0.0,1.0,0.0,0.0,0.0,0.0,1.0,0.0,0.0,,False,Qwen/Qwen2.5-VL-7B-Instruct-AWQ,None
3198,Pie,Easy,0.0,0.0,0.0,0.0,1.0,0.0,0.0,0.0,0.0,1.0,0.0,0.0,,False,Qwen/Qwen2.5-VL-7B-Instruct-AWQ,None
3198,Pie,Easy,0.0,0.0,0.0,0.0,1.0,0.0,0.0,0.0,0.0,1.0,0.0,0.0,,False,Qwen/Qwen2.5-VL-7B-Instruct-AWQ,None
3207,Bar,Easy,0.0,0.0,0.0,0.5,1.0,0.0,0.0,0.0,0.0,1.0,0.0,0.0,,False,Qwen/Qwen2.5-VL-7B-Instruct-AWQ,None
3207,Bar,Easy,0.0,0.0,0.0,0.5,1.0,0.0,0.0,0.0,0.0,1.0,0.0,0.0,,False,Qwen/Qwen2.5-VL-7B-Instruct-AWQ,None
3207,Bar,Easy,0.0,0.0,0.0,0.5,1.0,0.0,0.0,0.0,0.0,1.0,0.0,0.0,,False,Qwen/Qwen2.5-VL-7B-Instruct-AWQ,None
3213,Pie,Medium,1.0,0.0,0.0,0.0,0.0,0.0,0.0,0.0,1.0,0.0,0.0,0.0,,False,Qwen/Qwen2.5-VL-7B-Instruct-AWQ,None
3213,Pie,Medium,1.0,0.0,0.0,0.0,0.0,0.0,0.0,0.0,1.0,0.0,0.0,0.0,,False,Qwen/Qwen2.5-VL-7B-Instruct-AWQ,None
3213,Pie,Medium,1.0,0.0,0.0,0.0,0.0,0.0,0.0,0.0,1.0,0.0,0.0,0.0,,False,Qwen/Qwen2.5-VL-7B-Instruct-AWQ,None
3215,Pie,Easy,0.0,0.0,0.0,0.0,1.0,0.0,0.0,0.0,0.0,1.0,0.0,0.0,,False,Qwen/Qwen2.5-VL-7B-Instruct-AWQ,None
3215,Pie,Easy,0.0,0.0,0.0,0.0,1.0,0.0,0.0,0.0,0.0,1.0,0.0,0.0,,False,Qwen/Qwen2.5-VL-7B-Instruct-AWQ,None
3215,Pie,Easy,0.0,0.0,0.0,0.0,1.0,0.0,0.0,0.0,0.0,1.0,0.0,0.0,,False,Qwen/Qwen2.5-VL-7B-Instruct-AWQ,None
3222,Bar,Hard,0.0,0.0,0.0,0.0,1.0,0.0,0.0,0.0,0.0,1.0,0.0,0.0,,False,Qwen/Qwen2.5-VL-7B-Instruct-AWQ,None
3222,Bar,Hard,0.0,0.0,0.0,0.0,1.0,0.0,0.0,0.0,0.0,1.0,0.0,0.0,,False,Qwen/Qwen2.5-VL-7B-Instruct-AWQ,None
3222,Bar,Hard,0.0,0.0,0.0,0.0,1.0,0.0,0.0,0.0,0.0,1.0,0.0,0.0,,False,Qwen/Qwen2.5-VL-7B-Instruct-AWQ,None
3227,Stacked Bar,Extra Hard,1.0,0.0,0.0,0.0,0.0,0.0,0.0,0.0,1.0,0.0,0.0,0.0,,False,Qwen/Qwen2.5-VL-7B-Instruct-AWQ,None
3227,Stacked Bar,Extra Hard,1.0,0.0,0.0,0.0,0.0,0.0,0.0,0.0,1.0,0.0,0.0,0.0,,False,Qwen/Qwen2.5-VL-7B-Instruct-AWQ,None
3227,Stacked Bar,Extra Hard,1.0,0.0,0.0,0.0,0.0,0.0,0.0,0.0,1.0,0.0,0.0,0.0,,False,Qwen/Qwen2.5-VL-7B-Instruct-AWQ,None
3229,Bar,Hard,0.3333333333333333,0.0,0.0,0.0,0.6666666666666666,0.0,0.0,0.0,0.3333333333333333,0.6666666666666666,0.0,0.0,,False,Qwen/Qwen2.5-VL-7B-Instruct-AWQ,None
3229,Bar,Hard,0.3333333333333333,0.0,0.0,0.0,0.6666666666666666,0.0,0.0,0.0,0.3333333333333333,0.6666666666666666,0.0,0.0,,False,Qwen/Qwen2.5-VL-7B-Instruct-AWQ,None
3229,Bar,Hard,0.3333333333333333,0.0,0.0,0.0,0.6666666666666666,0.0,0.0,0.0,0.3333333333333333,0.6666666666666666,0.0,0.0,,False,Qwen/Qwen2.5-VL-7B-Instruct-AWQ,None
3230,Bar,Medium,0.0,0.0,0.0,0.0,0.0,0.0,0.0,0.0,0.0,0.0,1.0,0.0,0.0,False,Qwen/Qwen2.5-VL-7B-Instruct-AWQ,None
3230,Bar,Medium,0.0,0.0,0.0,0.0,0.0,0.0,0.0,0.0,0.0,0.0,1.0,0.0,0.0,False,Qwen/Qwen2.5-VL-7B-Instruct-AWQ,None
3230,Bar,Medium,0.0,0.0,0.0,0.0,0.0,0.0,0.0,0.0,0.0,0.0,1.0,0.0,0.0,False,Qwen/Qwen2.5-VL-7B-Instruct-AWQ,None
3240,Line,Easy,0.0,0.0,0.0,0.0,0.0,0.0,0.0,0.0,0.0,0.0,1.0,0.0,0.0,False,Qwen/Qwen2.5-VL-7B-Instruct-AWQ,None
3240,Line,Easy,0.0,0.0,0.0,0.0,0.0,0.0,0.0,0.0,0.0,0.0,1.0,0.0,0.0,False,Qwen/Qwen2.5-VL-7B-Instruct-AWQ,None
3240,Line,Easy,0.0,0.0,0.0,0.0,0.0,0.0,0.0,0.0,0.0,0.0,1.0,0.0,0.0,False,Qwen/Qwen2.5-VL-7B-Instruct-AWQ,None
3259,Pie,Easy,0.0,0.0,0.0,0.0,1.0,0.0,0.0,0.0,0.0,1.0,0.0,0.0,,False,Qwen/Qwen2.5-VL-7B-Instruct-AWQ,None
3259,Pie,Easy,0.0,0.0,0.0,0.0,1.0,0.0,0.0,0.0,0.0,1.0,0.0,0.0,,False,Qwen/Qwen2.5-VL-7B-Instruct-AWQ,None
3259,Pie,Easy,0.0,0.0,0.0,0.0,1.0,0.0,0.0,0.0,0.0,1.0,0.0,0.0,,False,Qwen/Qwen2.5-VL-7B-Instruct-AWQ,None
3260,Bar,Easy,0.0,0.0,0.0,0.0,1.0,0.0,0.0,0.0,0.0,1.0,0.0,0.0,,False,Qwen/Qwen2.5-VL-7B-Instruct-AWQ,None
3260,Bar,Easy,0.0,0.0,0.0,0.0,1.0,0.0,0.0,0.0,0.0,1.0,0.0,0.0,,False,Qwen/Qwen2.5-VL-7B-Instruct-AWQ,None
3260,Bar,Easy,0.0,0.0,0.0,0.0,1.0,0.0,0.0,0.0,0.0,1.0,0.0,0.0,,False,Qwen/Qwen2.5-VL-7B-Instruct-AWQ,None
3262,Pie,Easy,0.0,0.0,0.0,0.0,0.5,0.0,0.0,0.0,0.0,0.5,0.5,0.0,0.0,False,Qwen/Qwen2.5-VL-7B-Instruct-AWQ,None
3262,Pie,Easy,0.0,0.0,0.0,0.0,0.5,0.0,0.0,0.0,0.0,0.5,0.5,0.0,0.0,False,Qwen/Qwen2.5-VL-7B-Instruct-AWQ,None
3262,Pie,Easy,0.0,0.0,0.0,0.0,0.5,0.0,0.0,0.0,0.0,0.5,0.5,0.0,0.0,False,Qwen/Qwen2.5-VL-7B-Instruct-AWQ,None
3263,Bar,Easy,0.3333333333333333,0.0,0.0,0.0,0.0,0.0,0.0,0.0,0.3333333333333333,0.0,0.6666666666666666,0.0,0.0,False,Qwen/Qwen2.5-VL-7B-Instruct-AWQ,None
3263,Bar,Easy,0.3333333333333333,0.0,0.0,0.0,0.0,0.0,0.0,0.0,0.3333333333333333,0.0,0.6666666666666666,0.0,0.0,False,Qwen/Qwen2.5-VL-7B-Instruct-AWQ,None
3263,Bar,Easy,0.3333333333333333,0.0,0.0,0.0,0.0,0.0,0.0,0.0,0.3333333333333333,0.0,0.6666666666666666,0.0,0.0,False,Qwen/Qwen2.5-VL-7B-Instruct-AWQ,None
3264,Pie,Easy,0.0,0.0,0.0,0.0,0.5,0.0,0.0,0.0,0.0,0.5,0.5,0.0,0.0,False,Qwen/Qwen2.5-VL-7B-Instruct-AWQ,None
3264,Pie,Easy,0.0,0.0,0.0,0.0,0.5,0.0,0.0,0.0,0.0,0.5,0.5,0.0,0.0,False,Qwen/Qwen2.5-VL-7B-Instruct-AWQ,None
3264,Pie,Easy,0.0,0.0,0.0,0.0,0.5,0.0,0.0,0.0,0.0,0.5,0.5,0.0,0.0,False,Qwen/Qwen2.5-VL-7B-Instruct-AWQ,None
3265,Pie,Medium,0.0,0.0,0.0,0.8333333333333334,1.0,0.0,0.0,0.0,0.0,1.0,0.0,0.0,,True,Qwen/Qwen2.5-VL-7B-Instruct-AWQ,None
3265,Pie,Medium,0.0,0.0,0.0,0.8333333333333334,1.0,0.0,0.0,0.0,0.0,1.0,0.0,0.0,,True,Qwen/Qwen2.5-VL-7B-Instruct-AWQ,None
3265,Pie,Medium,0.0,0.0,0.0,0.8333333333333334,1.0,0.0,0.0,0.0,0.0,1.0,0.0,0.0,,True,Qwen/Qwen2.5-VL-7B-Instruct-AWQ,None
3268,Pie,Medium,0.0,0.0,0.0,0.0,1.0,0.0,0.0,0.0,0.0,1.0,0.0,0.0,,False,Qwen/Qwen2.5-VL-7B-Instruct-AWQ,None
3268,Pie,Medium,0.0,0.0,0.0,0.0,1.0,0.0,0.0,0.0,0.0,1.0,0.0,0.0,,False,Qwen/Qwen2.5-VL-7B-Instruct-AWQ,None
3268,Pie,Medium,0.0,0.0,0.0,0.0,1.0,0.0,0.0,0.0,0.0,1.0,0.0,0.0,,False,Qwen/Qwen2.5-VL-7B-Instruct-AWQ,None
3270,Scatter,Medium,1.0,0.0,0.0,0.0,0.0,0.0,0.0,0.0,1.0,0.0,0.0,0.0,,False,Qwen/Qwen2.5-VL-7B-Instruct-AWQ,None
3270,Scatter,Medium,1.0,0.0,0.0,0.0,0.0,0.0,0.0,0.0,1.0,0.0,0.0,0.0,,False,Qwen/Qwen2.5-VL-7B-Instruct-AWQ,None
3270,Scatter,Medium,1.0,0.0,0.0,0.0,0.0,0.0,0.0,0.0,1.0,0.0,0.0,0.0,,False,Qwen/Qwen2.5-VL-7B-Instruct-AWQ,None
3271,Pie,Medium,0.0,0.0,0.0,0.0,1.0,0.0,0.0,0.0,0.0,1.0,0.0,0.0,,False,Qwen/Qwen2.5-VL-7B-Instruct-AWQ,None
3271,Pie,Medium,0.0,0.0,0.0,0.0,1.0,0.0,0.0,0.0,0.0,1.0,0.0,0.0,,False,Qwen/Qwen2.5-VL-7B-Instruct-AWQ,None
3271,Pie,Medium,0.0,0.0,0.0,0.0,1.0,0.0,0.0,0.0,0.0,1.0,0.0,0.0,,False,Qwen/Qwen2.5-VL-7B-Instruct-AWQ,None
3272,Grouping Scatter,Medium,1.0,0.0,0.0,0.0,0.0,0.0,0.0,0.0,1.0,0.0,0.0,0.0,,False,Qwen/Qwen2.5-VL-7B-Instruct-AWQ,None
3272,Grouping Scatter,Medium,1.0,0.0,0.0,0.0,0.0,0.0,0.0,0.0,1.0,0.0,0.0,0.0,,False,Qwen/Qwen2.5-VL-7B-Instruct-AWQ,None
3272,Grouping Scatter,Medium,1.0,0.0,0.0,0.0,0.0,0.0,0.0,0.0,1.0,0.0,0.0,0.0,,False,Qwen/Qwen2.5-VL-7B-Instruct-AWQ,None
3273,Pie,Hard,0.5,0.0,0.0,0.0,0.5,0.0,0.0,0.0,0.5,0.5,0.0,0.0,,True,Qwen/Qwen2.5-VL-7B-Instruct-AWQ,None
3273,Pie,Hard,0.5,0.0,0.0,0.0,0.5,0.0,0.0,0.0,0.5,0.5,0.0,0.0,,True,Qwen/Qwen2.5-VL-7B-Instruct-AWQ,None
3273,Pie,Hard,0.5,0.0,0.0,0.0,0.5,0.0,0.0,0.0,0.5,0.5,0.0,0.0,,True,Qwen/Qwen2.5-VL-7B-Instruct-AWQ,None
3274,Bar,Hard,0.5,0.0,0.0,0.0,0.5,0.0,0.0,0.0,0.5,0.5,0.0,0.0,,True,Qwen/Qwen2.5-VL-7B-Instruct-AWQ,None
3274,Bar,Hard,0.5,0.0,0.0,0.0,0.5,0.0,0.0,0.0,0.5,0.5,0.0,0.0,,True,Qwen/Qwen2.5-VL-7B-Instruct-AWQ,None
3274,Bar,Hard,0.5,0.0,0.0,0.0,0.5,0.0,0.0,0.0,0.5,0.5,0.0,0.0,,True,Qwen/Qwen2.5-VL-7B-Instruct-AWQ,None
3278,Pie,Easy,0.0,0.0,0.0,0.25,0.75,0.0,0.0,0.0,0.0,1.0,0.0,0.0,,False,Qwen/Qwen2.5-VL-7B-Instruct-AWQ,None
3278,Pie,Easy,0.0,0.0,0.0,0.25,0.75,0.0,0.0,0.0,0.0,1.0,0.0,0.0,,False,Qwen/Qwen2.5-VL-7B-Instruct-AWQ,None
3278,Pie,Easy,0.0,0.0,0.0,0.25,0.75,0.0,0.0,0.0,0.0,1.0,0.0,0.0,,False,Qwen/Qwen2.5-VL-7B-Instruct-AWQ,None
3291,Bar,Medium,0.0,0.0,0.0,0.0,0.0,0.0,0.0,0.0,0.0,0.0,1.0,0.0,0.0,False,Qwen/Qwen2.5-VL-7B-Instruct-AWQ,None
3291,Bar,Medium,0.0,0.0,0.0,0.0,0.0,0.0,0.0,0.0,0.0,0.0,1.0,0.0,0.0,False,Qwen/Qwen2.5-VL-7B-Instruct-AWQ,None
3291,Bar,Medium,0.0,0.0,0.0,0.0,0.0,0.0,0.0,0.0,0.0,0.0,1.0,0.0,0.0,False,Qwen/Qwen2.5-VL-7B-Instruct-AWQ,None
372@y_name@DESC,Bar,Medium,0.0,0.0,0.0,0.0,0.0,0.0,0.0,0.0,0.0,0.0,1.0,0.0,0.0,False,Qwen/Qwen2.5-VL-7B-Instruct-AWQ,None
372@y_name@DESC,Bar,Medium,0.0,0.0,0.0,0.0,0.0,0.0,0.0,0.0,0.0,0.0,1.0,0.0,0.0,False,Qwen/Qwen2.5-VL-7B-Instruct-AWQ,None
372@y_name@DESC,Bar,Medium,0.0,0.0,0.0,0.0,0.0,0.0,0.0,0.0,0.0,0.0,1.0,0.0,0.0,False,Qwen/Qwen2.5-VL-7B-Instruct-AWQ,None
2443@y_name@ASC,Bar,Hard,0.75,0.0,0.0,0.0,0.0,0.0,0.0,0.0,0.75,0.0,0.25,0.0,0.0,True,Qwen/Qwen2.5-VL-7B-Instruct-AWQ,None
2443@y_name@ASC,Bar,Hard,0.75,0.0,0.0,0.0,0.0,0.0,0.0,0.0,0.75,0.0,0.25,0.0,0.0,True,Qwen/Qwen2.5-VL-7B-Instruct-AWQ,None
2443@y_name@ASC,Bar,Hard,0.75,0.0,0.0,0.0,0.0,0.0,0.0,0.0,0.75,0.0,0.25,0.0,0.0,True,Qwen/Qwen2.5-VL-7B-Instruct-AWQ,None
2450@x_name@DESC,Bar,Medium,0.4,0.0,0.2,0.0,0.2,0.2,0.0,0.0,0.4,0.6,0.0,0.0,,False,Qwen/Qwen2.5-VL-7B-Instruct-AWQ,None
2450@x_name@DESC,Bar,Medium,0.4,0.0,0.2,0.0,0.2,0.2,0.0,0.0,0.4,0.6,0.0,0.0,,False,Qwen/Qwen2.5-VL-7B-Instruct-AWQ,None
2450@x_name@DESC,Bar,Medium,0.4,0.0,0.2,0.0,0.2,0.2,0.0,0.0,0.4,0.6,0.0,0.0,,False,Qwen/Qwen2.5-VL-7B-Instruct-AWQ,None
1384@y_name@ASC,Bar,Medium,0.0,0.0,0.0,0.0,0.0,0.0,0.0,0.0,0.0,0.0,1.0,0.0,0.0,False,Qwen/Qwen2.5-VL-7B-Instruct-AWQ,None
1384@y_name@ASC,Bar,Medium,0.0,0.0,0.0,0.0,0.0,0.0,0.0,0.0,0.0,0.0,1.0,0.0,0.0,False,Qwen/Qwen2.5-VL-7B-Instruct-AWQ,None
1384@y_name@ASC,Bar,Medium,0.0,0.0,0.0,0.0,0.0,0.0,0.0,0.0,0.0,0.0,1.0,0.0,0.0,False,Qwen/Qwen2.5-VL-7B-Instruct-AWQ,None
1388@x_name@ASC,Line,Hard,0.0,0.0,0.0,0.0,0.0,0.0,0.0,0.0,0.0,0.0,1.0,0.0,0.0,True,Qwen/Qwen2.5-VL-7B-Instruct-AWQ,None
1388@x_name@ASC,Line,Hard,0.0,0.0,0.0,0.0,0.0,0.0,0.0,0.0,0.0,0.0,1.0,0.0,0.0,True,Qwen/Qwen2.5-VL-7B-Instruct-AWQ,None
1388@x_name@ASC,Line,Hard,0.0,0.0,0.0,0.0,0.0,0.0,0.0,0.0,0.0,0.0,1.0,0.0,0.0,True,Qwen/Qwen2.5-VL-7B-Instruct-AWQ,None
1390@y_name@DESC,Bar,Hard,0.5,0.0,0.0,0.0,0.0,0.0,0.0,0.0,0.5,0.0,0.5,0.0,0.0,True,Qwen/Qwen2.5-VL-7B-Instruct-AWQ,None
1390@y_name@DESC,Bar,Hard,0.5,0.0,0.0,0.0,0.0,0.0,0.0,0.0,0.5,0.0,0.5,0.0,0.0,True,Qwen/Qwen2.5-VL-7B-Instruct-AWQ,None
1390@y_name@DESC,Bar,Hard,0.5,0.0,0.0,0.0,0.0,0.0,0.0,0.0,0.5,0.0,0.5,0.0,0.0,True,Qwen/Qwen2.5-VL-7B-Instruct-AWQ,None
3204@y_name@DESC,Bar,Medium,0.0,0.0,0.0,0.0,0.0,0.0,0.0,0.0,0.0,0.0,1.0,0.0,0.0,False,Qwen/Qwen2.5-VL-7B-Instruct-AWQ,None
3204@y_name@DESC,Bar,Medium,0.0,0.0,0.0,0.0,0.0,0.0,0.0,0.0,0.0,0.0,1.0,0.0,0.0,False,Qwen/Qwen2.5-VL-7B-Instruct-AWQ,None
3204@y_name@DESC,Bar,Medium,0.0,0.0,0.0,0.0,0.0,0.0,0.0,0.0,0.0,0.0,1.0,0.0,0.0,False,Qwen/Qwen2.5-VL-7B-Instruct-AWQ,None
1475@y_name@DESC,Bar,Hard,0.0,0.0,0.0,0.0,1.0,0.0,0.0,0.0,0.0,1.0,0.0,0.0,,True,Qwen/Qwen2.5-VL-7B-Instruct-AWQ,None
1475@y_name@DESC,Bar,Hard,0.0,0.0,0.0,0.0,1.0,0.0,0.0,0.0,0.0,1.0,0.0,0.0,,True,Qwen/Qwen2.5-VL-7B-Instruct-AWQ,None
1475@y_name@DESC,Bar,Hard,0.0,0.0,0.0,0.0,1.0,0.0,0.0,0.0,0.0,1.0,0.0,0.0,,True,Qwen/Qwen2.5-VL-7B-Instruct-AWQ,None
1478@y_name@DESC,Bar,Extra Hard,1.0,0.0,0.0,0.0,0.0,0.0,0.0,0.0,1.0,0.0,0.0,0.0,,True,Qwen/Qwen2.5-VL-7B-Instruct-AWQ,None
1478@y_name@DESC,Bar,Extra Hard,1.0,0.0,0.0,0.0,0.0,0.0,0.0,0.0,1.0,0.0,0.0,0.0,,True,Qwen/Qwen2.5-VL-7B-Instruct-AWQ,None
1478@y_name@DESC,Bar,Extra Hard,1.0,0.0,0.0,0.0,0.0,0.0,0.0,0.0,1.0,0.0,0.0,0.0,,True,Qwen/Qwen2.5-VL-7B-Instruct-AWQ,None
1484@x_name@ASC,Grouping Line,Hard,0.0,0.0,0.0,0.0,1.0,0.0,0.0,0.0,0.0,1.0,0.0,0.0,,False,Qwen/Qwen2.5-VL-7B-Instruct-AWQ,None
1484@x_name@ASC,Grouping Line,Hard,0.0,0.0,0.0,0.0,1.0,0.0,0.0,0.0,0.0,1.0,0.0,0.0,,False,Qwen/Qwen2.5-VL-7B-Instruct-AWQ,None
1484@x_name@ASC,Grouping Line,Hard,0.0,0.0,0.0,0.0,1.0,0.0,0.0,0.0,0.0,1.0,0.0,0.0,,False,Qwen/Qwen2.5-VL-7B-Instruct-AWQ,None
1487@y_name@ASC,Stacked Bar,Hard,0.5,0.0,0.0,0.0,0.5,0.0,0.0,0.0,0.5,0.5,0.0,0.0,,False,Qwen/Qwen2.5-VL-7B-Instruct-AWQ,None
1487@y_name@ASC,Stacked Bar,Hard,0.5,0.0,0.0,0.0,0.5,0.0,0.0,0.0,0.5,0.5,0.0,0.0,,False,Qwen/Qwen2.5-VL-7B-Instruct-AWQ,None
1487@y_name@ASC,Stacked Bar,Hard,0.5,0.0,0.0,0.0,0.5,0.0,0.0,0.0,0.5,0.5,0.0,0.0,,False,Qwen/Qwen2.5-VL-7B-Instruct-AWQ,None
1488@x_name@DESC,Stacked Bar,Hard,1.0,0.0,0.0,0.0,0.0,0.0,0.0,0.0,1.0,0.0,0.0,0.0,,False,Qwen/Qwen2.5-VL-7B-Instruct-AWQ,None
1488@x_name@DESC,Stacked Bar,Hard,1.0,0.0,0.0,0.0,0.0,0.0,0.0,0.0,1.0,0.0,0.0,0.0,,False,Qwen/Qwen2.5-VL-7B-Instruct-AWQ,None
1488@x_name@DESC,Stacked Bar,Hard,1.0,0.0,0.0,0.0,0.0,0.0,0.0,0.0,1.0,0.0,0.0,0.0,,False,Qwen/Qwen2.5-VL-7B-Instruct-AWQ,None
1491@y_name@DESC,Bar,Medium,0.0,0.0,0.0,0.5,0.5,0.0,0.0,0.0,0.0,0.5,0.5,0.0,0.0,False,Qwen/Qwen2.5-VL-7B-Instruct-AWQ,None
1491@y_name@DESC,Bar,Medium,0.0,0.0,0.0,0.5,0.5,0.0,0.0,0.0,0.0,0.5,0.5,0.0,0.0,False,Qwen/Qwen2.5-VL-7B-Instruct-AWQ,None
1491@y_name@DESC,Bar,Medium,0.0,0.0,0.0,0.5,0.5,0.0,0.0,0.0,0.0,0.5,0.5,0.0,0.0,False,Qwen/Qwen2.5-VL-7B-Instruct-AWQ,None
1493@y_name@ASC,Bar,Medium,0.0,0.0,0.0,0.0,0.0,0.0,0.0,0.0,0.0,0.0,1.0,0.0,0.0,False,Qwen/Qwen2.5-VL-7B-Instruct-AWQ,None
1493@y_name@ASC,Bar,Medium,0.0,0.0,0.0,0.0,0.0,0.0,0.0,0.0,0.0,0.0,1.0,0.0,0.0,False,Qwen/Qwen2.5-VL-7B-Instruct-AWQ,None
1493@y_name@ASC,Bar,Medium,0.0,0.0,0.0,0.0,0.0,0.0,0.0,0.0,0.0,0.0,1.0,0.0,0.0,False,Qwen/Qwen2.5-VL-7B-Instruct-AWQ,None
1494@x_name@ASC,Line,Medium,0.0,0.0,0.0,0.0,0.0,0.0,0.0,0.0,0.0,0.0,1.0,0.0,0.0,False,Qwen/Qwen2.5-VL-7B-Instruct-AWQ,None
1494@x_name@ASC,Line,Medium,0.0,0.0,0.0,0.0,0.0,0.0,0.0,0.0,0.0,0.0,1.0,0.0,0.0,False,Qwen/Qwen2.5-VL-7B-Instruct-AWQ,None
1494@x_name@ASC,Line,Medium,0.0,0.0,0.0,0.0,0.0,0.0,0.0,0.0,0.0,0.0,1.0,0.0,0.0,False,Qwen/Qwen2.5-VL-7B-Instruct-AWQ,None
1495@x_name@ASC,Line,Medium,0.0,0.0,0.0,0.0,0.0,0.0,0.0,0.0,0.0,0.0,1.0,0.0,0.0,False,Qwen/Qwen2.5-VL-7B-Instruct-AWQ,None
1495@x_name@ASC,Line,Medium,0.0,0.0,0.0,0.0,0.0,0.0,0.0,0.0,0.0,0.0,1.0,0.0,0.0,False,Qwen/Qwen2.5-VL-7B-Instruct-AWQ,None
1495@x_name@ASC,Line,Medium,0.0,0.0,0.0,0.0,0.0,0.0,0.0,0.0,0.0,0.0,1.0,0.0,0.0,False,Qwen/Qwen2.5-VL-7B-Instruct-AWQ,None
1523@x_name@DESC,Bar,Extra Hard,1.0,0.0,0.0,0.0,0.0,0.0,0.0,0.0,1.0,0.0,0.0,0.0,,True,Qwen/Qwen2.5-VL-7B-Instruct-AWQ,None
1523@x_name@DESC,Bar,Extra Hard,1.0,0.0,0.0,0.0,0.0,0.0,0.0,0.0,1.0,0.0,0.0,0.0,,True,Qwen/Qwen2.5-VL-7B-Instruct-AWQ,None
1523@x_name@DESC,Bar,Extra Hard,1.0,0.0,0.0,0.0,0.0,0.0,0.0,0.0,1.0,0.0,0.0,0.0,,True,Qwen/Qwen2.5-VL-7B-Instruct-AWQ,None
1525@y_name@ASC,Bar,Hard,0.3333333333333333,0.0,0.0,0.0,0.0,0.0,0.0,0.0,0.3333333333333333,0.0,0.6666666666666666,0.0,0.0,True,Qwen/Qwen2.5-VL-7B-Instruct-AWQ,None
1525@y_name@ASC,Bar,Hard,0.3333333333333333,0.0,0.0,0.0,0.0,0.0,0.0,0.0,0.3333333333333333,0.0,0.6666666666666666,0.0,0.0,True,Qwen/Qwen2.5-VL-7B-Instruct-AWQ,None
1525@y_name@ASC,Bar,Hard,0.3333333333333333,0.0,0.0,0.0,0.0,0.0,0.0,0.0,0.3333333333333333,0.0,0.6666666666666666,0.0,0.0,True,Qwen/Qwen2.5-VL-7B-Instruct-AWQ,None
1532@x_name@DESC,Bar,Hard,1.0,0.0,0.0,0.0,0.0,0.0,0.0,0.0,1.0,0.0,0.0,0.0,,True,Qwen/Qwen2.5-VL-7B-Instruct-AWQ,None
1532@x_name@DESC,Bar,Hard,1.0,0.0,0.0,0.0,0.0,0.0,0.0,0.0,1.0,0.0,0.0,0.0,,True,Qwen/Qwen2.5-VL-7B-Instruct-AWQ,None
1532@x_name@DESC,Bar,Hard,1.0,0.0,0.0,0.0,0.0,0.0,0.0,0.0,1.0,0.0,0.0,0.0,,True,Qwen/Qwen2.5-VL-7B-Instruct-AWQ,None
2308@y_name@DESC,Bar,Medium,1.0,0.0,0.0,0.0,0.0,0.0,0.0,0.0,1.0,0.0,0.0,0.0,,False,Qwen/Qwen2.5-VL-7B-Instruct-AWQ,None
2308@y_name@DESC,Bar,Medium,1.0,0.0,0.0,0.0,0.0,0.0,0.0,0.0,1.0,0.0,0.0,0.0,,False,Qwen/Qwen2.5-VL-7B-Instruct-AWQ,None
2308@y_name@DESC,Bar,Medium,1.0,0.0,0.0,0.0,0.0,0.0,0.0,0.0,1.0,0.0,0.0,0.0,,False,Qwen/Qwen2.5-VL-7B-Instruct-AWQ,None
2310@x_name@DESC,Bar,Hard,1.0,0.0,0.0,0.0,0.0,0.0,0.0,0.0,1.0,0.0,0.0,0.0,,True,Qwen/Qwen2.5-VL-7B-Instruct-AWQ,None
2310@x_name@DESC,Bar,Hard,1.0,0.0,0.0,0.0,0.0,0.0,0.0,0.0,1.0,0.0,0.0,0.0,,True,Qwen/Qwen2.5-VL-7B-Instruct-AWQ,None
2310@x_name@DESC,Bar,Hard,1.0,0.0,0.0,0.0,0.0,0.0,0.0,0.0,1.0,0.0,0.0,0.0,,True,Qwen/Qwen2.5-VL-7B-Instruct-AWQ,None
2314@x_name@DESC,Bar,Medium,1.0,0.0,0.0,0.0,0.0,0.0,0.0,0.0,1.0,0.0,0.0,0.0,,True,Qwen/Qwen2.5-VL-7B-Instruct-AWQ,None
2314@x_name@DESC,Bar,Medium,1.0,0.0,0.0,0.0,0.0,0.0,0.0,0.0,1.0,0.0,0.0,0.0,,True,Qwen/Qwen2.5-VL-7B-Instruct-AWQ,None
2314@x_name@DESC,Bar,Medium,1.0,0.0,0.0,0.0,0.0,0.0,0.0,0.0,1.0,0.0,0.0,0.0,,True,Qwen/Qwen2.5-VL-7B-Instruct-AWQ,None
2831@x_name@DESC,Bar,Medium,0.0,0.0,0.0,0.0,0.3333333333333333,0.6666666666666666,0.0,0.0,0.0,1.0,0.0,0.0,,False,Qwen/Qwen2.5-VL-7B-Instruct-AWQ,None
2831@x_name@DESC,Bar,Medium,0.0,0.0,0.0,0.0,0.3333333333333333,0.6666666666666666,0.0,0.0,0.0,1.0,0.0,0.0,,False,Qwen/Qwen2.5-VL-7B-Instruct-AWQ,None
2831@x_name@DESC,Bar,Medium,0.0,0.0,0.0,0.0,0.3333333333333333,0.6666666666666666,0.0,0.0,0.0,1.0,0.0,0.0,,False,Qwen/Qwen2.5-VL-7B-Instruct-AWQ,None
2834@x_name@DESC,Bar,Medium,0.0,0.0,0.0,0.0,0.0,1.0,0.0,0.0,0.0,1.0,0.0,0.0,,False,Qwen/Qwen2.5-VL-7B-Instruct-AWQ,None
2834@x_name@DESC,Bar,Medium,0.0,0.0,0.0,0.0,0.0,1.0,0.0,0.0,0.0,1.0,0.0,0.0,,False,Qwen/Qwen2.5-VL-7B-Instruct-AWQ,None
2834@x_name@DESC,Bar,Medium,0.0,0.0,0.0,0.0,0.0,1.0,0.0,0.0,0.0,1.0,0.0,0.0,,False,Qwen/Qwen2.5-VL-7B-Instruct-AWQ,None
2838@x_name@ASC,Bar,Medium,0.0,0.0,0.0,0.0,0.5,0.0,0.0,0.0,0.0,0.5,0.5,0.0,0.0,False,Qwen/Qwen2.5-VL-7B-Instruct-AWQ,None
2838@x_name@ASC,Bar,Medium,0.0,0.0,0.0,0.0,0.5,0.0,0.0,0.0,0.0,0.5,0.5,0.0,0.0,False,Qwen/Qwen2.5-VL-7B-Instruct-AWQ,None
2838@x_name@ASC,Bar,Medium,0.0,0.0,0.0,0.0,0.5,0.0,0.0,0.0,0.0,0.5,0.5,0.0,0.0,False,Qwen/Qwen2.5-VL-7B-Instruct-AWQ,None
2841@y_name@ASC,Bar,Medium,0.0,0.0,0.0,0.0,0.0,0.0,0.0,0.0,0.0,0.0,1.0,0.0,0.0,False,Qwen/Qwen2.5-VL-7B-Instruct-AWQ,None
2841@y_name@ASC,Bar,Medium,0.0,0.0,0.0,0.0,0.0,0.0,0.0,0.0,0.0,0.0,1.0,0.0,0.0,False,Qwen/Qwen2.5-VL-7B-Instruct-AWQ,None
2841@y_name@ASC,Bar,Medium,0.0,0.0,0.0,0.0,0.0,0.0,0.0,0.0,0.0,0.0,1.0,0.0,0.0,False,Qwen/Qwen2.5-VL-7B-Instruct-AWQ,None
2844@y_name@DESC,Bar,Medium,0.0,0.0,0.5,0.0,0.0,0.0,0.0,0.0,0.0,0.5,0.5,0.0,0.0,False,Qwen/Qwen2.5-VL-7B-Instruct-AWQ,None
2844@y_name@DESC,Bar,Medium,0.0,0.0,0.5,0.0,0.0,0.0,0.0,0.0,0.0,0.5,0.5,0.0,0.0,False,Qwen/Qwen2.5-VL-7B-Instruct-AWQ,None
2844@y_name@DESC,Bar,Medium,0.0,0.0,0.5,0.0,0.0,0.0,0.0,0.0,0.0,0.5,0.5,0.0,0.0,False,Qwen/Qwen2.5-VL-7B-Instruct-AWQ,None
2845@y_name@ASC,Bar,Extra Hard,0.0,0.0,0.0,0.0,0.0,0.0,0.0,0.0,0.0,0.0,1.0,0.0,0.0,True,Qwen/Qwen2.5-VL-7B-Instruct-AWQ,None
2845@y_name@ASC,Bar,Extra Hard,0.0,0.0,0.0,0.0,0.0,0.0,0.0,0.0,0.0,0.0,1.0,0.0,0.0,True,Qwen/Qwen2.5-VL-7B-Instruct-AWQ,None
2845@y_name@ASC,Bar,Extra Hard,0.0,0.0,0.0,0.0,0.0,0.0,0.0,0.0,0.0,0.0,1.0,0.0,0.0,True,Qwen/Qwen2.5-VL-7B-Instruct-AWQ,None
2544@y_name@ASC,Bar,Medium,0.0,0.0,0.0,0.0,0.0,0.3333333333333333,0.0,0.0,0.0,0.3333333333333333,0.6666666666666666,0.0,0.0,False,Qwen/Qwen2.5-VL-7B-Instruct-AWQ,None
2544@y_name@ASC,Bar,Medium,0.0,0.0,0.0,0.0,0.0,0.3333333333333333,0.0,0.0,0.0,0.3333333333333333,0.6666666666666666,0.0,0.0,False,Qwen/Qwen2.5-VL-7B-Instruct-AWQ,None
2544@y_name@ASC,Bar,Medium,0.0,0.0,0.0,0.0,0.0,0.3333333333333333,0.0,0.0,0.0,0.3333333333333333,0.6666666666666666,0.0,0.0,False,Qwen/Qwen2.5-VL-7B-Instruct-AWQ,None
2865@y_name@ASC,Bar,Hard,0.0,0.0,0.0,0.0,0.6666666666666666,0.0,0.0,0.0,0.0,0.6666666666666666,0.3333333333333333,0.0,0.0,True,Qwen/Qwen2.5-VL-7B-Instruct-AWQ,None
2865@y_name@ASC,Bar,Hard,0.0,0.0,0.0,0.0,0.6666666666666666,0.0,0.0,0.0,0.0,0.6666666666666666,0.3333333333333333,0.0,0.0,True,Qwen/Qwen2.5-VL-7B-Instruct-AWQ,None
2865@y_name@ASC,Bar,Hard,0.0,0.0,0.0,0.0,0.6666666666666666,0.0,0.0,0.0,0.0,0.6666666666666666,0.3333333333333333,0.0,0.0,True,Qwen/Qwen2.5-VL-7B-Instruct-AWQ,None
2867@x_name@ASC,Bar,Hard,0.5,0.0,0.0,0.0,0.0,0.0,0.0,0.0,0.5,0.0,0.5,0.0,0.0,True,Qwen/Qwen2.5-VL-7B-Instruct-AWQ,None
2867@x_name@ASC,Bar,Hard,0.5,0.0,0.0,0.0,0.0,0.0,0.0,0.0,0.5,0.0,0.5,0.0,0.0,True,Qwen/Qwen2.5-VL-7B-Instruct-AWQ,None
2867@x_name@ASC,Bar,Hard,0.5,0.0,0.0,0.0,0.0,0.0,0.0,0.0,0.5,0.0,0.5,0.0,0.0,True,Qwen/Qwen2.5-VL-7B-Instruct-AWQ,None
2868@y_name@ASC,Bar,Medium,0.5,0.0,0.0,0.0,0.5,0.0,0.0,0.0,0.5,0.5,0.0,0.0,,False,Qwen/Qwen2.5-VL-7B-Instruct-AWQ,None
2868@y_name@ASC,Bar,Medium,0.5,0.0,0.0,0.0,0.5,0.0,0.0,0.0,0.5,0.5,0.0,0.0,,False,Qwen/Qwen2.5-VL-7B-Instruct-AWQ,None
2868@y_name@ASC,Bar,Medium,0.5,0.0,0.0,0.0,0.5,0.0,0.0,0.0,0.5,0.5,0.0,0.0,,False,Qwen/Qwen2.5-VL-7B-Instruct-AWQ,None
2869@y_name@DESC,Bar,Medium,0.5,0.0,0.0,0.0,0.5,0.0,0.0,0.0,0.5,0.5,0.0,0.0,,False,Qwen/Qwen2.5-VL-7B-Instruct-AWQ,None
2869@y_name@DESC,Bar,Medium,0.5,0.0,0.0,0.0,0.5,0.0,0.0,0.0,0.5,0.5,0.0,0.0,,False,Qwen/Qwen2.5-VL-7B-Instruct-AWQ,None
2869@y_name@DESC,Bar,Medium,0.5,0.0,0.0,0.0,0.5,0.0,0.0,0.0,0.5,0.5,0.0,0.0,,False,Qwen/Qwen2.5-VL-7B-Instruct-AWQ,None
1407@y_name@DESC,Bar,Medium,0.0,0.0,0.0,0.5,0.5,0.0,0.0,0.0,0.0,0.5,0.5,0.0,0.0,False,Qwen/Qwen2.5-VL-7B-Instruct-AWQ,None
1407@y_name@DESC,Bar,Medium,0.0,0.0,0.0,0.5,0.5,0.0,0.0,0.0,0.0,0.5,0.5,0.0,0.0,False,Qwen/Qwen2.5-VL-7B-Instruct-AWQ,None
1407@y_name@DESC,Bar,Medium,0.0,0.0,0.0,0.5,0.5,0.0,0.0,0.0,0.0,0.5,0.5,0.0,0.0,False,Qwen/Qwen2.5-VL-7B-Instruct-AWQ,None
1409@y_name@DESC,Bar,Hard,0.0,0.0,0.0,0.0,0.5,0.0,0.0,0.0,0.0,0.5,0.5,0.0,0.0,True,Qwen/Qwen2.5-VL-7B-Instruct-AWQ,None
1409@y_name@DESC,Bar,Hard,0.0,0.0,0.0,0.0,0.5,0.0,0.0,0.0,0.0,0.5,0.5,0.0,0.0,True,Qwen/Qwen2.5-VL-7B-Instruct-AWQ,None
1409@y_name@DESC,Bar,Hard,0.0,0.0,0.0,0.0,0.5,0.0,0.0,0.0,0.0,0.5,0.5,0.0,0.0,True,Qwen/Qwen2.5-VL-7B-Instruct-AWQ,None
1413@y_name@ASC,Bar,Hard,0.0,0.0,0.0,0.0,0.0,0.0,0.0,0.0,0.0,0.0,1.0,0.0,0.0,False,Qwen/Qwen2.5-VL-7B-Instruct-AWQ,None
1413@y_name@ASC,Bar,Hard,0.0,0.0,0.0,0.0,0.0,0.0,0.0,0.0,0.0,0.0,1.0,0.0,0.0,False,Qwen/Qwen2.5-VL-7B-Instruct-AWQ,None
1413@y_name@ASC,Bar,Hard,0.0,0.0,0.0,0.0,0.0,0.0,0.0,0.0,0.0,0.0,1.0,0.0,0.0,False,Qwen/Qwen2.5-VL-7B-Instruct-AWQ,None
1414@y_name@DESC,Bar,Easy,1.0,0.0,0.0,0.0,0.0,0.0,0.0,0.0,1.0,0.0,0.0,0.0,,False,Qwen/Qwen2.5-VL-7B-Instruct-AWQ,None
1414@y_name@DESC,Bar,Easy,1.0,0.0,0.0,0.0,0.0,0.0,0.0,0.0,1.0,0.0,0.0,0.0,,False,Qwen/Qwen2.5-VL-7B-Instruct-AWQ,None
1414@y_name@DESC,Bar,Easy,1.0,0.0,0.0,0.0,0.0,0.0,0.0,0.0,1.0,0.0,0.0,0.0,,False,Qwen/Qwen2.5-VL-7B-Instruct-AWQ,None
2173@y_name@DESC,Bar,Hard,1.0,0.0,0.0,0.0,0.0,0.0,0.0,0.0,1.0,0.0,0.0,0.0,,True,Qwen/Qwen2.5-VL-7B-Instruct-AWQ,None
2173@y_name@DESC,Bar,Hard,1.0,0.0,0.0,0.0,0.0,0.0,0.0,0.0,1.0,0.0,0.0,0.0,,True,Qwen/Qwen2.5-VL-7B-Instruct-AWQ,None
2173@y_name@DESC,Bar,Hard,1.0,0.0,0.0,0.0,0.0,0.0,0.0,0.0,1.0,0.0,0.0,0.0,,True,Qwen/Qwen2.5-VL-7B-Instruct-AWQ,None
2175@y_name@ASC,Bar,Medium,0.0,0.0,0.0,0.0,0.0,1.0,0.0,0.0,0.0,1.0,0.0,0.0,,False,Qwen/Qwen2.5-VL-7B-Instruct-AWQ,None
2175@y_name@ASC,Bar,Medium,0.0,0.0,0.0,0.0,0.0,1.0,0.0,0.0,0.0,1.0,0.0,0.0,,False,Qwen/Qwen2.5-VL-7B-Instruct-AWQ,None
2175@y_name@ASC,Bar,Medium,0.0,0.0,0.0,0.0,0.0,1.0,0.0,0.0,0.0,1.0,0.0,0.0,,False,Qwen/Qwen2.5-VL-7B-Instruct-AWQ,None
2176@y_name@DESC,Bar,Medium,0.5,0.0,0.0,0.5,0.5,0.0,0.0,0.0,0.5,0.5,0.0,0.0,,True,Qwen/Qwen2.5-VL-7B-Instruct-AWQ,None
2176@y_name@DESC,Bar,Medium,0.5,0.0,0.0,0.5,0.5,0.0,0.0,0.0,0.5,0.5,0.0,0.0,,True,Qwen/Qwen2.5-VL-7B-Instruct-AWQ,None
2176@y_name@DESC,Bar,Medium,0.5,0.0,0.0,0.5,0.5,0.0,0.0,0.0,0.5,0.5,0.0,0.0,,True,Qwen/Qwen2.5-VL-7B-Instruct-AWQ,None
2177@x_name@ASC,Bar,Medium,0.0,0.0,0.0,0.0,0.0,0.0,0.0,0.0,0.0,0.0,1.0,0.0,0.0,False,Qwen/Qwen2.5-VL-7B-Instruct-AWQ,None
2177@x_name@ASC,Bar,Medium,0.0,0.0,0.0,0.0,0.0,0.0,0.0,0.0,0.0,0.0,1.0,0.0,0.0,False,Qwen/Qwen2.5-VL-7B-Instruct-AWQ,None
2177@x_name@ASC,Bar,Medium,0.0,0.0,0.0,0.0,0.0,0.0,0.0,0.0,0.0,0.0,1.0,0.0,0.0,False,Qwen/Qwen2.5-VL-7B-Instruct-AWQ,None
2178@x_name@DESC,Bar,Medium,0.0,0.0,0.0,0.0,0.0,1.0,0.0,0.0,0.0,1.0,0.0,0.0,,False,Qwen/Qwen2.5-VL-7B-Instruct-AWQ,None
2178@x_name@DESC,Bar,Medium,0.0,0.0,0.0,0.0,0.0,1.0,0.0,0.0,0.0,1.0,0.0,0.0,,False,Qwen/Qwen2.5-VL-7B-Instruct-AWQ,None
2178@x_name@DESC,Bar,Medium,0.0,0.0,0.0,0.0,0.0,1.0,0.0,0.0,0.0,1.0,0.0,0.0,,False,Qwen/Qwen2.5-VL-7B-Instruct-AWQ,None
2179@y_name@DESC,Bar,Medium,0.0,0.0,0.0,0.0,0.0,0.0,0.0,0.0,0.0,0.0,1.0,0.0,0.0,False,Qwen/Qwen2.5-VL-7B-Instruct-AWQ,None
2179@y_name@DESC,Bar,Medium,0.0,0.0,0.0,0.0,0.0,0.0,0.0,0.0,0.0,0.0,1.0,0.0,0.0,False,Qwen/Qwen2.5-VL-7B-Instruct-AWQ,None
2179@y_name@DESC,Bar,Medium,0.0,0.0,0.0,0.0,0.0,0.0,0.0,0.0,0.0,0.0,1.0,0.0,0.0,False,Qwen/Qwen2.5-VL-7B-Instruct-AWQ,None
2191@x_name@DESC,Bar,Medium,0.6666666666666666,0.0,0.0,0.0,0.3333333333333333,0.0,0.0,0.0,0.6666666666666666,0.3333333333333333,0.0,0.0,,False,Qwen/Qwen2.5-VL-7B-Instruct-AWQ,None
2191@x_name@DESC,Bar,Medium,0.6666666666666666,0.0,0.0,0.0,0.3333333333333333,0.0,0.0,0.0,0.6666666666666666,0.3333333333333333,0.0,0.0,,False,Qwen/Qwen2.5-VL-7B-Instruct-AWQ,None
2191@x_name@DESC,Bar,Medium,0.6666666666666666,0.0,0.0,0.0,0.3333333333333333,0.0,0.0,0.0,0.6666666666666666,0.3333333333333333,0.0,0.0,,False,Qwen/Qwen2.5-VL-7B-Instruct-AWQ,None
2201@x_name@DESC,Bar,Medium,0.0,0.0,0.0,0.0,0.0,1.0,0.0,0.0,0.0,1.0,0.0,0.0,,False,Qwen/Qwen2.5-VL-7B-Instruct-AWQ,None
2201@x_name@DESC,Bar,Medium,0.0,0.0,0.0,0.0,0.0,1.0,0.0,0.0,0.0,1.0,0.0,0.0,,False,Qwen/Qwen2.5-VL-7B-Instruct-AWQ,None
2201@x_name@DESC,Bar,Medium,0.0,0.0,0.0,0.0,0.0,1.0,0.0,0.0,0.0,1.0,0.0,0.0,,False,Qwen/Qwen2.5-VL-7B-Instruct-AWQ,None
2203@x_name@DESC,Bar,Medium,1.0,0.0,0.0,0.0,0.0,0.0,0.0,0.0,1.0,0.0,0.0,0.0,,True,Qwen/Qwen2.5-VL-7B-Instruct-AWQ,None
2203@x_name@DESC,Bar,Medium,1.0,0.0,0.0,0.0,0.0,0.0,0.0,0.0,1.0,0.0,0.0,0.0,,True,Qwen/Qwen2.5-VL-7B-Instruct-AWQ,None
2203@x_name@DESC,Bar,Medium,1.0,0.0,0.0,0.0,0.0,0.0,0.0,0.0,1.0,0.0,0.0,0.0,,True,Qwen/Qwen2.5-VL-7B-Instruct-AWQ,None
2215@x_name@ASC,Bar,Hard,1.0,0.0,0.0,0.0,0.0,0.0,0.0,0.0,1.0,0.0,0.0,0.0,,True,Qwen/Qwen2.5-VL-7B-Instruct-AWQ,None
2215@x_name@ASC,Bar,Hard,1.0,0.0,0.0,0.0,0.0,0.0,0.0,0.0,1.0,0.0,0.0,0.0,,True,Qwen/Qwen2.5-VL-7B-Instruct-AWQ,None
2215@x_name@ASC,Bar,Hard,1.0,0.0,0.0,0.0,0.0,0.0,0.0,0.0,1.0,0.0,0.0,0.0,,True,Qwen/Qwen2.5-VL-7B-Instruct-AWQ,None
2224@x_name@ASC,Bar,Hard,0.6666666666666666,0.0,0.3333333333333333,0.0,0.0,0.0,0.0,0.0,0.6666666666666666,0.3333333333333333,0.0,0.0,,True,Qwen/Qwen2.5-VL-7B-Instruct-AWQ,None
2224@x_name@ASC,Bar,Hard,0.6666666666666666,0.0,0.3333333333333333,0.0,0.0,0.0,0.0,0.0,0.6666666666666666,0.3333333333333333,0.0,0.0,,True,Qwen/Qwen2.5-VL-7B-Instruct-AWQ,None
2224@x_name@ASC,Bar,Hard,0.6666666666666666,0.0,0.3333333333333333,0.0,0.0,0.0,0.0,0.0,0.6666666666666666,0.3333333333333333,0.0,0.0,,True,Qwen/Qwen2.5-VL-7B-Instruct-AWQ,None
2225@y_name@DESC,Bar,Hard,0.6666666666666666,0.0,0.0,0.0,0.0,0.0,0.0,0.0,0.6666666666666666,0.0,0.3333333333333333,0.0,0.0,True,Qwen/Qwen2.5-VL-7B-Instruct-AWQ,None
2225@y_name@DESC,Bar,Hard,0.6666666666666666,0.0,0.0,0.0,0.0,0.0,0.0,0.0,0.6666666666666666,0.0,0.3333333333333333,0.0,0.0,True,Qwen/Qwen2.5-VL-7B-Instruct-AWQ,None
2225@y_name@DESC,Bar,Hard,0.6666666666666666,0.0,0.0,0.0,0.0,0.0,0.0,0.0,0.6666666666666666,0.0,0.3333333333333333,0.0,0.0,True,Qwen/Qwen2.5-VL-7B-Instruct-AWQ,None
2235@x_name@DESC,Bar,Hard,0.5,0.0,0.0,0.0,0.0,0.5,0.0,0.0,0.5,0.5,0.0,0.0,,True,Qwen/Qwen2.5-VL-7B-Instruct-AWQ,None
2235@x_name@DESC,Bar,Hard,0.5,0.0,0.0,0.0,0.0,0.5,0.0,0.0,0.5,0.5,0.0,0.0,,True,Qwen/Qwen2.5-VL-7B-Instruct-AWQ,None
2235@x_name@DESC,Bar,Hard,0.5,0.0,0.0,0.0,0.0,0.5,0.0,0.0,0.5,0.5,0.0,0.0,,True,Qwen/Qwen2.5-VL-7B-Instruct-AWQ,None
2236@y_name@ASC,Bar,Hard,0.75,0.0,0.25,0.0,0.0,0.0,0.0,0.0,0.75,0.25,0.0,0.0,,True,Qwen/Qwen2.5-VL-7B-Instruct-AWQ,None
2236@y_name@ASC,Bar,Hard,0.75,0.0,0.25,0.0,0.0,0.0,0.0,0.0,0.75,0.25,0.0,0.0,,True,Qwen/Qwen2.5-VL-7B-Instruct-AWQ,None
2236@y_name@ASC,Bar,Hard,0.75,0.0,0.25,0.0,0.0,0.0,0.0,0.0,0.75,0.25,0.0,0.0,,True,Qwen/Qwen2.5-VL-7B-Instruct-AWQ,None
2305@y_name@ASC,Bar,Hard,1.0,0.0,0.0,0.0,0.0,0.0,0.0,0.0,1.0,0.0,0.0,0.0,,True,Qwen/Qwen2.5-VL-7B-Instruct-AWQ,None
2305@y_name@ASC,Bar,Hard,1.0,0.0,0.0,0.0,0.0,0.0,0.0,0.0,1.0,0.0,0.0,0.0,,True,Qwen/Qwen2.5-VL-7B-Instruct-AWQ,None
2305@y_name@ASC,Bar,Hard,1.0,0.0,0.0,0.0,0.0,0.0,0.0,0.0,1.0,0.0,0.0,0.0,,True,Qwen/Qwen2.5-VL-7B-Instruct-AWQ,None
894@y_name@DESC,Bar,Medium,0.5,0.0,0.0,0.0,0.0,0.0,0.0,0.0,0.5,0.0,0.5,0.0,0.0,False,Qwen/Qwen2.5-VL-7B-Instruct-AWQ,None
894@y_name@DESC,Bar,Medium,0.5,0.0,0.0,0.0,0.0,0.0,0.0,0.0,0.5,0.0,0.5,0.0,0.0,False,Qwen/Qwen2.5-VL-7B-Instruct-AWQ,None
894@y_name@DESC,Bar,Medium,0.5,0.0,0.0,0.0,0.0,0.0,0.0,0.0,0.5,0.0,0.5,0.0,0.0,False,Qwen/Qwen2.5-VL-7B-Instruct-AWQ,None
2643@x_name@DESC,Bar,Medium,1.0,0.0,0.0,0.0,0.0,0.0,0.0,0.0,1.0,0.0,0.0,0.0,,False,Qwen/Qwen2.5-VL-7B-Instruct-AWQ,None
2643@x_name@DESC,Bar,Medium,1.0,0.0,0.0,0.0,0.0,0.0,0.0,0.0,1.0,0.0,0.0,0.0,,False,Qwen/Qwen2.5-VL-7B-Instruct-AWQ,None
2643@x_name@DESC,Bar,Medium,1.0,0.0,0.0,0.0,0.0,0.0,0.0,0.0,1.0,0.0,0.0,0.0,,False,Qwen/Qwen2.5-VL-7B-Instruct-AWQ,None
2648@y_name@ASC,Bar,Medium,0.0,0.0,0.0,0.0,0.2,0.0,0.0,0.0,0.0,0.2,0.8,0.0,0.0,False,Qwen/Qwen2.5-VL-7B-Instruct-AWQ,None
2648@y_name@ASC,Bar,Medium,0.0,0.0,0.0,0.0,0.2,0.0,0.0,0.0,0.0,0.2,0.8,0.0,0.0,False,Qwen/Qwen2.5-VL-7B-Instruct-AWQ,None
2648@y_name@ASC,Bar,Medium,0.0,0.0,0.0,0.0,0.2,0.0,0.0,0.0,0.0,0.2,0.8,0.0,0.0,False,Qwen/Qwen2.5-VL-7B-Instruct-AWQ,None
2788@x_name@DESC,Bar,Medium,1.0,0.0,0.0,0.0,0.0,0.0,0.0,0.0,1.0,0.0,0.0,0.0,,True,Qwen/Qwen2.5-VL-7B-Instruct-AWQ,None
2788@x_name@DESC,Bar,Medium,1.0,0.0,0.0,0.0,0.0,0.0,0.0,0.0,1.0,0.0,0.0,0.0,,True,Qwen/Qwen2.5-VL-7B-Instruct-AWQ,None
2788@x_name@DESC,Bar,Medium,1.0,0.0,0.0,0.0,0.0,0.0,0.0,0.0,1.0,0.0,0.0,0.0,,True,Qwen/Qwen2.5-VL-7B-Instruct-AWQ,None
2790@x_name@DESC,Bar,Medium,0.0,0.0,0.0,0.0,0.5,0.0,0.0,0.0,0.0,0.5,0.5,0.0,0.0,False,Qwen/Qwen2.5-VL-7B-Instruct-AWQ,None
2790@x_name@DESC,Bar,Medium,0.0,0.0,0.0,0.0,0.5,0.0,0.0,0.0,0.0,0.5,0.5,0.0,0.0,False,Qwen/Qwen2.5-VL-7B-Instruct-AWQ,None
2790@x_name@DESC,Bar,Medium,0.0,0.0,0.0,0.0,0.5,0.0,0.0,0.0,0.0,0.5,0.5,0.0,0.0,False,Qwen/Qwen2.5-VL-7B-Instruct-AWQ,None
2800@y_name@ASC,Bar,Medium,0.0,0.0,0.0,0.0,0.0,0.5,0.0,0.0,0.0,0.5,0.5,0.0,0.0,False,Qwen/Qwen2.5-VL-7B-Instruct-AWQ,None
2800@y_name@ASC,Bar,Medium,0.0,0.0,0.0,0.0,0.0,0.5,0.0,0.0,0.0,0.5,0.5,0.0,0.0,False,Qwen/Qwen2.5-VL-7B-Instruct-AWQ,None
2800@y_name@ASC,Bar,Medium,0.0,0.0,0.0,0.0,0.0,0.5,0.0,0.0,0.0,0.5,0.5,0.0,0.0,False,Qwen/Qwen2.5-VL-7B-Instruct-AWQ,None
298@y_name@DESC,Bar,Hard,0.0,0.0,0.0,0.0,1.0,0.0,0.0,0.0,0.0,1.0,0.0,0.0,,False,Qwen/Qwen2.5-VL-7B-Instruct-AWQ,None
298@y_name@DESC,Bar,Hard,0.0,0.0,0.0,0.0,1.0,0.0,0.0,0.0,0.0,1.0,0.0,0.0,,False,Qwen/Qwen2.5-VL-7B-Instruct-AWQ,None
298@y_name@DESC,Bar,Hard,0.0,0.0,0.0,0.0,1.0,0.0,0.0,0.0,0.0,1.0,0.0,0.0,,False,Qwen/Qwen2.5-VL-7B-Instruct-AWQ,None
303@x_name@DESC,Line,Hard,1.0,0.0,0.0,0.0,0.0,0.0,0.0,0.0,1.0,0.0,0.0,0.0,,False,Qwen/Qwen2.5-VL-7B-Instruct-AWQ,None
303@x_name@DESC,Line,Hard,1.0,0.0,0.0,0.0,0.0,0.0,0.0,0.0,1.0,0.0,0.0,0.0,,False,Qwen/Qwen2.5-VL-7B-Instruct-AWQ,None
303@x_name@DESC,Line,Hard,1.0,0.0,0.0,0.0,0.0,0.0,0.0,0.0,1.0,0.0,0.0,0.0,,False,Qwen/Qwen2.5-VL-7B-Instruct-AWQ,None
317@y_name@DESC,Bar,Medium,0.0,0.0,0.0,0.0,0.0,0.0,0.0,0.0,0.0,0.0,1.0,0.0,0.0,False,Qwen/Qwen2.5-VL-7B-Instruct-AWQ,None
317@y_name@DESC,Bar,Medium,0.0,0.0,0.0,0.0,0.0,0.0,0.0,0.0,0.0,0.0,1.0,0.0,0.0,False,Qwen/Qwen2.5-VL-7B-Instruct-AWQ,None
317@y_name@DESC,Bar,Medium,0.0,0.0,0.0,0.0,0.0,0.0,0.0,0.0,0.0,0.0,1.0,0.0,0.0,False,Qwen/Qwen2.5-VL-7B-Instruct-AWQ,None
330@y_name@ASC,Bar,Hard,1.0,0.0,0.0,0.0,0.0,0.0,0.0,0.0,1.0,0.0,0.0,0.0,,False,Qwen/Qwen2.5-VL-7B-Instruct-AWQ,None
330@y_name@ASC,Bar,Hard,1.0,0.0,0.0,0.0,0.0,0.0,0.0,0.0,1.0,0.0,0.0,0.0,,False,Qwen/Qwen2.5-VL-7B-Instruct-AWQ,None
330@y_name@ASC,Bar,Hard,1.0,0.0,0.0,0.0,0.0,0.0,0.0,0.0,1.0,0.0,0.0,0.0,,False,Qwen/Qwen2.5-VL-7B-Instruct-AWQ,None
339@x_name@DESC,Bar,Medium,0.0,0.0,0.0,0.0,1.0,0.0,0.0,0.0,0.0,1.0,0.0,0.0,,False,Qwen/Qwen2.5-VL-7B-Instruct-AWQ,None
339@x_name@DESC,Bar,Medium,0.0,0.0,0.0,0.0,1.0,0.0,0.0,0.0,0.0,1.0,0.0,0.0,,False,Qwen/Qwen2.5-VL-7B-Instruct-AWQ,None
339@x_name@DESC,Bar,Medium,0.0,0.0,0.0,0.0,1.0,0.0,0.0,0.0,0.0,1.0,0.0,0.0,,False,Qwen/Qwen2.5-VL-7B-Instruct-AWQ,None
349@y_name@DESC,Bar,Hard,0.0,0.0,0.0,0.0,1.0,0.0,0.0,0.0,0.0,1.0,0.0,0.0,,False,Qwen/Qwen2.5-VL-7B-Instruct-AWQ,None
349@y_name@DESC,Bar,Hard,0.0,0.0,0.0,0.0,1.0,0.0,0.0,0.0,0.0,1.0,0.0,0.0,,False,Qwen/Qwen2.5-VL-7B-Instruct-AWQ,None
349@y_name@DESC,Bar,Hard,0.0,0.0,0.0,0.0,1.0,0.0,0.0,0.0,0.0,1.0,0.0,0.0,,False,Qwen/Qwen2.5-VL-7B-Instruct-AWQ,None
2585@x_name@ASC,Bar,Medium,0.0,0.0,0.0,0.0,1.0,0.0,0.0,0.0,0.0,1.0,0.0,0.0,,False,Qwen/Qwen2.5-VL-7B-Instruct-AWQ,None
2585@x_name@ASC,Bar,Medium,0.0,0.0,0.0,0.0,1.0,0.0,0.0,0.0,0.0,1.0,0.0,0.0,,False,Qwen/Qwen2.5-VL-7B-Instruct-AWQ,None
2585@x_name@ASC,Bar,Medium,0.0,0.0,0.0,0.0,1.0,0.0,0.0,0.0,0.0,1.0,0.0,0.0,,False,Qwen/Qwen2.5-VL-7B-Instruct-AWQ,None
2587@y_name@ASC,Bar,Medium,0.0,0.0,0.0,0.0,0.0,0.0,0.0,0.0,0.0,0.0,1.0,0.0,0.0,False,Qwen/Qwen2.5-VL-7B-Instruct-AWQ,None
2587@y_name@ASC,Bar,Medium,0.0,0.0,0.0,0.0,0.0,0.0,0.0,0.0,0.0,0.0,1.0,0.0,0.0,False,Qwen/Qwen2.5-VL-7B-Instruct-AWQ,None
2587@y_name@ASC,Bar,Medium,0.0,0.0,0.0,0.0,0.0,0.0,0.0,0.0,0.0,0.0,1.0,0.0,0.0,False,Qwen/Qwen2.5-VL-7B-Instruct-AWQ,None
927@y_name@ASC,Stacked Bar,Extra Hard,0.0,0.0,0.0,0.0,1.0,0.0,0.0,0.0,0.0,1.0,0.0,0.0,,False,Qwen/Qwen2.5-VL-7B-Instruct-AWQ,None
927@y_name@ASC,Stacked Bar,Extra Hard,0.0,0.0,0.0,0.0,1.0,0.0,0.0,0.0,0.0,1.0,0.0,0.0,,False,Qwen/Qwen2.5-VL-7B-Instruct-AWQ,None
927@y_name@ASC,Stacked Bar,Extra Hard,0.0,0.0,0.0,0.0,1.0,0.0,0.0,0.0,0.0,1.0,0.0,0.0,,False,Qwen/Qwen2.5-VL-7B-Instruct-AWQ,None
932@y_name@DESC,Bar,Medium,0.0,0.0,0.0,0.0,0.0,1.0,0.0,0.0,0.0,1.0,0.0,0.0,,False,Qwen/Qwen2.5-VL-7B-Instruct-AWQ,None
932@y_name@DESC,Bar,Medium,0.0,0.0,0.0,0.0,0.0,1.0,0.0,0.0,0.0,1.0,0.0,0.0,,False,Qwen/Qwen2.5-VL-7B-Instruct-AWQ,None
932@y_name@DESC,Bar,Medium,0.0,0.0,0.0,0.0,0.0,1.0,0.0,0.0,0.0,1.0,0.0,0.0,,False,Qwen/Qwen2.5-VL-7B-Instruct-AWQ,None
942@x_name@DESC,Grouping Line,Extra Hard,0.0,0.0,0.0,0.0,1.0,0.0,0.0,0.0,0.0,1.0,0.0,0.0,,False,Qwen/Qwen2.5-VL-7B-Instruct-AWQ,None
942@x_name@DESC,Grouping Line,Extra Hard,0.0,0.0,0.0,0.0,1.0,0.0,0.0,0.0,0.0,1.0,0.0,0.0,,False,Qwen/Qwen2.5-VL-7B-Instruct-AWQ,None
942@x_name@DESC,Grouping Line,Extra Hard,0.0,0.0,0.0,0.0,1.0,0.0,0.0,0.0,0.0,1.0,0.0,0.0,,False,Qwen/Qwen2.5-VL-7B-Instruct-AWQ,None
988@x_name@DESC,Bar,Hard,1.0,0.0,0.0,0.0,0.0,0.0,0.0,0.0,1.0,0.0,0.0,0.0,,True,Qwen/Qwen2.5-VL-7B-Instruct-AWQ,None
988@x_name@DESC,Bar,Hard,1.0,0.0,0.0,0.0,0.0,0.0,0.0,0.0,1.0,0.0,0.0,0.0,,True,Qwen/Qwen2.5-VL-7B-Instruct-AWQ,None
988@x_name@DESC,Bar,Hard,1.0,0.0,0.0,0.0,0.0,0.0,0.0,0.0,1.0,0.0,0.0,0.0,,True,Qwen/Qwen2.5-VL-7B-Instruct-AWQ,None
1099@x_name@ASC,Bar,Easy,0.0,0.0,0.0,0.0,0.0,1.0,0.0,0.0,0.0,1.0,0.0,0.0,,False,Qwen/Qwen2.5-VL-7B-Instruct-AWQ,None
1099@x_name@ASC,Bar,Easy,0.0,0.0,0.0,0.0,0.0,1.0,0.0,0.0,0.0,1.0,0.0,0.0,,False,Qwen/Qwen2.5-VL-7B-Instruct-AWQ,None
1099@x_name@ASC,Bar,Easy,0.0,0.0,0.0,0.0,0.0,1.0,0.0,0.0,0.0,1.0,0.0,0.0,,False,Qwen/Qwen2.5-VL-7B-Instruct-AWQ,None
1100@x_name@ASC,Line,Medium,0.0,0.0,0.0,0.0,0.0,0.0,0.0,0.0,0.0,0.0,1.0,0.0,0.0,False,Qwen/Qwen2.5-VL-7B-Instruct-AWQ,None
1100@x_name@ASC,Line,Medium,0.0,0.0,0.0,0.0,0.0,0.0,0.0,0.0,0.0,0.0,1.0,0.0,0.0,False,Qwen/Qwen2.5-VL-7B-Instruct-AWQ,None
1100@x_name@ASC,Line,Medium,0.0,0.0,0.0,0.0,0.0,0.0,0.0,0.0,0.0,0.0,1.0,0.0,0.0,False,Qwen/Qwen2.5-VL-7B-Instruct-AWQ,None
1101@x_name@ASC,Line,Medium,0.5,0.0,0.0,0.0,0.0,0.0,0.0,0.0,0.5,0.0,0.5,0.0,0.0,False,Qwen/Qwen2.5-VL-7B-Instruct-AWQ,None
1101@x_name@ASC,Line,Medium,0.5,0.0,0.0,0.0,0.0,0.0,0.0,0.0,0.5,0.0,0.5,0.0,0.0,False,Qwen/Qwen2.5-VL-7B-Instruct-AWQ,None
1101@x_name@ASC,Line,Medium,0.5,0.0,0.0,0.0,0.0,0.0,0.0,0.0,0.5,0.0,0.5,0.0,0.0,False,Qwen/Qwen2.5-VL-7B-Instruct-AWQ,None
1105@y_name@ASC,Bar,Extra Hard,1.0,0.0,0.0,0.0,0.0,0.0,0.0,0.0,1.0,0.0,0.0,0.0,,True,Qwen/Qwen2.5-VL-7B-Instruct-AWQ,None
1105@y_name@ASC,Bar,Extra Hard,1.0,0.0,0.0,0.0,0.0,0.0,0.0,0.0,1.0,0.0,0.0,0.0,,True,Qwen/Qwen2.5-VL-7B-Instruct-AWQ,None
1105@y_name@ASC,Bar,Extra Hard,1.0,0.0,0.0,0.0,0.0,0.0,0.0,0.0,1.0,0.0,0.0,0.0,,True,Qwen/Qwen2.5-VL-7B-Instruct-AWQ,None
1112@x_name@DESC,Bar,Medium,0.0,0.0,0.0,0.0,0.0,1.0,0.0,0.0,0.0,1.0,0.0,0.0,,False,Qwen/Qwen2.5-VL-7B-Instruct-AWQ,None
1112@x_name@DESC,Bar,Medium,0.0,0.0,0.0,0.0,0.0,1.0,0.0,0.0,0.0,1.0,0.0,0.0,,False,Qwen/Qwen2.5-VL-7B-Instruct-AWQ,None
1112@x_name@DESC,Bar,Medium,0.0,0.0,0.0,0.0,0.0,1.0,0.0,0.0,0.0,1.0,0.0,0.0,,False,Qwen/Qwen2.5-VL-7B-Instruct-AWQ,None
2475@y_name@DESC,Bar,Hard,0.0,0.0,0.0,0.0,1.0,0.0,0.0,0.0,0.0,1.0,0.0,0.0,,True,Qwen/Qwen2.5-VL-7B-Instruct-AWQ,None
2475@y_name@DESC,Bar,Hard,0.0,0.0,0.0,0.0,1.0,0.0,0.0,0.0,0.0,1.0,0.0,0.0,,True,Qwen/Qwen2.5-VL-7B-Instruct-AWQ,None
2475@y_name@DESC,Bar,Hard,0.0,0.0,0.0,0.0,1.0,0.0,0.0,0.0,0.0,1.0,0.0,0.0,,True,Qwen/Qwen2.5-VL-7B-Instruct-AWQ,None
2486@x_name@DESC,Bar,Medium,0.3333333333333333,0.0,0.0,0.0,0.0,0.6666666666666666,0.0,0.0,0.3333333333333333,0.6666666666666666,0.0,0.0,,False,Qwen/Qwen2.5-VL-7B-Instruct-AWQ,None
2486@x_name@DESC,Bar,Medium,0.3333333333333333,0.0,0.0,0.0,0.0,0.6666666666666666,0.0,0.0,0.3333333333333333,0.6666666666666666,0.0,0.0,,False,Qwen/Qwen2.5-VL-7B-Instruct-AWQ,None
2486@x_name@DESC,Bar,Medium,0.3333333333333333,0.0,0.0,0.0,0.0,0.6666666666666666,0.0,0.0,0.3333333333333333,0.6666666666666666,0.0,0.0,,False,Qwen/Qwen2.5-VL-7B-Instruct-AWQ,None
2488@y_name@DESC,Bar,Medium,0.0,0.0,0.0,0.0,0.5,0.0,0.0,0.0,0.0,0.5,0.5,0.0,0.0,False,Qwen/Qwen2.5-VL-7B-Instruct-AWQ,None
2488@y_name@DESC,Bar,Medium,0.0,0.0,0.0,0.0,0.5,0.0,0.0,0.0,0.0,0.5,0.5,0.0,0.0,False,Qwen/Qwen2.5-VL-7B-Instruct-AWQ,None
2488@y_name@DESC,Bar,Medium,0.0,0.0,0.0,0.0,0.5,0.0,0.0,0.0,0.0,0.5,0.5,0.0,0.0,False,Qwen/Qwen2.5-VL-7B-Instruct-AWQ,None
2493@y_name@DESC,Bar,Hard,0.0,0.0,0.0,0.0,0.0,0.0,0.0,0.0,0.0,0.0,1.0,0.0,0.0,True,Qwen/Qwen2.5-VL-7B-Instruct-AWQ,None
2493@y_name@DESC,Bar,Hard,0.0,0.0,0.0,0.0,0.0,0.0,0.0,0.0,0.0,0.0,1.0,0.0,0.0,True,Qwen/Qwen2.5-VL-7B-Instruct-AWQ,None
2493@y_name@DESC,Bar,Hard,0.0,0.0,0.0,0.0,0.0,0.0,0.0,0.0,0.0,0.0,1.0,0.0,0.0,True,Qwen/Qwen2.5-VL-7B-Instruct-AWQ,None
3058@y_name@ASC,Bar,Medium,0.0,0.0,0.0,0.0,0.0,0.0,0.0,0.0,0.0,0.0,1.0,0.0,0.0,False,Qwen/Qwen2.5-VL-7B-Instruct-AWQ,None
3058@y_name@ASC,Bar,Medium,0.0,0.0,0.0,0.0,0.0,0.0,0.0,0.0,0.0,0.0,1.0,0.0,0.0,False,Qwen/Qwen2.5-VL-7B-Instruct-AWQ,None
3058@y_name@ASC,Bar,Medium,0.0,0.0,0.0,0.0,0.0,0.0,0.0,0.0,0.0,0.0,1.0,0.0,0.0,False,Qwen/Qwen2.5-VL-7B-Instruct-AWQ,None
2421@y_name@DESC,Bar,Medium,0.0,0.0,0.0,0.0,0.0,0.0,0.0,0.0,0.0,0.0,1.0,0.0,0.0,False,Qwen/Qwen2.5-VL-7B-Instruct-AWQ,None
2421@y_name@DESC,Bar,Medium,0.0,0.0,0.0,0.0,0.0,0.0,0.0,0.0,0.0,0.0,1.0,0.0,0.0,False,Qwen/Qwen2.5-VL-7B-Instruct-AWQ,None
2421@y_name@DESC,Bar,Medium,0.0,0.0,0.0,0.0,0.0,0.0,0.0,0.0,0.0,0.0,1.0,0.0,0.0,False,Qwen/Qwen2.5-VL-7B-Instruct-AWQ,None
2423@y_name@DESC,Bar,Medium,0.25,0.0,0.0,0.0,0.0,0.0,0.0,0.0,0.25,0.0,0.75,0.0,0.0,False,Qwen/Qwen2.5-VL-7B-Instruct-AWQ,None
2423@y_name@DESC,Bar,Medium,0.25,0.0,0.0,0.0,0.0,0.0,0.0,0.0,0.25,0.0,0.75,0.0,0.0,False,Qwen/Qwen2.5-VL-7B-Instruct-AWQ,None
2423@y_name@DESC,Bar,Medium,0.25,0.0,0.0,0.0,0.0,0.0,0.0,0.0,0.25,0.0,0.75,0.0,0.0,False,Qwen/Qwen2.5-VL-7B-Instruct-AWQ,None
2430@y_name@ASC,Bar,Extra Hard,0.0,0.0,0.0,0.0,1.0,0.0,0.0,0.0,0.0,1.0,0.0,0.0,,True,Qwen/Qwen2.5-VL-7B-Instruct-AWQ,None
2430@y_name@ASC,Bar,Extra Hard,0.0,0.0,0.0,0.0,1.0,0.0,0.0,0.0,0.0,1.0,0.0,0.0,,True,Qwen/Qwen2.5-VL-7B-Instruct-AWQ,None
2430@y_name@ASC,Bar,Extra Hard,0.0,0.0,0.0,0.0,1.0,0.0,0.0,0.0,0.0,1.0,0.0,0.0,,True,Qwen/Qwen2.5-VL-7B-Instruct-AWQ,None
2859@y_name@ASC,Bar,Hard,0.5,0.0,0.0,0.25,0.5,0.0,0.0,0.0,0.5,0.5,0.0,0.0,,True,Qwen/Qwen2.5-VL-7B-Instruct-AWQ,None
2859@y_name@ASC,Bar,Hard,0.5,0.0,0.0,0.25,0.5,0.0,0.0,0.0,0.5,0.5,0.0,0.0,,True,Qwen/Qwen2.5-VL-7B-Instruct-AWQ,None
2859@y_name@ASC,Bar,Hard,0.5,0.0,0.0,0.25,0.5,0.0,0.0,0.0,0.5,0.5,0.0,0.0,,True,Qwen/Qwen2.5-VL-7B-Instruct-AWQ,None
2860@x_name@DESC,Bar,Medium,1.0,0.0,0.0,0.0,0.0,0.0,0.0,0.0,1.0,0.0,0.0,0.0,,False,Qwen/Qwen2.5-VL-7B-Instruct-AWQ,None
2860@x_name@DESC,Bar,Medium,1.0,0.0,0.0,0.0,0.0,0.0,0.0,0.0,1.0,0.0,0.0,0.0,,False,Qwen/Qwen2.5-VL-7B-Instruct-AWQ,None
2860@x_name@DESC,Bar,Medium,1.0,0.0,0.0,0.0,0.0,0.0,0.0,0.0,1.0,0.0,0.0,0.0,,False,Qwen/Qwen2.5-VL-7B-Instruct-AWQ,None
2862@x_name@ASC,Bar,Medium,0.0,0.0,0.0,0.0,0.0,0.0,0.0,0.0,0.0,0.0,1.0,0.0,0.0,False,Qwen/Qwen2.5-VL-7B-Instruct-AWQ,None
2862@x_name@ASC,Bar,Medium,0.0,0.0,0.0,0.0,0.0,0.0,0.0,0.0,0.0,0.0,1.0,0.0,0.0,False,Qwen/Qwen2.5-VL-7B-Instruct-AWQ,None
2862@x_name@ASC,Bar,Medium,0.0,0.0,0.0,0.0,0.0,0.0,0.0,0.0,0.0,0.0,1.0,0.0,0.0,False,Qwen/Qwen2.5-VL-7B-Instruct-AWQ,None
2497@y_name@DESC,Bar,Hard,0.5,0.0,0.0,0.0,0.5,0.0,0.0,0.0,0.5,0.5,0.0,0.0,,False,Qwen/Qwen2.5-VL-7B-Instruct-AWQ,None
2497@y_name@DESC,Bar,Hard,0.5,0.0,0.0,0.0,0.5,0.0,0.0,0.0,0.5,0.5,0.0,0.0,,False,Qwen/Qwen2.5-VL-7B-Instruct-AWQ,None
2497@y_name@DESC,Bar,Hard,0.5,0.0,0.0,0.0,0.5,0.0,0.0,0.0,0.5,0.5,0.0,0.0,,False,Qwen/Qwen2.5-VL-7B-Instruct-AWQ,None
2507@y_name@ASC,Bar,Medium,0.0,0.0,0.0,0.0,0.0,0.0,0.0,0.0,0.0,0.0,1.0,0.0,0.0,False,Qwen/Qwen2.5-VL-7B-Instruct-AWQ,None
2507@y_name@ASC,Bar,Medium,0.0,0.0,0.0,0.0,0.0,0.0,0.0,0.0,0.0,0.0,1.0,0.0,0.0,False,Qwen/Qwen2.5-VL-7B-Instruct-AWQ,None
2507@y_name@ASC,Bar,Medium,0.0,0.0,0.0,0.0,0.0,0.0,0.0,0.0,0.0,0.0,1.0,0.0,0.0,False,Qwen/Qwen2.5-VL-7B-Instruct-AWQ,None
2735@x_name@DESC,Bar,Hard,0.0,0.0,0.0,0.0,1.0,0.0,0.0,0.0,0.0,1.0,0.0,0.0,,False,Qwen/Qwen2.5-VL-7B-Instruct-AWQ,None
2735@x_name@DESC,Bar,Hard,0.0,0.0,0.0,0.0,1.0,0.0,0.0,0.0,0.0,1.0,0.0,0.0,,False,Qwen/Qwen2.5-VL-7B-Instruct-AWQ,None
2735@x_name@DESC,Bar,Hard,0.0,0.0,0.0,0.0,1.0,0.0,0.0,0.0,0.0,1.0,0.0,0.0,,False,Qwen/Qwen2.5-VL-7B-Instruct-AWQ,None
2737@y_name@DESC,Bar,Hard,0.0,0.0,0.0,0.0,0.0,0.0,0.0,0.0,0.0,0.0,1.0,0.0,0.0,False,Qwen/Qwen2.5-VL-7B-Instruct-AWQ,None
2737@y_name@DESC,Bar,Hard,0.0,0.0,0.0,0.0,0.0,0.0,0.0,0.0,0.0,0.0,1.0,0.0,0.0,False,Qwen/Qwen2.5-VL-7B-Instruct-AWQ,None
2737@y_name@DESC,Bar,Hard,0.0,0.0,0.0,0.0,0.0,0.0,0.0,0.0,0.0,0.0,1.0,0.0,0.0,False,Qwen/Qwen2.5-VL-7B-Instruct-AWQ,None
2739@x_name@ASC,Bar,Medium,0.0,0.0,0.0,0.0,0.0,0.0,0.0,0.0,0.0,0.0,1.0,0.0,0.0,False,Qwen/Qwen2.5-VL-7B-Instruct-AWQ,None
2739@x_name@ASC,Bar,Medium,0.0,0.0,0.0,0.0,0.0,0.0,0.0,0.0,0.0,0.0,1.0,0.0,0.0,False,Qwen/Qwen2.5-VL-7B-Instruct-AWQ,None
2739@x_name@ASC,Bar,Medium,0.0,0.0,0.0,0.0,0.0,0.0,0.0,0.0,0.0,0.0,1.0,0.0,0.0,False,Qwen/Qwen2.5-VL-7B-Instruct-AWQ,None
2740@y_name@DESC,Bar,Medium,0.0,0.0,0.0,0.0,0.0,0.0,0.0,0.0,0.0,0.0,1.0,0.0,0.0,False,Qwen/Qwen2.5-VL-7B-Instruct-AWQ,None
2740@y_name@DESC,Bar,Medium,0.0,0.0,0.0,0.0,0.0,0.0,0.0,0.0,0.0,0.0,1.0,0.0,0.0,False,Qwen/Qwen2.5-VL-7B-Instruct-AWQ,None
2740@y_name@DESC,Bar,Medium,0.0,0.0,0.0,0.0,0.0,0.0,0.0,0.0,0.0,0.0,1.0,0.0,0.0,False,Qwen/Qwen2.5-VL-7B-Instruct-AWQ,None
2747@x_name@DESC,Bar,Medium,0.0,0.0,0.0,0.0,0.0,0.0,0.0,0.0,0.0,0.0,1.0,0.0,0.0,False,Qwen/Qwen2.5-VL-7B-Instruct-AWQ,None
2747@x_name@DESC,Bar,Medium,0.0,0.0,0.0,0.0,0.0,0.0,0.0,0.0,0.0,0.0,1.0,0.0,0.0,False,Qwen/Qwen2.5-VL-7B-Instruct-AWQ,None
2747@x_name@DESC,Bar,Medium,0.0,0.0,0.0,0.0,0.0,0.0,0.0,0.0,0.0,0.0,1.0,0.0,0.0,False,Qwen/Qwen2.5-VL-7B-Instruct-AWQ,None
2751@x_name@ASC,Bar,Medium,0.0,0.0,0.0,0.0,0.0,0.0,0.0,0.0,0.0,0.0,1.0,0.0,0.0,False,Qwen/Qwen2.5-VL-7B-Instruct-AWQ,None
2751@x_name@ASC,Bar,Medium,0.0,0.0,0.0,0.0,0.0,0.0,0.0,0.0,0.0,0.0,1.0,0.0,0.0,False,Qwen/Qwen2.5-VL-7B-Instruct-AWQ,None
2751@x_name@ASC,Bar,Medium,0.0,0.0,0.0,0.0,0.0,0.0,0.0,0.0,0.0,0.0,1.0,0.0,0.0,False,Qwen/Qwen2.5-VL-7B-Instruct-AWQ,None
2753@y_name@DESC,Bar,Medium,0.0,0.0,0.0,0.0,0.0,0.0,0.0,0.0,0.0,0.0,1.0,0.0,0.0,False,Qwen/Qwen2.5-VL-7B-Instruct-AWQ,None
2753@y_name@DESC,Bar,Medium,0.0,0.0,0.0,0.0,0.0,0.0,0.0,0.0,0.0,0.0,1.0,0.0,0.0,False,Qwen/Qwen2.5-VL-7B-Instruct-AWQ,None
2753@y_name@DESC,Bar,Medium,0.0,0.0,0.0,0.0,0.0,0.0,0.0,0.0,0.0,0.0,1.0,0.0,0.0,False,Qwen/Qwen2.5-VL-7B-Instruct-AWQ,None
2803@y_name@ASC,Bar,Hard,0.0,0.0,0.0,0.0,0.0,0.0,0.0,0.0,0.0,0.0,1.0,0.0,0.0,True,Qwen/Qwen2.5-VL-7B-Instruct-AWQ,None
2803@y_name@ASC,Bar,Hard,0.0,0.0,0.0,0.0,0.0,0.0,0.0,0.0,0.0,0.0,1.0,0.0,0.0,True,Qwen/Qwen2.5-VL-7B-Instruct-AWQ,None
2803@y_name@ASC,Bar,Hard,0.0,0.0,0.0,0.0,0.0,0.0,0.0,0.0,0.0,0.0,1.0,0.0,0.0,True,Qwen/Qwen2.5-VL-7B-Instruct-AWQ,None
2805@y_name@ASC,Bar,Hard,0.0,0.0,0.0,0.0,0.0,0.0,0.0,0.0,0.0,0.0,1.0,0.0,0.0,False,Qwen/Qwen2.5-VL-7B-Instruct-AWQ,None
2805@y_name@ASC,Bar,Hard,0.0,0.0,0.0,0.0,0.0,0.0,0.0,0.0,0.0,0.0,1.0,0.0,0.0,False,Qwen/Qwen2.5-VL-7B-Instruct-AWQ,None
2805@y_name@ASC,Bar,Hard,0.0,0.0,0.0,0.0,0.0,0.0,0.0,0.0,0.0,0.0,1.0,0.0,0.0,False,Qwen/Qwen2.5-VL-7B-Instruct-AWQ,None
2811@x_name@ASC,Bar,Medium,0.0,0.0,0.0,0.0,0.0,0.5,0.0,0.0,0.0,0.5,0.5,0.0,0.0,False,Qwen/Qwen2.5-VL-7B-Instruct-AWQ,None
2811@x_name@ASC,Bar,Medium,0.0,0.0,0.0,0.0,0.0,0.5,0.0,0.0,0.0,0.5,0.5,0.0,0.0,False,Qwen/Qwen2.5-VL-7B-Instruct-AWQ,None
2811@x_name@ASC,Bar,Medium,0.0,0.0,0.0,0.0,0.0,0.5,0.0,0.0,0.0,0.5,0.5,0.0,0.0,False,Qwen/Qwen2.5-VL-7B-Instruct-AWQ,None
2621@y_name@DESC,Bar,Extra Hard,1.0,0.0,0.0,0.0,0.0,0.0,0.0,0.0,1.0,0.0,0.0,0.0,,True,Qwen/Qwen2.5-VL-7B-Instruct-AWQ,None
2621@y_name@DESC,Bar,Extra Hard,1.0,0.0,0.0,0.0,0.0,0.0,0.0,0.0,1.0,0.0,0.0,0.0,,True,Qwen/Qwen2.5-VL-7B-Instruct-AWQ,None
2621@y_name@DESC,Bar,Extra Hard,1.0,0.0,0.0,0.0,0.0,0.0,0.0,0.0,1.0,0.0,0.0,0.0,,True,Qwen/Qwen2.5-VL-7B-Instruct-AWQ,None
1163@y_name@ASC,Bar,Hard,0.0,0.0,0.0,1.0,1.0,0.0,0.0,0.0,0.0,1.0,0.0,0.0,,True,Qwen/Qwen2.5-VL-7B-Instruct-AWQ,None
1163@y_name@ASC,Bar,Hard,0.0,0.0,0.0,1.0,1.0,0.0,0.0,0.0,0.0,1.0,0.0,0.0,,True,Qwen/Qwen2.5-VL-7B-Instruct-AWQ,None
1163@y_name@ASC,Bar,Hard,0.0,0.0,0.0,1.0,1.0,0.0,0.0,0.0,0.0,1.0,0.0,0.0,,True,Qwen/Qwen2.5-VL-7B-Instruct-AWQ,None
1164@y_name@ASC,Bar,Hard,0.0,0.0,0.0,0.0,0.0,0.5,0.0,0.0,0.0,0.5,0.5,0.0,0.0,True,Qwen/Qwen2.5-VL-7B-Instruct-AWQ,None
1164@y_name@ASC,Bar,Hard,0.0,0.0,0.0,0.0,0.0,0.5,0.0,0.0,0.0,0.5,0.5,0.0,0.0,True,Qwen/Qwen2.5-VL-7B-Instruct-AWQ,None
1164@y_name@ASC,Bar,Hard,0.0,0.0,0.0,0.0,0.0,0.5,0.0,0.0,0.0,0.5,0.5,0.0,0.0,True,Qwen/Qwen2.5-VL-7B-Instruct-AWQ,None
1165@x_name@DESC,Line,Hard,0.0,0.0,0.0,0.0,0.0,0.0,0.0,0.0,0.0,0.0,1.0,0.0,0.0,True,Qwen/Qwen2.5-VL-7B-Instruct-AWQ,None
1165@x_name@DESC,Line,Hard,0.0,0.0,0.0,0.0,0.0,0.0,0.0,0.0,0.0,0.0,1.0,0.0,0.0,True,Qwen/Qwen2.5-VL-7B-Instruct-AWQ,None
1165@x_name@DESC,Line,Hard,0.0,0.0,0.0,0.0,0.0,0.0,0.0,0.0,0.0,0.0,1.0,0.0,0.0,True,Qwen/Qwen2.5-VL-7B-Instruct-AWQ,None
1166@y_name@ASC,Bar,Hard,0.5,0.0,0.0,0.0,0.5,0.0,0.0,0.0,0.5,0.5,0.0,0.0,,True,Qwen/Qwen2.5-VL-7B-Instruct-AWQ,None
1166@y_name@ASC,Bar,Hard,0.5,0.0,0.0,0.0,0.5,0.0,0.0,0.0,0.5,0.5,0.0,0.0,,True,Qwen/Qwen2.5-VL-7B-Instruct-AWQ,None
1166@y_name@ASC,Bar,Hard,0.5,0.0,0.0,0.0,0.5,0.0,0.0,0.0,0.5,0.5,0.0,0.0,,True,Qwen/Qwen2.5-VL-7B-Instruct-AWQ,None
1167@y_name@ASC,Bar,Medium,0.0,0.0,0.0,0.0,1.0,0.0,0.0,0.0,0.0,1.0,0.0,0.0,,False,Qwen/Qwen2.5-VL-7B-Instruct-AWQ,None
1167@y_name@ASC,Bar,Medium,0.0,0.0,0.0,0.0,1.0,0.0,0.0,0.0,0.0,1.0,0.0,0.0,,False,Qwen/Qwen2.5-VL-7B-Instruct-AWQ,None
1167@y_name@ASC,Bar,Medium,0.0,0.0,0.0,0.0,1.0,0.0,0.0,0.0,0.0,1.0,0.0,0.0,,False,Qwen/Qwen2.5-VL-7B-Instruct-AWQ,None
1169@y_name@DESC,Bar,Medium,0.0,0.0,0.0,0.0,0.5,0.0,0.0,0.0,0.0,0.5,0.5,0.0,0.0,False,Qwen/Qwen2.5-VL-7B-Instruct-AWQ,None
1169@y_name@DESC,Bar,Medium,0.0,0.0,0.0,0.0,0.5,0.0,0.0,0.0,0.0,0.5,0.5,0.0,0.0,False,Qwen/Qwen2.5-VL-7B-Instruct-AWQ,None
1169@y_name@DESC,Bar,Medium,0.0,0.0,0.0,0.0,0.5,0.0,0.0,0.0,0.0,0.5,0.5,0.0,0.0,False,Qwen/Qwen2.5-VL-7B-Instruct-AWQ,None
1181@y_name@DESC,Bar,Medium,0.5,0.0,0.0,0.0,0.0,0.0,0.0,0.0,0.5,0.0,0.5,0.0,0.0,False,Qwen/Qwen2.5-VL-7B-Instruct-AWQ,None
1181@y_name@DESC,Bar,Medium,0.5,0.0,0.0,0.0,0.0,0.0,0.0,0.0,0.5,0.0,0.5,0.0,0.0,False,Qwen/Qwen2.5-VL-7B-Instruct-AWQ,None
1181@y_name@DESC,Bar,Medium,0.5,0.0,0.0,0.0,0.0,0.0,0.0,0.0,0.5,0.0,0.5,0.0,0.0,False,Qwen/Qwen2.5-VL-7B-Instruct-AWQ,None
1184@y_name@ASC,Bar,Medium,0.0,0.0,0.0,0.0,0.0,1.0,0.0,0.0,0.0,1.0,0.0,0.0,,False,Qwen/Qwen2.5-VL-7B-Instruct-AWQ,None
1184@y_name@ASC,Bar,Medium,0.0,0.0,0.0,0.0,0.0,1.0,0.0,0.0,0.0,1.0,0.0,0.0,,False,Qwen/Qwen2.5-VL-7B-Instruct-AWQ,None
1184@y_name@ASC,Bar,Medium,0.0,0.0,0.0,0.0,0.0,1.0,0.0,0.0,0.0,1.0,0.0,0.0,,False,Qwen/Qwen2.5-VL-7B-Instruct-AWQ,None
1185@y_name@DESC,Bar,Medium,0.0,0.0,0.0,0.0,0.0,1.0,0.0,0.0,0.0,1.0,0.0,0.0,,False,Qwen/Qwen2.5-VL-7B-Instruct-AWQ,None
1185@y_name@DESC,Bar,Medium,0.0,0.0,0.0,0.0,0.0,1.0,0.0,0.0,0.0,1.0,0.0,0.0,,False,Qwen/Qwen2.5-VL-7B-Instruct-AWQ,None
1185@y_name@DESC,Bar,Medium,0.0,0.0,0.0,0.0,0.0,1.0,0.0,0.0,0.0,1.0,0.0,0.0,,False,Qwen/Qwen2.5-VL-7B-Instruct-AWQ,None
1190@y_name@ASC,Bar,Hard,0.5,0.0,0.0,0.0,0.5,0.0,0.0,0.0,0.5,0.5,0.0,0.0,,True,Qwen/Qwen2.5-VL-7B-Instruct-AWQ,None
1190@y_name@ASC,Bar,Hard,0.5,0.0,0.0,0.0,0.5,0.0,0.0,0.0,0.5,0.5,0.0,0.0,,True,Qwen/Qwen2.5-VL-7B-Instruct-AWQ,None
1190@y_name@ASC,Bar,Hard,0.5,0.0,0.0,0.0,0.5,0.0,0.0,0.0,0.5,0.5,0.0,0.0,,True,Qwen/Qwen2.5-VL-7B-Instruct-AWQ,None
1197@x_name@ASC,Bar,Hard,0.5,0.0,0.0,0.0,0.0,0.0,0.0,0.0,0.5,0.0,0.5,0.0,0.0,True,Qwen/Qwen2.5-VL-7B-Instruct-AWQ,None
1197@x_name@ASC,Bar,Hard,0.5,0.0,0.0,0.0,0.0,0.0,0.0,0.0,0.5,0.0,0.5,0.0,0.0,True,Qwen/Qwen2.5-VL-7B-Instruct-AWQ,None
1197@x_name@ASC,Bar,Hard,0.5,0.0,0.0,0.0,0.0,0.0,0.0,0.0,0.5,0.0,0.5,0.0,0.0,True,Qwen/Qwen2.5-VL-7B-Instruct-AWQ,None
1200@y_name@ASC,Bar,Hard,0.5,0.0,0.5,0.0,0.0,0.0,0.0,0.0,0.5,0.5,0.0,0.0,,True,Qwen/Qwen2.5-VL-7B-Instruct-AWQ,None
1200@y_name@ASC,Bar,Hard,0.5,0.0,0.5,0.0,0.0,0.0,0.0,0.0,0.5,0.5,0.0,0.0,,True,Qwen/Qwen2.5-VL-7B-Instruct-AWQ,None
1200@y_name@ASC,Bar,Hard,0.5,0.0,0.5,0.0,0.0,0.0,0.0,0.0,0.5,0.5,0.0,0.0,,True,Qwen/Qwen2.5-VL-7B-Instruct-AWQ,None
2075@y_name@DESC,Bar,Extra Hard,0.0,0.0,0.0,0.0,1.0,0.0,0.0,0.0,0.0,1.0,0.0,0.0,,True,Qwen/Qwen2.5-VL-7B-Instruct-AWQ,None
2075@y_name@DESC,Bar,Extra Hard,0.0,0.0,0.0,0.0,1.0,0.0,0.0,0.0,0.0,1.0,0.0,0.0,,True,Qwen/Qwen2.5-VL-7B-Instruct-AWQ,None
2075@y_name@DESC,Bar,Extra Hard,0.0,0.0,0.0,0.0,1.0,0.0,0.0,0.0,0.0,1.0,0.0,0.0,,True,Qwen/Qwen2.5-VL-7B-Instruct-AWQ,None
2079@y_name@DESC,Bar,Medium,0.0,0.0,0.0,0.0,0.0,1.0,0.0,0.0,0.0,1.0,0.0,0.0,,False,Qwen/Qwen2.5-VL-7B-Instruct-AWQ,None
2079@y_name@DESC,Bar,Medium,0.0,0.0,0.0,0.0,0.0,1.0,0.0,0.0,0.0,1.0,0.0,0.0,,False,Qwen/Qwen2.5-VL-7B-Instruct-AWQ,None
2079@y_name@DESC,Bar,Medium,0.0,0.0,0.0,0.0,0.0,1.0,0.0,0.0,0.0,1.0,0.0,0.0,,False,Qwen/Qwen2.5-VL-7B-Instruct-AWQ,None
2087@y_name@DESC,Bar,Medium,0.0,0.0,0.0,0.0,0.0,0.0,0.0,0.0,0.0,0.0,1.0,0.0,0.0,False,Qwen/Qwen2.5-VL-7B-Instruct-AWQ,None
2087@y_name@DESC,Bar,Medium,0.0,0.0,0.0,0.0,0.0,0.0,0.0,0.0,0.0,0.0,1.0,0.0,0.0,False,Qwen/Qwen2.5-VL-7B-Instruct-AWQ,None
2087@y_name@DESC,Bar,Medium,0.0,0.0,0.0,0.0,0.0,0.0,0.0,0.0,0.0,0.0,1.0,0.0,0.0,False,Qwen/Qwen2.5-VL-7B-Instruct-AWQ,None
2088@x_name@ASC,Bar,Hard,1.0,0.0,0.0,0.0,0.0,0.0,0.0,0.0,1.0,0.0,0.0,0.0,,True,Qwen/Qwen2.5-VL-7B-Instruct-AWQ,None
2088@x_name@ASC,Bar,Hard,1.0,0.0,0.0,0.0,0.0,0.0,0.0,0.0,1.0,0.0,0.0,0.0,,True,Qwen/Qwen2.5-VL-7B-Instruct-AWQ,None
2088@x_name@ASC,Bar,Hard,1.0,0.0,0.0,0.0,0.0,0.0,0.0,0.0,1.0,0.0,0.0,0.0,,True,Qwen/Qwen2.5-VL-7B-Instruct-AWQ,None
2097@y_name@DESC,Bar,Hard,1.0,0.0,0.0,0.0,0.0,0.0,0.0,0.0,1.0,0.0,0.0,0.0,,True,Qwen/Qwen2.5-VL-7B-Instruct-AWQ,None
2097@y_name@DESC,Bar,Hard,1.0,0.0,0.0,0.0,0.0,0.0,0.0,0.0,1.0,0.0,0.0,0.0,,True,Qwen/Qwen2.5-VL-7B-Instruct-AWQ,None
2097@y_name@DESC,Bar,Hard,1.0,0.0,0.0,0.0,0.0,0.0,0.0,0.0,1.0,0.0,0.0,0.0,,True,Qwen/Qwen2.5-VL-7B-Instruct-AWQ,None
2102@y_name@DESC,Bar,Hard,0.0,0.0,0.0,0.0,1.0,0.0,0.0,0.0,0.0,1.0,0.0,0.0,,True,Qwen/Qwen2.5-VL-7B-Instruct-AWQ,None
2102@y_name@DESC,Bar,Hard,0.0,0.0,0.0,0.0,1.0,0.0,0.0,0.0,0.0,1.0,0.0,0.0,,True,Qwen/Qwen2.5-VL-7B-Instruct-AWQ,None
2102@y_name@DESC,Bar,Hard,0.0,0.0,0.0,0.0,1.0,0.0,0.0,0.0,0.0,1.0,0.0,0.0,,True,Qwen/Qwen2.5-VL-7B-Instruct-AWQ,None
2109@y_name@ASC,Bar,Medium,0.0,0.0,0.0,0.0,0.3333333333333333,0.6666666666666666,0.0,0.0,0.0,1.0,0.0,0.0,,False,Qwen/Qwen2.5-VL-7B-Instruct-AWQ,None
2109@y_name@ASC,Bar,Medium,0.0,0.0,0.0,0.0,0.3333333333333333,0.6666666666666666,0.0,0.0,0.0,1.0,0.0,0.0,,False,Qwen/Qwen2.5-VL-7B-Instruct-AWQ,None
2109@y_name@ASC,Bar,Medium,0.0,0.0,0.0,0.0,0.3333333333333333,0.6666666666666666,0.0,0.0,0.0,1.0,0.0,0.0,,False,Qwen/Qwen2.5-VL-7B-Instruct-AWQ,None
907@x_name@ASC,Bar,Medium,0.0,0.0,0.0,0.0,0.0,1.0,0.0,0.0,0.0,1.0,0.0,0.0,,False,Qwen/Qwen2.5-VL-7B-Instruct-AWQ,None
907@x_name@ASC,Bar,Medium,0.0,0.0,0.0,0.0,0.0,1.0,0.0,0.0,0.0,1.0,0.0,0.0,,False,Qwen/Qwen2.5-VL-7B-Instruct-AWQ,None
907@x_name@ASC,Bar,Medium,0.0,0.0,0.0,0.0,0.0,1.0,0.0,0.0,0.0,1.0,0.0,0.0,,False,Qwen/Qwen2.5-VL-7B-Instruct-AWQ,None
3288@x_name@DESC,Bar,Medium,0.0,0.0,0.0,0.0,0.0,1.0,0.0,0.0,0.0,1.0,0.0,0.0,,False,Qwen/Qwen2.5-VL-7B-Instruct-AWQ,None
3288@x_name@DESC,Bar,Medium,0.0,0.0,0.0,0.0,0.0,1.0,0.0,0.0,0.0,1.0,0.0,0.0,,False,Qwen/Qwen2.5-VL-7B-Instruct-AWQ,None
3288@x_name@DESC,Bar,Medium,0.0,0.0,0.0,0.0,0.0,1.0,0.0,0.0,0.0,1.0,0.0,0.0,,False,Qwen/Qwen2.5-VL-7B-Instruct-AWQ,None
3290@y_name@ASC,Bar,Medium,0.0,0.0,0.0,0.3333333333333333,0.3333333333333333,0.6666666666666666,0.0,0.0,0.0,1.0,0.0,0.0,,False,Qwen/Qwen2.5-VL-7B-Instruct-AWQ,None
3290@y_name@ASC,Bar,Medium,0.0,0.0,0.0,0.3333333333333333,0.3333333333333333,0.6666666666666666,0.0,0.0,0.0,1.0,0.0,0.0,,False,Qwen/Qwen2.5-VL-7B-Instruct-AWQ,None
3290@y_name@ASC,Bar,Medium,0.0,0.0,0.0,0.3333333333333333,0.3333333333333333,0.6666666666666666,0.0,0.0,0.0,1.0,0.0,0.0,,False,Qwen/Qwen2.5-VL-7B-Instruct-AWQ,None
443@x_name@ASC,Bar,Medium,0.0,0.0,0.0,0.0,0.0,0.0,0.0,0.0,0.0,0.0,1.0,0.0,0.0,False,Qwen/Qwen2.5-VL-7B-Instruct-AWQ,None
443@x_name@ASC,Bar,Medium,0.0,0.0,0.0,0.0,0.0,0.0,0.0,0.0,0.0,0.0,1.0,0.0,0.0,False,Qwen/Qwen2.5-VL-7B-Instruct-AWQ,None
443@x_name@ASC,Bar,Medium,0.0,0.0,0.0,0.0,0.0,0.0,0.0,0.0,0.0,0.0,1.0,0.0,0.0,False,Qwen/Qwen2.5-VL-7B-Instruct-AWQ,None
445@x_name@ASC,Bar,Medium,0.0,0.0,0.0,0.0,0.0,1.0,0.0,0.0,0.0,1.0,0.0,0.0,,False,Qwen/Qwen2.5-VL-7B-Instruct-AWQ,None
445@x_name@ASC,Bar,Medium,0.0,0.0,0.0,0.0,0.0,1.0,0.0,0.0,0.0,1.0,0.0,0.0,,False,Qwen/Qwen2.5-VL-7B-Instruct-AWQ,None
445@x_name@ASC,Bar,Medium,0.0,0.0,0.0,0.0,0.0,1.0,0.0,0.0,0.0,1.0,0.0,0.0,,False,Qwen/Qwen2.5-VL-7B-Instruct-AWQ,None
447@x_name@ASC,Bar,Medium,0.25,0.0,0.25,0.0,0.0,0.0,0.0,0.0,0.25,0.25,0.5,0.0,0.0,True,Qwen/Qwen2.5-VL-7B-Instruct-AWQ,None
447@x_name@ASC,Bar,Medium,0.25,0.0,0.25,0.0,0.0,0.0,0.0,0.0,0.25,0.25,0.5,0.0,0.0,True,Qwen/Qwen2.5-VL-7B-Instruct-AWQ,None
447@x_name@ASC,Bar,Medium,0.25,0.0,0.25,0.0,0.0,0.0,0.0,0.0,0.25,0.25,0.5,0.0,0.0,True,Qwen/Qwen2.5-VL-7B-Instruct-AWQ,None
453@y_name@ASC,Bar,Hard,0.0,0.0,0.0,0.0,0.0,0.0,0.0,0.0,0.0,0.0,1.0,0.0,0.0,True,Qwen/Qwen2.5-VL-7B-Instruct-AWQ,None
453@y_name@ASC,Bar,Hard,0.0,0.0,0.0,0.0,0.0,0.0,0.0,0.0,0.0,0.0,1.0,0.0,0.0,True,Qwen/Qwen2.5-VL-7B-Instruct-AWQ,None
453@y_name@ASC,Bar,Hard,0.0,0.0,0.0,0.0,0.0,0.0,0.0,0.0,0.0,0.0,1.0,0.0,0.0,True,Qwen/Qwen2.5-VL-7B-Instruct-AWQ,None
455@y_name@ASC,Bar,Hard,0.0,0.0,0.0,0.0,1.0,0.0,0.0,0.0,0.0,1.0,0.0,0.0,,True,Qwen/Qwen2.5-VL-7B-Instruct-AWQ,None
455@y_name@ASC,Bar,Hard,0.0,0.0,0.0,0.0,1.0,0.0,0.0,0.0,0.0,1.0,0.0,0.0,,True,Qwen/Qwen2.5-VL-7B-Instruct-AWQ,None
455@y_name@ASC,Bar,Hard,0.0,0.0,0.0,0.0,1.0,0.0,0.0,0.0,0.0,1.0,0.0,0.0,,True,Qwen/Qwen2.5-VL-7B-Instruct-AWQ,None
458@x_name@DESC,Bar,Hard,1.0,0.0,0.0,0.0,0.0,0.0,0.0,0.0,1.0,0.0,0.0,0.0,,True,Qwen/Qwen2.5-VL-7B-Instruct-AWQ,None
458@x_name@DESC,Bar,Hard,1.0,0.0,0.0,0.0,0.0,0.0,0.0,0.0,1.0,0.0,0.0,0.0,,True,Qwen/Qwen2.5-VL-7B-Instruct-AWQ,None
458@x_name@DESC,Bar,Hard,1.0,0.0,0.0,0.0,0.0,0.0,0.0,0.0,1.0,0.0,0.0,0.0,,True,Qwen/Qwen2.5-VL-7B-Instruct-AWQ,None
459@x_name@DESC,Bar,Hard,1.0,0.0,0.0,0.0,0.0,0.0,0.0,0.0,1.0,0.0,0.0,0.0,,True,Qwen/Qwen2.5-VL-7B-Instruct-AWQ,None
459@x_name@DESC,Bar,Hard,1.0,0.0,0.0,0.0,0.0,0.0,0.0,0.0,1.0,0.0,0.0,0.0,,True,Qwen/Qwen2.5-VL-7B-Instruct-AWQ,None
459@x_name@DESC,Bar,Hard,1.0,0.0,0.0,0.0,0.0,0.0,0.0,0.0,1.0,0.0,0.0,0.0,,True,Qwen/Qwen2.5-VL-7B-Instruct-AWQ,None
465@y_name@ASC,Bar,Medium,0.0,0.0,0.0,0.0,0.0,1.0,0.0,0.0,0.0,1.0,0.0,0.0,,False,Qwen/Qwen2.5-VL-7B-Instruct-AWQ,None
465@y_name@ASC,Bar,Medium,0.0,0.0,0.0,0.0,0.0,1.0,0.0,0.0,0.0,1.0,0.0,0.0,,False,Qwen/Qwen2.5-VL-7B-Instruct-AWQ,None
465@y_name@ASC,Bar,Medium,0.0,0.0,0.0,0.0,0.0,1.0,0.0,0.0,0.0,1.0,0.0,0.0,,False,Qwen/Qwen2.5-VL-7B-Instruct-AWQ,None
468@y_name@DESC,Bar,Medium,0.0,0.0,0.0,0.0,0.0,1.0,0.0,0.0,0.0,1.0,0.0,0.0,,False,Qwen/Qwen2.5-VL-7B-Instruct-AWQ,None
468@y_name@DESC,Bar,Medium,0.0,0.0,0.0,0.0,0.0,1.0,0.0,0.0,0.0,1.0,0.0,0.0,,False,Qwen/Qwen2.5-VL-7B-Instruct-AWQ,None
468@y_name@DESC,Bar,Medium,0.0,0.0,0.0,0.0,0.0,1.0,0.0,0.0,0.0,1.0,0.0,0.0,,False,Qwen/Qwen2.5-VL-7B-Instruct-AWQ,None
469@y_name@DESC,Bar,Medium,0.0,0.0,0.0,0.0,0.0,1.0,0.0,0.0,0.0,1.0,0.0,0.0,,False,Qwen/Qwen2.5-VL-7B-Instruct-AWQ,None
469@y_name@DESC,Bar,Medium,0.0,0.0,0.0,0.0,0.0,1.0,0.0,0.0,0.0,1.0,0.0,0.0,,False,Qwen/Qwen2.5-VL-7B-Instruct-AWQ,None
469@y_name@DESC,Bar,Medium,0.0,0.0,0.0,0.0,0.0,1.0,0.0,0.0,0.0,1.0,0.0,0.0,,False,Qwen/Qwen2.5-VL-7B-Instruct-AWQ,None
474@x_name@DESC,Bar,Easy,0.0,0.0,0.0,0.0,0.0,1.0,0.0,0.0,0.0,1.0,0.0,0.0,,False,Qwen/Qwen2.5-VL-7B-Instruct-AWQ,None
474@x_name@DESC,Bar,Easy,0.0,0.0,0.0,0.0,0.0,1.0,0.0,0.0,0.0,1.0,0.0,0.0,,False,Qwen/Qwen2.5-VL-7B-Instruct-AWQ,None
474@x_name@DESC,Bar,Easy,0.0,0.0,0.0,0.0,0.0,1.0,0.0,0.0,0.0,1.0,0.0,0.0,,False,Qwen/Qwen2.5-VL-7B-Instruct-AWQ,None
1437@x_name@DESC,Bar,Extra Hard,0.0,0.0,0.0,0.0,0.0,1.0,0.0,0.0,0.0,1.0,0.0,0.0,,True,Qwen/Qwen2.5-VL-7B-Instruct-AWQ,None
1437@x_name@DESC,Bar,Extra Hard,0.0,0.0,0.0,0.0,0.0,1.0,0.0,0.0,0.0,1.0,0.0,0.0,,True,Qwen/Qwen2.5-VL-7B-Instruct-AWQ,None
1437@x_name@DESC,Bar,Extra Hard,0.0,0.0,0.0,0.0,0.0,1.0,0.0,0.0,0.0,1.0,0.0,0.0,,True,Qwen/Qwen2.5-VL-7B-Instruct-AWQ,None
1448@x_name@ASC,Line,Extra Hard,0.75,0.0,0.0,0.25,0.25,0.0,0.0,0.0,0.75,0.25,0.0,0.0,,True,Qwen/Qwen2.5-VL-7B-Instruct-AWQ,None
1448@x_name@ASC,Line,Extra Hard,0.75,0.0,0.0,0.25,0.25,0.0,0.0,0.0,0.75,0.25,0.0,0.0,,True,Qwen/Qwen2.5-VL-7B-Instruct-AWQ,None
1448@x_name@ASC,Line,Extra Hard,0.75,0.0,0.0,0.25,0.25,0.0,0.0,0.0,0.75,0.25,0.0,0.0,,True,Qwen/Qwen2.5-VL-7B-Instruct-AWQ,None
3220@x_name@ASC,Bar,Medium,0.0,0.0,0.0,0.0,0.0,0.5,0.0,0.0,0.0,0.5,0.5,0.0,0.0,False,Qwen/Qwen2.5-VL-7B-Instruct-AWQ,None
3220@x_name@ASC,Bar,Medium,0.0,0.0,0.0,0.0,0.0,0.5,0.0,0.0,0.0,0.5,0.5,0.0,0.0,False,Qwen/Qwen2.5-VL-7B-Instruct-AWQ,None
3220@x_name@ASC,Bar,Medium,0.0,0.0,0.0,0.0,0.0,0.5,0.0,0.0,0.0,0.5,0.5,0.0,0.0,False,Qwen/Qwen2.5-VL-7B-Instruct-AWQ,None
3224@x_name@DESC,Bar,Medium,0.0,0.0,0.0,0.0,1.0,0.0,0.0,0.0,0.0,1.0,0.0,0.0,,False,Qwen/Qwen2.5-VL-7B-Instruct-AWQ,None
3224@x_name@DESC,Bar,Medium,0.0,0.0,0.0,0.0,1.0,0.0,0.0,0.0,0.0,1.0,0.0,0.0,,False,Qwen/Qwen2.5-VL-7B-Instruct-AWQ,None
3224@x_name@DESC,Bar,Medium,0.0,0.0,0.0,0.0,1.0,0.0,0.0,0.0,0.0,1.0,0.0,0.0,,False,Qwen/Qwen2.5-VL-7B-Instruct-AWQ,None
3226@y_name@DESC,Bar,Extra Hard,0.6666666666666666,0.0,0.0,0.0,0.3333333333333333,0.0,0.0,0.0,0.6666666666666666,0.3333333333333333,0.0,0.0,,True,Qwen/Qwen2.5-VL-7B-Instruct-AWQ,None
3226@y_name@DESC,Bar,Extra Hard,0.6666666666666666,0.0,0.0,0.0,0.3333333333333333,0.0,0.0,0.0,0.6666666666666666,0.3333333333333333,0.0,0.0,,True,Qwen/Qwen2.5-VL-7B-Instruct-AWQ,None
3226@y_name@DESC,Bar,Extra Hard,0.6666666666666666,0.0,0.0,0.0,0.3333333333333333,0.0,0.0,0.0,0.6666666666666666,0.3333333333333333,0.0,0.0,,True,Qwen/Qwen2.5-VL-7B-Instruct-AWQ,None
3236@x_name@ASC,Bar,Hard,0.0,0.0,0.0,0.0,0.0,1.0,0.0,0.0,0.0,1.0,0.0,0.0,,False,Qwen/Qwen2.5-VL-7B-Instruct-AWQ,None
3236@x_name@ASC,Bar,Hard,0.0,0.0,0.0,0.0,0.0,1.0,0.0,0.0,0.0,1.0,0.0,0.0,,False,Qwen/Qwen2.5-VL-7B-Instruct-AWQ,None
3236@x_name@ASC,Bar,Hard,0.0,0.0,0.0,0.0,0.0,1.0,0.0,0.0,0.0,1.0,0.0,0.0,,False,Qwen/Qwen2.5-VL-7B-Instruct-AWQ,None
3238@y_name@ASC,Bar,Medium,0.0,0.0,0.0,0.2,0.2,0.0,0.0,0.0,0.0,0.2,0.8,0.0,0.0,False,Qwen/Qwen2.5-VL-7B-Instruct-AWQ,None
3238@y_name@ASC,Bar,Medium,0.0,0.0,0.0,0.2,0.2,0.0,0.0,0.0,0.0,0.2,0.8,0.0,0.0,False,Qwen/Qwen2.5-VL-7B-Instruct-AWQ,None
3238@y_name@ASC,Bar,Medium,0.0,0.0,0.0,0.2,0.2,0.0,0.0,0.0,0.0,0.2,0.8,0.0,0.0,False,Qwen/Qwen2.5-VL-7B-Instruct-AWQ,None
3247@x_name@ASC,Line,Easy,0.0,0.0,0.0,0.0,0.0,0.0,0.0,0.0,0.0,0.0,1.0,0.0,0.0,False,Qwen/Qwen2.5-VL-7B-Instruct-AWQ,None
3247@x_name@ASC,Line,Easy,0.0,0.0,0.0,0.0,0.0,0.0,0.0,0.0,0.0,0.0,1.0,0.0,0.0,False,Qwen/Qwen2.5-VL-7B-Instruct-AWQ,None
3247@x_name@ASC,Line,Easy,0.0,0.0,0.0,0.0,0.0,0.0,0.0,0.0,0.0,0.0,1.0,0.0,0.0,False,Qwen/Qwen2.5-VL-7B-Instruct-AWQ,None
3256@x_name@ASC,Line,Easy,0.0,0.0,0.0,0.0,0.0,0.0,0.0,0.0,0.0,0.0,1.0,0.0,0.0,False,Qwen/Qwen2.5-VL-7B-Instruct-AWQ,None
3256@x_name@ASC,Line,Easy,0.0,0.0,0.0,0.0,0.0,0.0,0.0,0.0,0.0,0.0,1.0,0.0,0.0,False,Qwen/Qwen2.5-VL-7B-Instruct-AWQ,None
3256@x_name@ASC,Line,Easy,0.0,0.0,0.0,0.0,0.0,0.0,0.0,0.0,0.0,0.0,1.0,0.0,0.0,False,Qwen/Qwen2.5-VL-7B-Instruct-AWQ,None
1498@y_name@DESC,Bar,Medium,0.0,0.0,0.3333333333333333,0.0,0.0,0.0,0.0,0.0,0.0,0.3333333333333333,0.6666666666666666,0.0,0.0,False,Qwen/Qwen2.5-VL-7B-Instruct-AWQ,None
1498@y_name@DESC,Bar,Medium,0.0,0.0,0.3333333333333333,0.0,0.0,0.0,0.0,0.0,0.0,0.3333333333333333,0.6666666666666666,0.0,0.0,False,Qwen/Qwen2.5-VL-7B-Instruct-AWQ,None
1498@y_name@DESC,Bar,Medium,0.0,0.0,0.3333333333333333,0.0,0.0,0.0,0.0,0.0,0.0,0.3333333333333333,0.6666666666666666,0.0,0.0,False,Qwen/Qwen2.5-VL-7B-Instruct-AWQ,None
1508@x_name@ASC,Bar,Medium,0.0,0.0,0.0,0.0,0.0,0.3333333333333333,0.0,0.0,0.0,0.3333333333333333,0.6666666666666666,0.0,0.0,False,Qwen/Qwen2.5-VL-7B-Instruct-AWQ,None
1508@x_name@ASC,Bar,Medium,0.0,0.0,0.0,0.0,0.0,0.3333333333333333,0.0,0.0,0.0,0.3333333333333333,0.6666666666666666,0.0,0.0,False,Qwen/Qwen2.5-VL-7B-Instruct-AWQ,None
1508@x_name@ASC,Bar,Medium,0.0,0.0,0.0,0.0,0.0,0.3333333333333333,0.0,0.0,0.0,0.3333333333333333,0.6666666666666666,0.0,0.0,False,Qwen/Qwen2.5-VL-7B-Instruct-AWQ,None
1510@y_name@ASC,Bar,Hard,0.5,0.0,0.0,0.0,0.0,0.0,0.0,0.0,0.5,0.0,0.5,0.0,0.0,False,Qwen/Qwen2.5-VL-7B-Instruct-AWQ,None
1510@y_name@ASC,Bar,Hard,0.5,0.0,0.0,0.0,0.0,0.0,0.0,0.0,0.5,0.0,0.5,0.0,0.0,False,Qwen/Qwen2.5-VL-7B-Instruct-AWQ,None
1510@y_name@ASC,Bar,Hard,0.5,0.0,0.0,0.0,0.0,0.0,0.0,0.0,0.5,0.0,0.5,0.0,0.0,False,Qwen/Qwen2.5-VL-7B-Instruct-AWQ,None
1511@x_name@ASC,Bar,Medium,0.0,0.0,0.0,0.0,0.0,0.0,0.0,0.0,0.0,0.0,1.0,0.0,0.0,False,Qwen/Qwen2.5-VL-7B-Instruct-AWQ,None
1511@x_name@ASC,Bar,Medium,0.0,0.0,0.0,0.0,0.0,0.0,0.0,0.0,0.0,0.0,1.0,0.0,0.0,False,Qwen/Qwen2.5-VL-7B-Instruct-AWQ,None
1511@x_name@ASC,Bar,Medium,0.0,0.0,0.0,0.0,0.0,0.0,0.0,0.0,0.0,0.0,1.0,0.0,0.0,False,Qwen/Qwen2.5-VL-7B-Instruct-AWQ,None
1516@x_name@DESC,Bar,Hard,0.5,0.0,0.0,0.0,0.0,0.5,0.0,0.0,0.5,0.5,0.0,0.0,,True,Qwen/Qwen2.5-VL-7B-Instruct-AWQ,None
1516@x_name@DESC,Bar,Hard,0.5,0.0,0.0,0.0,0.0,0.5,0.0,0.0,0.5,0.5,0.0,0.0,,True,Qwen/Qwen2.5-VL-7B-Instruct-AWQ,None
1516@x_name@DESC,Bar,Hard,0.5,0.0,0.0,0.0,0.0,0.5,0.0,0.0,0.5,0.5,0.0,0.0,,True,Qwen/Qwen2.5-VL-7B-Instruct-AWQ,None
1518@x_name@ASC,Bar,Medium,0.0,0.0,0.0,0.0,0.0,0.5,0.0,0.0,0.0,0.5,0.5,0.0,0.0,False,Qwen/Qwen2.5-VL-7B-Instruct-AWQ,None
1518@x_name@ASC,Bar,Medium,0.0,0.0,0.0,0.0,0.0,0.5,0.0,0.0,0.0,0.5,0.5,0.0,0.0,False,Qwen/Qwen2.5-VL-7B-Instruct-AWQ,None
1518@x_name@ASC,Bar,Medium,0.0,0.0,0.0,0.0,0.0,0.5,0.0,0.0,0.0,0.5,0.5,0.0,0.0,False,Qwen/Qwen2.5-VL-7B-Instruct-AWQ,None
2459@y_name@DESC,Bar,Medium,0.16666666666666666,0.0,0.0,0.0,0.0,0.0,0.0,0.0,0.16666666666666666,0.0,0.8333333333333334,0.0,0.0,False,Qwen/Qwen2.5-VL-7B-Instruct-AWQ,None
2459@y_name@DESC,Bar,Medium,0.16666666666666666,0.0,0.0,0.0,0.0,0.0,0.0,0.0,0.16666666666666666,0.0,0.8333333333333334,0.0,0.0,False,Qwen/Qwen2.5-VL-7B-Instruct-AWQ,None
2459@y_name@DESC,Bar,Medium,0.16666666666666666,0.0,0.0,0.0,0.0,0.0,0.0,0.0,0.16666666666666666,0.0,0.8333333333333334,0.0,0.0,False,Qwen/Qwen2.5-VL-7B-Instruct-AWQ,None
2461@y_name@DESC,Bar,Hard,0.6,0.0,0.0,0.2,0.2,0.0,0.0,0.0,0.6,0.2,0.2,0.0,0.0,False,Qwen/Qwen2.5-VL-7B-Instruct-AWQ,None
2461@y_name@DESC,Bar,Hard,0.6,0.0,0.0,0.2,0.2,0.0,0.0,0.0,0.6,0.2,0.2,0.0,0.0,False,Qwen/Qwen2.5-VL-7B-Instruct-AWQ,None
2461@y_name@DESC,Bar,Hard,0.6,0.0,0.0,0.2,0.2,0.0,0.0,0.0,0.6,0.2,0.2,0.0,0.0,False,Qwen/Qwen2.5-VL-7B-Instruct-AWQ,None
2465@x_name@DESC,Bar,Hard,0.0,0.0,0.0,0.0,0.0,1.0,0.0,0.0,0.0,1.0,0.0,0.0,,False,Qwen/Qwen2.5-VL-7B-Instruct-AWQ,None
2465@x_name@DESC,Bar,Hard,0.0,0.0,0.0,0.0,0.0,1.0,0.0,0.0,0.0,1.0,0.0,0.0,,False,Qwen/Qwen2.5-VL-7B-Instruct-AWQ,None
2465@x_name@DESC,Bar,Hard,0.0,0.0,0.0,0.0,0.0,1.0,0.0,0.0,0.0,1.0,0.0,0.0,,False,Qwen/Qwen2.5-VL-7B-Instruct-AWQ,None
2317@x_name@ASC,Bar,Medium,0.0,0.0,0.0,0.0,1.0,0.0,0.0,0.0,0.0,1.0,0.0,0.0,,False,Qwen/Qwen2.5-VL-7B-Instruct-AWQ,None
2317@x_name@ASC,Bar,Medium,0.0,0.0,0.0,0.0,1.0,0.0,0.0,0.0,0.0,1.0,0.0,0.0,,False,Qwen/Qwen2.5-VL-7B-Instruct-AWQ,None
2317@x_name@ASC,Bar,Medium,0.0,0.0,0.0,0.0,1.0,0.0,0.0,0.0,0.0,1.0,0.0,0.0,,False,Qwen/Qwen2.5-VL-7B-Instruct-AWQ,None
2321@y_name@ASC,Bar,Medium,0.0,0.0,0.0,0.0,0.0,0.0,0.0,0.0,0.0,0.0,1.0,0.0,0.0,False,Qwen/Qwen2.5-VL-7B-Instruct-AWQ,None
2321@y_name@ASC,Bar,Medium,0.0,0.0,0.0,0.0,0.0,0.0,0.0,0.0,0.0,0.0,1.0,0.0,0.0,False,Qwen/Qwen2.5-VL-7B-Instruct-AWQ,None
2321@y_name@ASC,Bar,Medium,0.0,0.0,0.0,0.0,0.0,0.0,0.0,0.0,0.0,0.0,1.0,0.0,0.0,False,Qwen/Qwen2.5-VL-7B-Instruct-AWQ,None
2565@y_name@ASC,Bar,Extra Hard,1.0,0.0,0.0,0.0,0.0,0.0,0.0,0.0,1.0,0.0,0.0,0.0,,True,Qwen/Qwen2.5-VL-7B-Instruct-AWQ,None
2565@y_name@ASC,Bar,Extra Hard,1.0,0.0,0.0,0.0,0.0,0.0,0.0,0.0,1.0,0.0,0.0,0.0,,True,Qwen/Qwen2.5-VL-7B-Instruct-AWQ,None
2565@y_name@ASC,Bar,Extra Hard,1.0,0.0,0.0,0.0,0.0,0.0,0.0,0.0,1.0,0.0,0.0,0.0,,True,Qwen/Qwen2.5-VL-7B-Instruct-AWQ,None
2566@y_name@DESC,Bar,Extra Hard,1.0,0.0,0.0,0.0,0.0,0.0,0.0,0.0,1.0,0.0,0.0,0.0,,True,Qwen/Qwen2.5-VL-7B-Instruct-AWQ,None
2566@y_name@DESC,Bar,Extra Hard,1.0,0.0,0.0,0.0,0.0,0.0,0.0,0.0,1.0,0.0,0.0,0.0,,True,Qwen/Qwen2.5-VL-7B-Instruct-AWQ,None
2566@y_name@DESC,Bar,Extra Hard,1.0,0.0,0.0,0.0,0.0,0.0,0.0,0.0,1.0,0.0,0.0,0.0,,True,Qwen/Qwen2.5-VL-7B-Instruct-AWQ,None
2551@y_name@ASC,Bar,Medium,0.6666666666666666,0.0,0.0,0.0,0.0,0.0,0.0,0.0,0.6666666666666666,0.0,0.3333333333333333,0.0,0.0,False,Qwen/Qwen2.5-VL-7B-Instruct-AWQ,None
2551@y_name@ASC,Bar,Medium,0.6666666666666666,0.0,0.0,0.0,0.0,0.0,0.0,0.0,0.6666666666666666,0.0,0.3333333333333333,0.0,0.0,False,Qwen/Qwen2.5-VL-7B-Instruct-AWQ,None
2551@y_name@ASC,Bar,Medium,0.6666666666666666,0.0,0.0,0.0,0.0,0.0,0.0,0.0,0.6666666666666666,0.0,0.3333333333333333,0.0,0.0,False,Qwen/Qwen2.5-VL-7B-Instruct-AWQ,None
2558@x_name@ASC,Bar,Easy,0.0,0.0,0.0,0.0,0.0,0.0,0.0,0.0,0.0,0.0,1.0,0.0,0.0,False,Qwen/Qwen2.5-VL-7B-Instruct-AWQ,None
2558@x_name@ASC,Bar,Easy,0.0,0.0,0.0,0.0,0.0,0.0,0.0,0.0,0.0,0.0,1.0,0.0,0.0,False,Qwen/Qwen2.5-VL-7B-Instruct-AWQ,None
2558@x_name@ASC,Bar,Easy,0.0,0.0,0.0,0.0,0.0,0.0,0.0,0.0,0.0,0.0,1.0,0.0,0.0,False,Qwen/Qwen2.5-VL-7B-Instruct-AWQ,None
2560@y_name@DESC,Bar,Medium,0.0,0.0,0.0,0.0,0.0,0.0,0.0,0.0,0.0,0.0,1.0,0.0,0.0,False,Qwen/Qwen2.5-VL-7B-Instruct-AWQ,None
2560@y_name@DESC,Bar,Medium,0.0,0.0,0.0,0.0,0.0,0.0,0.0,0.0,0.0,0.0,1.0,0.0,0.0,False,Qwen/Qwen2.5-VL-7B-Instruct-AWQ,None
2560@y_name@DESC,Bar,Medium,0.0,0.0,0.0,0.0,0.0,0.0,0.0,0.0,0.0,0.0,1.0,0.0,0.0,False,Qwen/Qwen2.5-VL-7B-Instruct-AWQ,None
2959@y_name@ASC,Bar,Hard,0.0,0.0,0.0,0.25,0.5,0.0,0.0,0.0,0.0,0.5,0.5,0.0,0.0,True,Qwen/Qwen2.5-VL-7B-Instruct-AWQ,None
2959@y_name@ASC,Bar,Hard,0.0,0.0,0.0,0.25,0.5,0.0,0.0,0.0,0.0,0.5,0.5,0.0,0.0,True,Qwen/Qwen2.5-VL-7B-Instruct-AWQ,None
2959@y_name@ASC,Bar,Hard,0.0,0.0,0.0,0.25,0.5,0.0,0.0,0.0,0.0,0.5,0.5,0.0,0.0,True,Qwen/Qwen2.5-VL-7B-Instruct-AWQ,None
2509@x_name@ASC,Bar,Hard,1.0,0.0,0.0,0.0,0.0,0.0,0.0,0.0,1.0,0.0,0.0,0.0,,True,Qwen/Qwen2.5-VL-7B-Instruct-AWQ,None
2509@x_name@ASC,Bar,Hard,1.0,0.0,0.0,0.0,0.0,0.0,0.0,0.0,1.0,0.0,0.0,0.0,,True,Qwen/Qwen2.5-VL-7B-Instruct-AWQ,None
2509@x_name@ASC,Bar,Hard,1.0,0.0,0.0,0.0,0.0,0.0,0.0,0.0,1.0,0.0,0.0,0.0,,True,Qwen/Qwen2.5-VL-7B-Instruct-AWQ,None
2513@x_name@ASC,Bar,Hard,1.0,0.0,0.0,0.0,0.0,0.0,0.0,0.0,1.0,0.0,0.0,0.0,,True,Qwen/Qwen2.5-VL-7B-Instruct-AWQ,None
2513@x_name@ASC,Bar,Hard,1.0,0.0,0.0,0.0,0.0,0.0,0.0,0.0,1.0,0.0,0.0,0.0,,True,Qwen/Qwen2.5-VL-7B-Instruct-AWQ,None
2513@x_name@ASC,Bar,Hard,1.0,0.0,0.0,0.0,0.0,0.0,0.0,0.0,1.0,0.0,0.0,0.0,,True,Qwen/Qwen2.5-VL-7B-Instruct-AWQ,None
2517@y_name@ASC,Bar,Hard,0.0,0.0,0.0,0.0,0.0,0.0,0.0,0.0,0.0,0.0,1.0,0.0,0.0,False,Qwen/Qwen2.5-VL-7B-Instruct-AWQ,None
2517@y_name@ASC,Bar,Hard,0.0,0.0,0.0,0.0,0.0,0.0,0.0,0.0,0.0,0.0,1.0,0.0,0.0,False,Qwen/Qwen2.5-VL-7B-Instruct-AWQ,None
2517@y_name@ASC,Bar,Hard,0.0,0.0,0.0,0.0,0.0,0.0,0.0,0.0,0.0,0.0,1.0,0.0,0.0,False,Qwen/Qwen2.5-VL-7B-Instruct-AWQ,None
1551@y_name@ASC,Bar,Extra Hard,1.0,0.0,0.0,0.0,0.0,0.0,0.0,0.0,1.0,0.0,0.0,0.0,,False,Qwen/Qwen2.5-VL-7B-Instruct-AWQ,None
1551@y_name@ASC,Bar,Extra Hard,1.0,0.0,0.0,0.0,0.0,0.0,0.0,0.0,1.0,0.0,0.0,0.0,,False,Qwen/Qwen2.5-VL-7B-Instruct-AWQ,None
1551@y_name@ASC,Bar,Extra Hard,1.0,0.0,0.0,0.0,0.0,0.0,0.0,0.0,1.0,0.0,0.0,0.0,,False,Qwen/Qwen2.5-VL-7B-Instruct-AWQ,None
1622@y_name@ASC,Bar,Hard,1.0,0.0,0.0,0.0,0.0,0.0,0.0,0.0,1.0,0.0,0.0,0.0,,False,Qwen/Qwen2.5-VL-7B-Instruct-AWQ,None
1622@y_name@ASC,Bar,Hard,1.0,0.0,0.0,0.0,0.0,0.0,0.0,0.0,1.0,0.0,0.0,0.0,,False,Qwen/Qwen2.5-VL-7B-Instruct-AWQ,None
1622@y_name@ASC,Bar,Hard,1.0,0.0,0.0,0.0,0.0,0.0,0.0,0.0,1.0,0.0,0.0,0.0,,False,Qwen/Qwen2.5-VL-7B-Instruct-AWQ,None
1626@y_name@ASC,Bar,Hard,0.6666666666666666,0.0,0.0,0.0,0.0,0.0,0.0,0.0,0.6666666666666666,0.0,0.3333333333333333,0.0,0.0,True,Qwen/Qwen2.5-VL-7B-Instruct-AWQ,None
1626@y_name@ASC,Bar,Hard,0.6666666666666666,0.0,0.0,0.0,0.0,0.0,0.0,0.0,0.6666666666666666,0.0,0.3333333333333333,0.0,0.0,True,Qwen/Qwen2.5-VL-7B-Instruct-AWQ,None
1626@y_name@ASC,Bar,Hard,0.6666666666666666,0.0,0.0,0.0,0.0,0.0,0.0,0.0,0.6666666666666666,0.0,0.3333333333333333,0.0,0.0,True,Qwen/Qwen2.5-VL-7B-Instruct-AWQ,None
1627@x_name@DESC,Bar,Hard,0.0,0.0,0.0,0.0,0.0,1.0,0.0,0.0,0.0,1.0,0.0,0.0,,False,Qwen/Qwen2.5-VL-7B-Instruct-AWQ,None
1627@x_name@DESC,Bar,Hard,0.0,0.0,0.0,0.0,0.0,1.0,0.0,0.0,0.0,1.0,0.0,0.0,,False,Qwen/Qwen2.5-VL-7B-Instruct-AWQ,None
1627@x_name@DESC,Bar,Hard,0.0,0.0,0.0,0.0,0.0,1.0,0.0,0.0,0.0,1.0,0.0,0.0,,False,Qwen/Qwen2.5-VL-7B-Instruct-AWQ,None
1632@y_name@ASC,Bar,Hard,1.0,0.0,0.0,0.0,0.0,0.0,0.0,0.0,1.0,0.0,0.0,0.0,,True,Qwen/Qwen2.5-VL-7B-Instruct-AWQ,None
1632@y_name@ASC,Bar,Hard,1.0,0.0,0.0,0.0,0.0,0.0,0.0,0.0,1.0,0.0,0.0,0.0,,True,Qwen/Qwen2.5-VL-7B-Instruct-AWQ,None
1632@y_name@ASC,Bar,Hard,1.0,0.0,0.0,0.0,0.0,0.0,0.0,0.0,1.0,0.0,0.0,0.0,,True,Qwen/Qwen2.5-VL-7B-Instruct-AWQ,None
1671@y_name@ASC,Bar,Medium,0.3333333333333333,0.0,0.3333333333333333,0.0,0.0,0.3333333333333333,0.0,0.0,0.3333333333333333,0.6666666666666666,0.0,0.0,,False,Qwen/Qwen2.5-VL-7B-Instruct-AWQ,None
1671@y_name@ASC,Bar,Medium,0.3333333333333333,0.0,0.3333333333333333,0.0,0.0,0.3333333333333333,0.0,0.0,0.3333333333333333,0.6666666666666666,0.0,0.0,,False,Qwen/Qwen2.5-VL-7B-Instruct-AWQ,None
1671@y_name@ASC,Bar,Medium,0.3333333333333333,0.0,0.3333333333333333,0.0,0.0,0.3333333333333333,0.0,0.0,0.3333333333333333,0.6666666666666666,0.0,0.0,,False,Qwen/Qwen2.5-VL-7B-Instruct-AWQ,None
1696@x_name@DESC,Line,Medium,0.5,0.0,0.0,0.25,0.5,0.0,0.0,0.0,0.5,0.5,0.0,0.0,,False,Qwen/Qwen2.5-VL-7B-Instruct-AWQ,None
1696@x_name@DESC,Line,Medium,0.5,0.0,0.0,0.25,0.5,0.0,0.0,0.0,0.5,0.5,0.0,0.0,,False,Qwen/Qwen2.5-VL-7B-Instruct-AWQ,None
1696@x_name@DESC,Line,Medium,0.5,0.0,0.0,0.25,0.5,0.0,0.0,0.0,0.5,0.5,0.0,0.0,,False,Qwen/Qwen2.5-VL-7B-Instruct-AWQ,None
1702@y_name@ASC,Bar,Medium,1.0,0.0,0.0,0.0,0.0,0.0,0.0,0.0,1.0,0.0,0.0,0.0,,False,Qwen/Qwen2.5-VL-7B-Instruct-AWQ,None
1702@y_name@ASC,Bar,Medium,1.0,0.0,0.0,0.0,0.0,0.0,0.0,0.0,1.0,0.0,0.0,0.0,,False,Qwen/Qwen2.5-VL-7B-Instruct-AWQ,None
1702@y_name@ASC,Bar,Medium,1.0,0.0,0.0,0.0,0.0,0.0,0.0,0.0,1.0,0.0,0.0,0.0,,False,Qwen/Qwen2.5-VL-7B-Instruct-AWQ,None
1703@y_name@DESC,Bar,Hard,0.0,0.0,0.0,0.0,0.0,0.0,0.0,0.0,0.0,0.0,1.0,0.0,0.0,False,Qwen/Qwen2.5-VL-7B-Instruct-AWQ,None
1703@y_name@DESC,Bar,Hard,0.0,0.0,0.0,0.0,0.0,0.0,0.0,0.0,0.0,0.0,1.0,0.0,0.0,False,Qwen/Qwen2.5-VL-7B-Instruct-AWQ,None
1703@y_name@DESC,Bar,Hard,0.0,0.0,0.0,0.0,0.0,0.0,0.0,0.0,0.0,0.0,1.0,0.0,0.0,False,Qwen/Qwen2.5-VL-7B-Instruct-AWQ,None
1746@x_name@ASC,Line,Medium,0.5,0.0,0.0,0.25,0.5,0.0,0.0,0.0,0.5,0.5,0.0,0.0,,False,Qwen/Qwen2.5-VL-7B-Instruct-AWQ,None
1746@x_name@ASC,Line,Medium,0.5,0.0,0.0,0.25,0.5,0.0,0.0,0.0,0.5,0.5,0.0,0.0,,False,Qwen/Qwen2.5-VL-7B-Instruct-AWQ,None
1746@x_name@ASC,Line,Medium,0.5,0.0,0.0,0.25,0.5,0.0,0.0,0.0,0.5,0.5,0.0,0.0,,False,Qwen/Qwen2.5-VL-7B-Instruct-AWQ,None
1795@x_name@DESC,Line,Medium,0.3333333333333333,0.0,0.0,0.0,0.6666666666666666,0.0,0.0,0.0,0.3333333333333333,0.6666666666666666,0.0,0.0,,False,Qwen/Qwen2.5-VL-7B-Instruct-AWQ,None
1795@x_name@DESC,Line,Medium,0.3333333333333333,0.0,0.0,0.0,0.6666666666666666,0.0,0.0,0.0,0.3333333333333333,0.6666666666666666,0.0,0.0,,False,Qwen/Qwen2.5-VL-7B-Instruct-AWQ,None
1795@x_name@DESC,Line,Medium,0.3333333333333333,0.0,0.0,0.0,0.6666666666666666,0.0,0.0,0.0,0.3333333333333333,0.6666666666666666,0.0,0.0,,False,Qwen/Qwen2.5-VL-7B-Instruct-AWQ,None
1802@y_name@DESC,Bar,Extra Hard,0.0,0.0,0.0,0.0,0.0,0.0,0.0,0.0,0.0,0.0,1.0,0.0,0.0,False,Qwen/Qwen2.5-VL-7B-Instruct-AWQ,None
1802@y_name@DESC,Bar,Extra Hard,0.0,0.0,0.0,0.0,0.0,0.0,0.0,0.0,0.0,0.0,1.0,0.0,0.0,False,Qwen/Qwen2.5-VL-7B-Instruct-AWQ,None
1802@y_name@DESC,Bar,Extra Hard,0.0,0.0,0.0,0.0,0.0,0.0,0.0,0.0,0.0,0.0,1.0,0.0,0.0,False,Qwen/Qwen2.5-VL-7B-Instruct-AWQ,None
1835@x_name@ASC,Line,Hard,0.0,0.0,0.0,0.0,1.0,0.0,0.0,0.0,0.0,1.0,0.0,0.0,,False,Qwen/Qwen2.5-VL-7B-Instruct-AWQ,None
1835@x_name@ASC,Line,Hard,0.0,0.0,0.0,0.0,1.0,0.0,0.0,0.0,0.0,1.0,0.0,0.0,,False,Qwen/Qwen2.5-VL-7B-Instruct-AWQ,None
1835@x_name@ASC,Line,Hard,0.0,0.0,0.0,0.0,1.0,0.0,0.0,0.0,0.0,1.0,0.0,0.0,,False,Qwen/Qwen2.5-VL-7B-Instruct-AWQ,None
1869@x_name@ASC,Line,Easy,0.0,0.0,0.0,0.0,0.0,0.0,0.0,0.0,0.0,0.0,1.0,0.0,0.0,False,Qwen/Qwen2.5-VL-7B-Instruct-AWQ,None
1869@x_name@ASC,Line,Easy,0.0,0.0,0.0,0.0,0.0,0.0,0.0,0.0,0.0,0.0,1.0,0.0,0.0,False,Qwen/Qwen2.5-VL-7B-Instruct-AWQ,None
1869@x_name@ASC,Line,Easy,0.0,0.0,0.0,0.0,0.0,0.0,0.0,0.0,0.0,0.0,1.0,0.0,0.0,False,Qwen/Qwen2.5-VL-7B-Instruct-AWQ,None
1956@y_name@DESC,Bar,Extra Hard,1.0,0.0,0.0,0.0,0.0,0.0,0.0,0.0,1.0,0.0,0.0,0.0,,True,Qwen/Qwen2.5-VL-7B-Instruct-AWQ,None
1956@y_name@DESC,Bar,Extra Hard,1.0,0.0,0.0,0.0,0.0,0.0,0.0,0.0,1.0,0.0,0.0,0.0,,True,Qwen/Qwen2.5-VL-7B-Instruct-AWQ,None
1956@y_name@DESC,Bar,Extra Hard,1.0,0.0,0.0,0.0,0.0,0.0,0.0,0.0,1.0,0.0,0.0,0.0,,True,Qwen/Qwen2.5-VL-7B-Instruct-AWQ,None
1963@y_name@DESC,Bar,Hard,0.5,0.0,0.0,0.0,0.0,0.0,0.0,0.0,0.5,0.0,0.5,0.0,0.0,True,Qwen/Qwen2.5-VL-7B-Instruct-AWQ,None
1963@y_name@DESC,Bar,Hard,0.5,0.0,0.0,0.0,0.0,0.0,0.0,0.0,0.5,0.0,0.5,0.0,0.0,True,Qwen/Qwen2.5-VL-7B-Instruct-AWQ,None
1963@y_name@DESC,Bar,Hard,0.5,0.0,0.0,0.0,0.0,0.0,0.0,0.0,0.5,0.0,0.5,0.0,0.0,True,Qwen/Qwen2.5-VL-7B-Instruct-AWQ,None
2726@x_name@DESC,Bar,Extra Hard,1.0,0.0,0.0,0.0,0.0,0.0,0.0,0.0,1.0,0.0,0.0,0.0,,True,Qwen/Qwen2.5-VL-7B-Instruct-AWQ,None
2726@x_name@DESC,Bar,Extra Hard,1.0,0.0,0.0,0.0,0.0,0.0,0.0,0.0,1.0,0.0,0.0,0.0,,True,Qwen/Qwen2.5-VL-7B-Instruct-AWQ,None
2726@x_name@DESC,Bar,Extra Hard,1.0,0.0,0.0,0.0,0.0,0.0,0.0,0.0,1.0,0.0,0.0,0.0,,True,Qwen/Qwen2.5-VL-7B-Instruct-AWQ,None
2733@y_name@ASC,Bar,Extra Hard,1.0,0.0,0.0,0.0,0.0,0.0,0.0,0.0,1.0,0.0,0.0,0.0,,True,Qwen/Qwen2.5-VL-7B-Instruct-AWQ,None
2733@y_name@ASC,Bar,Extra Hard,1.0,0.0,0.0,0.0,0.0,0.0,0.0,0.0,1.0,0.0,0.0,0.0,,True,Qwen/Qwen2.5-VL-7B-Instruct-AWQ,None
2733@y_name@ASC,Bar,Extra Hard,1.0,0.0,0.0,0.0,0.0,0.0,0.0,0.0,1.0,0.0,0.0,0.0,,True,Qwen/Qwen2.5-VL-7B-Instruct-AWQ,None
733@y_name@DESC,Bar,Medium,0.0,0.0,0.0,0.0,0.0,0.0,0.0,0.0,0.0,0.0,1.0,0.0,0.0,False,Qwen/Qwen2.5-VL-7B-Instruct-AWQ,None
733@y_name@DESC,Bar,Medium,0.0,0.0,0.0,0.0,0.0,0.0,0.0,0.0,0.0,0.0,1.0,0.0,0.0,False,Qwen/Qwen2.5-VL-7B-Instruct-AWQ,None
733@y_name@DESC,Bar,Medium,0.0,0.0,0.0,0.0,0.0,0.0,0.0,0.0,0.0,0.0,1.0,0.0,0.0,False,Qwen/Qwen2.5-VL-7B-Instruct-AWQ,None
748@y_name@DESC,Bar,Extra Hard,0.3333333333333333,0.0,0.0,0.0,0.3333333333333333,0.0,0.0,0.0,0.3333333333333333,0.3333333333333333,0.3333333333333333,0.0,0.0,True,Qwen/Qwen2.5-VL-7B-Instruct-AWQ,None
748@y_name@DESC,Bar,Extra Hard,0.3333333333333333,0.0,0.0,0.0,0.3333333333333333,0.0,0.0,0.0,0.3333333333333333,0.3333333333333333,0.3333333333333333,0.0,0.0,True,Qwen/Qwen2.5-VL-7B-Instruct-AWQ,None
748@y_name@DESC,Bar,Extra Hard,0.3333333333333333,0.0,0.0,0.0,0.3333333333333333,0.0,0.0,0.0,0.3333333333333333,0.3333333333333333,0.3333333333333333,0.0,0.0,True,Qwen/Qwen2.5-VL-7B-Instruct-AWQ,None
753@x_name@DESC,Bar,Medium,0.0,0.0,0.0,0.0,0.0,0.6666666666666666,0.0,0.0,0.0,0.6666666666666666,0.3333333333333333,0.0,0.0,False,Qwen/Qwen2.5-VL-7B-Instruct-AWQ,None
753@x_name@DESC,Bar,Medium,0.0,0.0,0.0,0.0,0.0,0.6666666666666666,0.0,0.0,0.0,0.6666666666666666,0.3333333333333333,0.0,0.0,False,Qwen/Qwen2.5-VL-7B-Instruct-AWQ,None
753@x_name@DESC,Bar,Medium,0.0,0.0,0.0,0.0,0.0,0.6666666666666666,0.0,0.0,0.0,0.6666666666666666,0.3333333333333333,0.0,0.0,False,Qwen/Qwen2.5-VL-7B-Instruct-AWQ,None
754@y_name@ASC,Bar,Hard,0.0,0.0,0.0,0.0,0.0,0.5,0.0,0.0,0.0,0.5,0.5,0.0,0.0,False,Qwen/Qwen2.5-VL-7B-Instruct-AWQ,None
754@y_name@ASC,Bar,Hard,0.0,0.0,0.0,0.0,0.0,0.5,0.0,0.0,0.0,0.5,0.5,0.0,0.0,False,Qwen/Qwen2.5-VL-7B-Instruct-AWQ,None
754@y_name@ASC,Bar,Hard,0.0,0.0,0.0,0.0,0.0,0.5,0.0,0.0,0.0,0.5,0.5,0.0,0.0,False,Qwen/Qwen2.5-VL-7B-Instruct-AWQ,None
763@y_name@ASC,Bar,Medium,0.0,0.0,0.0,0.0,0.0,0.3333333333333333,0.0,0.0,0.0,0.3333333333333333,0.6666666666666666,0.0,0.0,False,Qwen/Qwen2.5-VL-7B-Instruct-AWQ,None
763@y_name@ASC,Bar,Medium,0.0,0.0,0.0,0.0,0.0,0.3333333333333333,0.0,0.0,0.0,0.3333333333333333,0.6666666666666666,0.0,0.0,False,Qwen/Qwen2.5-VL-7B-Instruct-AWQ,None
763@y_name@ASC,Bar,Medium,0.0,0.0,0.0,0.0,0.0,0.3333333333333333,0.0,0.0,0.0,0.3333333333333333,0.6666666666666666,0.0,0.0,False,Qwen/Qwen2.5-VL-7B-Instruct-AWQ,None
2625@x_name@ASC,Bar,Medium,0.0,0.0,0.0,0.0,0.0,0.5,0.0,0.0,0.0,0.5,0.5,0.0,0.0,False,Qwen/Qwen2.5-VL-7B-Instruct-AWQ,None
2625@x_name@ASC,Bar,Medium,0.0,0.0,0.0,0.0,0.0,0.5,0.0,0.0,0.0,0.5,0.5,0.0,0.0,False,Qwen/Qwen2.5-VL-7B-Instruct-AWQ,None
2625@x_name@ASC,Bar,Medium,0.0,0.0,0.0,0.0,0.0,0.5,0.0,0.0,0.0,0.5,0.5,0.0,0.0,False,Qwen/Qwen2.5-VL-7B-Instruct-AWQ,None
609@x_name@ASC,Bar,Extra Hard,0.0,0.0,0.0,0.0,0.0,0.0,0.0,0.0,0.0,0.0,1.0,0.0,0.0,True,Qwen/Qwen2.5-VL-7B-Instruct-AWQ,None
609@x_name@ASC,Bar,Extra Hard,0.0,0.0,0.0,0.0,0.0,0.0,0.0,0.0,0.0,0.0,1.0,0.0,0.0,True,Qwen/Qwen2.5-VL-7B-Instruct-AWQ,None
609@x_name@ASC,Bar,Extra Hard,0.0,0.0,0.0,0.0,0.0,0.0,0.0,0.0,0.0,0.0,1.0,0.0,0.0,True,Qwen/Qwen2.5-VL-7B-Instruct-AWQ,None
619@x_name@ASC,Bar,Easy,0.0,0.0,0.0,0.0,0.0,0.0,0.0,0.0,0.0,0.0,1.0,0.0,0.0,False,Qwen/Qwen2.5-VL-7B-Instruct-AWQ,None
619@x_name@ASC,Bar,Easy,0.0,0.0,0.0,0.0,0.0,0.0,0.0,0.0,0.0,0.0,1.0,0.0,0.0,False,Qwen/Qwen2.5-VL-7B-Instruct-AWQ,None
619@x_name@ASC,Bar,Easy,0.0,0.0,0.0,0.0,0.0,0.0,0.0,0.0,0.0,0.0,1.0,0.0,0.0,False,Qwen/Qwen2.5-VL-7B-Instruct-AWQ,None
620@x_name@ASC,Bar,Hard,0.0,0.0,0.0,0.0,0.0,1.0,0.0,0.0,0.0,1.0,0.0,0.0,,False,Qwen/Qwen2.5-VL-7B-Instruct-AWQ,None
620@x_name@ASC,Bar,Hard,0.0,0.0,0.0,0.0,0.0,1.0,0.0,0.0,0.0,1.0,0.0,0.0,,False,Qwen/Qwen2.5-VL-7B-Instruct-AWQ,None
620@x_name@ASC,Bar,Hard,0.0,0.0,0.0,0.0,0.0,1.0,0.0,0.0,0.0,1.0,0.0,0.0,,False,Qwen/Qwen2.5-VL-7B-Instruct-AWQ,None
621@y_name@ASC,Bar,Medium,0.0,0.0,0.0,0.0,0.0,0.0,0.0,0.0,0.0,0.0,1.0,0.0,0.0,False,Qwen/Qwen2.5-VL-7B-Instruct-AWQ,None
621@y_name@ASC,Bar,Medium,0.0,0.0,0.0,0.0,0.0,0.0,0.0,0.0,0.0,0.0,1.0,0.0,0.0,False,Qwen/Qwen2.5-VL-7B-Instruct-AWQ,None
621@y_name@ASC,Bar,Medium,0.0,0.0,0.0,0.0,0.0,0.0,0.0,0.0,0.0,0.0,1.0,0.0,0.0,False,Qwen/Qwen2.5-VL-7B-Instruct-AWQ,None
624@y_name@ASC,Bar,Medium,0.0,0.0,0.0,0.0,0.0,0.0,0.0,0.0,0.0,0.0,1.0,0.0,0.0,False,Qwen/Qwen2.5-VL-7B-Instruct-AWQ,None
624@y_name@ASC,Bar,Medium,0.0,0.0,0.0,0.0,0.0,0.0,0.0,0.0,0.0,0.0,1.0,0.0,0.0,False,Qwen/Qwen2.5-VL-7B-Instruct-AWQ,None
624@y_name@ASC,Bar,Medium,0.0,0.0,0.0,0.0,0.0,0.0,0.0,0.0,0.0,0.0,1.0,0.0,0.0,False,Qwen/Qwen2.5-VL-7B-Instruct-AWQ,None
627@y_name@DESC,Bar,Medium,0.0,0.0,0.0,0.0,0.0,0.0,0.0,0.0,0.0,0.0,1.0,0.0,0.0,False,Qwen/Qwen2.5-VL-7B-Instruct-AWQ,None
627@y_name@DESC,Bar,Medium,0.0,0.0,0.0,0.0,0.0,0.0,0.0,0.0,0.0,0.0,1.0,0.0,0.0,False,Qwen/Qwen2.5-VL-7B-Instruct-AWQ,None
627@y_name@DESC,Bar,Medium,0.0,0.0,0.0,0.0,0.0,0.0,0.0,0.0,0.0,0.0,1.0,0.0,0.0,False,Qwen/Qwen2.5-VL-7B-Instruct-AWQ,None
630@y_name@DESC,Bar,Medium,0.0,0.0,0.0,0.0,0.0,1.0,0.0,0.0,0.0,1.0,0.0,0.0,,True,Qwen/Qwen2.5-VL-7B-Instruct-AWQ,None
630@y_name@DESC,Bar,Medium,0.0,0.0,0.0,0.0,0.0,1.0,0.0,0.0,0.0,1.0,0.0,0.0,,True,Qwen/Qwen2.5-VL-7B-Instruct-AWQ,None
630@y_name@DESC,Bar,Medium,0.0,0.0,0.0,0.0,0.0,1.0,0.0,0.0,0.0,1.0,0.0,0.0,,True,Qwen/Qwen2.5-VL-7B-Instruct-AWQ,None
633@y_name@DESC,Bar,Hard,0.0,0.0,0.0,0.0,0.0,0.0,0.0,0.0,0.0,0.0,1.0,0.0,0.0,True,Qwen/Qwen2.5-VL-7B-Instruct-AWQ,None
633@y_name@DESC,Bar,Hard,0.0,0.0,0.0,0.0,0.0,0.0,0.0,0.0,0.0,0.0,1.0,0.0,0.0,True,Qwen/Qwen2.5-VL-7B-Instruct-AWQ,None
633@y_name@DESC,Bar,Hard,0.0,0.0,0.0,0.0,0.0,0.0,0.0,0.0,0.0,0.0,1.0,0.0,0.0,True,Qwen/Qwen2.5-VL-7B-Instruct-AWQ,None
636@y_name@DESC,Bar,Hard,0.0,0.0,0.0,0.0,1.0,0.0,0.0,0.0,0.0,1.0,0.0,0.0,,True,Qwen/Qwen2.5-VL-7B-Instruct-AWQ,None
636@y_name@DESC,Bar,Hard,0.0,0.0,0.0,0.0,1.0,0.0,0.0,0.0,0.0,1.0,0.0,0.0,,True,Qwen/Qwen2.5-VL-7B-Instruct-AWQ,None
636@y_name@DESC,Bar,Hard,0.0,0.0,0.0,0.0,1.0,0.0,0.0,0.0,0.0,1.0,0.0,0.0,,True,Qwen/Qwen2.5-VL-7B-Instruct-AWQ,None
640@x_name@ASC,Line,Medium,0.0,0.0,0.0,0.0,0.5,0.0,0.0,0.0,0.0,0.5,0.5,0.0,0.0,False,Qwen/Qwen2.5-VL-7B-Instruct-AWQ,None
640@x_name@ASC,Line,Medium,0.0,0.0,0.0,0.0,0.5,0.0,0.0,0.0,0.0,0.5,0.5,0.0,0.0,False,Qwen/Qwen2.5-VL-7B-Instruct-AWQ,None
640@x_name@ASC,Line,Medium,0.0,0.0,0.0,0.0,0.5,0.0,0.0,0.0,0.0,0.5,0.5,0.0,0.0,False,Qwen/Qwen2.5-VL-7B-Instruct-AWQ,None
642@x_name@DESC,Line,Medium,0.0,0.0,0.0,0.0,0.0,1.0,0.0,0.0,0.0,1.0,0.0,0.0,,False,Qwen/Qwen2.5-VL-7B-Instruct-AWQ,None
642@x_name@DESC,Line,Medium,0.0,0.0,0.0,0.0,0.0,1.0,0.0,0.0,0.0,1.0,0.0,0.0,,False,Qwen/Qwen2.5-VL-7B-Instruct-AWQ,None
642@x_name@DESC,Line,Medium,0.0,0.0,0.0,0.0,0.0,1.0,0.0,0.0,0.0,1.0,0.0,0.0,,False,Qwen/Qwen2.5-VL-7B-Instruct-AWQ,None
647@x_name@DESC,Grouping Line,Hard,0.0,0.0,0.0,1.0,1.0,0.0,0.0,0.0,0.0,1.0,0.0,0.0,,False,Qwen/Qwen2.5-VL-7B-Instruct-AWQ,None
647@x_name@DESC,Grouping Line,Hard,0.0,0.0,0.0,1.0,1.0,0.0,0.0,0.0,0.0,1.0,0.0,0.0,,False,Qwen/Qwen2.5-VL-7B-Instruct-AWQ,None
647@x_name@DESC,Grouping Line,Hard,0.0,0.0,0.0,1.0,1.0,0.0,0.0,0.0,0.0,1.0,0.0,0.0,,False,Qwen/Qwen2.5-VL-7B-Instruct-AWQ,None
648@x_name@ASC,Grouping Line,Extra Hard,0.0,0.0,0.0,0.5,0.5,0.0,0.0,0.0,0.0,0.5,0.5,0.0,0.0,False,Qwen/Qwen2.5-VL-7B-Instruct-AWQ,None
648@x_name@ASC,Grouping Line,Extra Hard,0.0,0.0,0.0,0.5,0.5,0.0,0.0,0.0,0.0,0.5,0.5,0.0,0.0,False,Qwen/Qwen2.5-VL-7B-Instruct-AWQ,None
648@x_name@ASC,Grouping Line,Extra Hard,0.0,0.0,0.0,0.5,0.5,0.0,0.0,0.0,0.0,0.5,0.5,0.0,0.0,False,Qwen/Qwen2.5-VL-7B-Instruct-AWQ,None
652@x_name@DESC,Bar,Extra Hard,0.0,0.0,0.0,0.0,0.0,1.0,0.0,0.0,0.0,1.0,0.0,0.0,,True,Qwen/Qwen2.5-VL-7B-Instruct-AWQ,None
652@x_name@DESC,Bar,Extra Hard,0.0,0.0,0.0,0.0,0.0,1.0,0.0,0.0,0.0,1.0,0.0,0.0,,True,Qwen/Qwen2.5-VL-7B-Instruct-AWQ,None
652@x_name@DESC,Bar,Extra Hard,0.0,0.0,0.0,0.0,0.0,1.0,0.0,0.0,0.0,1.0,0.0,0.0,,True,Qwen/Qwen2.5-VL-7B-Instruct-AWQ,None
653@x_name@DESC,Bar,Extra Hard,1.0,0.0,0.0,0.0,0.0,0.0,0.0,0.0,1.0,0.0,0.0,0.0,,True,Qwen/Qwen2.5-VL-7B-Instruct-AWQ,None
653@x_name@DESC,Bar,Extra Hard,1.0,0.0,0.0,0.0,0.0,0.0,0.0,0.0,1.0,0.0,0.0,0.0,,True,Qwen/Qwen2.5-VL-7B-Instruct-AWQ,None
653@x_name@DESC,Bar,Extra Hard,1.0,0.0,0.0,0.0,0.0,0.0,0.0,0.0,1.0,0.0,0.0,0.0,,True,Qwen/Qwen2.5-VL-7B-Instruct-AWQ,None
654@x_name@DESC,Bar,Medium,0.25,0.0,0.0,0.0,0.0,0.75,0.0,0.0,0.25,0.75,0.0,0.0,,False,Qwen/Qwen2.5-VL-7B-Instruct-AWQ,None
654@x_name@DESC,Bar,Medium,0.25,0.0,0.0,0.0,0.0,0.75,0.0,0.0,0.25,0.75,0.0,0.0,,False,Qwen/Qwen2.5-VL-7B-Instruct-AWQ,None
654@x_name@DESC,Bar,Medium,0.25,0.0,0.0,0.0,0.0,0.75,0.0,0.0,0.25,0.75,0.0,0.0,,False,Qwen/Qwen2.5-VL-7B-Instruct-AWQ,None
655@x_name@DESC,Bar,Medium,0.0,0.0,0.0,0.0,0.0,1.0,0.0,0.0,0.0,1.0,0.0,0.0,,False,Qwen/Qwen2.5-VL-7B-Instruct-AWQ,None
655@x_name@DESC,Bar,Medium,0.0,0.0,0.0,0.0,0.0,1.0,0.0,0.0,0.0,1.0,0.0,0.0,,False,Qwen/Qwen2.5-VL-7B-Instruct-AWQ,None
655@x_name@DESC,Bar,Medium,0.0,0.0,0.0,0.0,0.0,1.0,0.0,0.0,0.0,1.0,0.0,0.0,,False,Qwen/Qwen2.5-VL-7B-Instruct-AWQ,None
657@y_name@ASC,Bar,Hard,0.5,0.0,0.0,0.0,0.0,0.5,0.0,0.0,0.5,0.5,0.0,0.0,,False,Qwen/Qwen2.5-VL-7B-Instruct-AWQ,None
657@y_name@ASC,Bar,Hard,0.5,0.0,0.0,0.0,0.0,0.5,0.0,0.0,0.5,0.5,0.0,0.0,,False,Qwen/Qwen2.5-VL-7B-Instruct-AWQ,None
657@y_name@ASC,Bar,Hard,0.5,0.0,0.0,0.0,0.0,0.5,0.0,0.0,0.5,0.5,0.0,0.0,,False,Qwen/Qwen2.5-VL-7B-Instruct-AWQ,None
713@y_name@DESC,Bar,Hard,0.0,0.0,0.0,0.0,0.0,0.0,0.0,0.0,0.0,0.0,1.0,0.0,0.0,True,Qwen/Qwen2.5-VL-7B-Instruct-AWQ,None
713@y_name@DESC,Bar,Hard,0.0,0.0,0.0,0.0,0.0,0.0,0.0,0.0,0.0,0.0,1.0,0.0,0.0,True,Qwen/Qwen2.5-VL-7B-Instruct-AWQ,None
713@y_name@DESC,Bar,Hard,0.0,0.0,0.0,0.0,0.0,0.0,0.0,0.0,0.0,0.0,1.0,0.0,0.0,True,Qwen/Qwen2.5-VL-7B-Instruct-AWQ,None
715@y_name@DESC,Bar,Hard,0.5,0.0,0.0,0.0,0.5,0.0,0.0,0.0,0.5,0.5,0.0,0.0,,True,Qwen/Qwen2.5-VL-7B-Instruct-AWQ,None
715@y_name@DESC,Bar,Hard,0.5,0.0,0.0,0.0,0.5,0.0,0.0,0.0,0.5,0.5,0.0,0.0,,True,Qwen/Qwen2.5-VL-7B-Instruct-AWQ,None
715@y_name@DESC,Bar,Hard,0.5,0.0,0.0,0.0,0.5,0.0,0.0,0.0,0.5,0.5,0.0,0.0,,True,Qwen/Qwen2.5-VL-7B-Instruct-AWQ,None
719@x_name@DESC,Bar,Hard,0.0,0.0,0.0,0.0,1.0,0.0,0.0,0.0,0.0,1.0,0.0,0.0,,True,Qwen/Qwen2.5-VL-7B-Instruct-AWQ,None
719@x_name@DESC,Bar,Hard,0.0,0.0,0.0,0.0,1.0,0.0,0.0,0.0,0.0,1.0,0.0,0.0,,True,Qwen/Qwen2.5-VL-7B-Instruct-AWQ,None
719@x_name@DESC,Bar,Hard,0.0,0.0,0.0,0.0,1.0,0.0,0.0,0.0,0.0,1.0,0.0,0.0,,True,Qwen/Qwen2.5-VL-7B-Instruct-AWQ,None
380@x_name@ASC,Bar,Medium,0.4,0.0,0.0,0.0,0.0,0.0,0.0,0.0,0.4,0.0,0.6,0.0,0.0,False,Qwen/Qwen2.5-VL-7B-Instruct-AWQ,None
380@x_name@ASC,Bar,Medium,0.4,0.0,0.0,0.0,0.0,0.0,0.0,0.0,0.4,0.0,0.6,0.0,0.0,False,Qwen/Qwen2.5-VL-7B-Instruct-AWQ,None
380@x_name@ASC,Bar,Medium,0.4,0.0,0.0,0.0,0.0,0.0,0.0,0.0,0.4,0.0,0.6,0.0,0.0,False,Qwen/Qwen2.5-VL-7B-Instruct-AWQ,None
383@x_name@ASC,Bar,Medium,0.3333333333333333,0.0,0.0,0.0,0.3333333333333333,0.0,0.0,0.0,0.3333333333333333,0.3333333333333333,0.3333333333333333,0.0,0.0,False,Qwen/Qwen2.5-VL-7B-Instruct-AWQ,None
383@x_name@ASC,Bar,Medium,0.3333333333333333,0.0,0.0,0.0,0.3333333333333333,0.0,0.0,0.0,0.3333333333333333,0.3333333333333333,0.3333333333333333,0.0,0.0,False,Qwen/Qwen2.5-VL-7B-Instruct-AWQ,None
383@x_name@ASC,Bar,Medium,0.3333333333333333,0.0,0.0,0.0,0.3333333333333333,0.0,0.0,0.0,0.3333333333333333,0.3333333333333333,0.3333333333333333,0.0,0.0,False,Qwen/Qwen2.5-VL-7B-Instruct-AWQ,None
394@y_name@DESC,Bar,Easy,0.0,0.0,0.0,0.0,0.0,0.0,0.0,0.0,0.0,0.0,1.0,0.0,0.0,False,Qwen/Qwen2.5-VL-7B-Instruct-AWQ,None
394@y_name@DESC,Bar,Easy,0.0,0.0,0.0,0.0,0.0,0.0,0.0,0.0,0.0,0.0,1.0,0.0,0.0,False,Qwen/Qwen2.5-VL-7B-Instruct-AWQ,None
394@y_name@DESC,Bar,Easy,0.0,0.0,0.0,0.0,0.0,0.0,0.0,0.0,0.0,0.0,1.0,0.0,0.0,False,Qwen/Qwen2.5-VL-7B-Instruct-AWQ,None
395@x_name@ASC,Bar,Easy,0.0,0.0,0.0,0.0,0.0,0.0,0.0,0.0,0.0,0.0,1.0,0.0,0.0,False,Qwen/Qwen2.5-VL-7B-Instruct-AWQ,None
395@x_name@ASC,Bar,Easy,0.0,0.0,0.0,0.0,0.0,0.0,0.0,0.0,0.0,0.0,1.0,0.0,0.0,False,Qwen/Qwen2.5-VL-7B-Instruct-AWQ,None
395@x_name@ASC,Bar,Easy,0.0,0.0,0.0,0.0,0.0,0.0,0.0,0.0,0.0,0.0,1.0,0.0,0.0,False,Qwen/Qwen2.5-VL-7B-Instruct-AWQ,None
406@x_name@ASC,Bar,Easy,0.0,0.0,0.0,0.0,0.0,1.0,0.0,0.0,0.0,1.0,0.0,0.0,,False,Qwen/Qwen2.5-VL-7B-Instruct-AWQ,None
406@x_name@ASC,Bar,Easy,0.0,0.0,0.0,0.0,0.0,1.0,0.0,0.0,0.0,1.0,0.0,0.0,,False,Qwen/Qwen2.5-VL-7B-Instruct-AWQ,None
406@x_name@ASC,Bar,Easy,0.0,0.0,0.0,0.0,0.0,1.0,0.0,0.0,0.0,1.0,0.0,0.0,,False,Qwen/Qwen2.5-VL-7B-Instruct-AWQ,None
723@y_name@ASC,Bar,Hard,0.0,0.0,0.0,0.0,1.0,0.0,0.0,0.0,0.0,1.0,0.0,0.0,,True,Qwen/Qwen2.5-VL-7B-Instruct-AWQ,None
723@y_name@ASC,Bar,Hard,0.0,0.0,0.0,0.0,1.0,0.0,0.0,0.0,0.0,1.0,0.0,0.0,,True,Qwen/Qwen2.5-VL-7B-Instruct-AWQ,None
723@y_name@ASC,Bar,Hard,0.0,0.0,0.0,0.0,1.0,0.0,0.0,0.0,0.0,1.0,0.0,0.0,,True,Qwen/Qwen2.5-VL-7B-Instruct-AWQ,None
725@x_name@DESC,Bar,Hard,0.0,0.0,0.0,0.0,0.0,0.0,0.0,0.0,0.0,0.0,1.0,0.0,0.0,True,Qwen/Qwen2.5-VL-7B-Instruct-AWQ,None
725@x_name@DESC,Bar,Hard,0.0,0.0,0.0,0.0,0.0,0.0,0.0,0.0,0.0,0.0,1.0,0.0,0.0,True,Qwen/Qwen2.5-VL-7B-Instruct-AWQ,None
725@x_name@DESC,Bar,Hard,0.0,0.0,0.0,0.0,0.0,0.0,0.0,0.0,0.0,0.0,1.0,0.0,0.0,True,Qwen/Qwen2.5-VL-7B-Instruct-AWQ,None
726@y_name@DESC,Bar,Medium,0.5,0.0,0.0,0.0,0.0,0.0,0.0,0.0,0.5,0.0,0.5,0.0,0.0,False,Qwen/Qwen2.5-VL-7B-Instruct-AWQ,None
726@y_name@DESC,Bar,Medium,0.5,0.0,0.0,0.0,0.0,0.0,0.0,0.0,0.5,0.0,0.5,0.0,0.0,False,Qwen/Qwen2.5-VL-7B-Instruct-AWQ,None
726@y_name@DESC,Bar,Medium,0.5,0.0,0.0,0.0,0.0,0.0,0.0,0.0,0.5,0.0,0.5,0.0,0.0,False,Qwen/Qwen2.5-VL-7B-Instruct-AWQ,None
3208@x_name@DESC,Bar,Medium,0.0,0.0,0.0,0.0,1.0,0.0,0.0,0.0,0.0,1.0,0.0,0.0,,False,Qwen/Qwen2.5-VL-7B-Instruct-AWQ,None
3208@x_name@DESC,Bar,Medium,0.0,0.0,0.0,0.0,1.0,0.0,0.0,0.0,0.0,1.0,0.0,0.0,,False,Qwen/Qwen2.5-VL-7B-Instruct-AWQ,None
3208@x_name@DESC,Bar,Medium,0.0,0.0,0.0,0.0,1.0,0.0,0.0,0.0,0.0,1.0,0.0,0.0,,False,Qwen/Qwen2.5-VL-7B-Instruct-AWQ,None
3210@x_name@DESC,Line,Easy,0.0,0.0,0.0,1.0,1.0,0.0,0.0,0.0,0.0,1.0,0.0,0.0,,False,Qwen/Qwen2.5-VL-7B-Instruct-AWQ,None
3210@x_name@DESC,Line,Easy,0.0,0.0,0.0,1.0,1.0,0.0,0.0,0.0,0.0,1.0,0.0,0.0,,False,Qwen/Qwen2.5-VL-7B-Instruct-AWQ,None
3210@x_name@DESC,Line,Easy,0.0,0.0,0.0,1.0,1.0,0.0,0.0,0.0,0.0,1.0,0.0,0.0,,False,Qwen/Qwen2.5-VL-7B-Instruct-AWQ,None
3214@x_name@DESC,Bar,Hard,0.0,0.0,0.0,0.0,0.0,0.0,0.0,0.0,0.0,0.0,1.0,0.0,0.0,False,Qwen/Qwen2.5-VL-7B-Instruct-AWQ,None
3214@x_name@DESC,Bar,Hard,0.0,0.0,0.0,0.0,0.0,0.0,0.0,0.0,0.0,0.0,1.0,0.0,0.0,False,Qwen/Qwen2.5-VL-7B-Instruct-AWQ,None
3214@x_name@DESC,Bar,Hard,0.0,0.0,0.0,0.0,0.0,0.0,0.0,0.0,0.0,0.0,1.0,0.0,0.0,False,Qwen/Qwen2.5-VL-7B-Instruct-AWQ,None
3216@y_name@ASC,Bar,Medium,0.0,0.0,0.0,0.0,0.0,0.0,0.0,0.0,0.0,0.0,1.0,0.0,0.0,False,Qwen/Qwen2.5-VL-7B-Instruct-AWQ,None
3216@y_name@ASC,Bar,Medium,0.0,0.0,0.0,0.0,0.0,0.0,0.0,0.0,0.0,0.0,1.0,0.0,0.0,False,Qwen/Qwen2.5-VL-7B-Instruct-AWQ,None
3216@y_name@ASC,Bar,Medium,0.0,0.0,0.0,0.0,0.0,0.0,0.0,0.0,0.0,0.0,1.0,0.0,0.0,False,Qwen/Qwen2.5-VL-7B-Instruct-AWQ,None
3218@x_name@DESC,Line,Medium,0.5,0.0,0.0,0.0,0.0,0.5,0.0,0.0,0.5,0.5,0.0,0.0,,False,Qwen/Qwen2.5-VL-7B-Instruct-AWQ,None
3218@x_name@DESC,Line,Medium,0.5,0.0,0.0,0.0,0.0,0.5,0.0,0.0,0.5,0.5,0.0,0.0,,False,Qwen/Qwen2.5-VL-7B-Instruct-AWQ,None
3218@x_name@DESC,Line,Medium,0.5,0.0,0.0,0.0,0.0,0.5,0.0,0.0,0.5,0.5,0.0,0.0,,False,Qwen/Qwen2.5-VL-7B-Instruct-AWQ,None
2066@y_name@DESC,Bar,Hard,0.0,0.0,0.0,0.0,0.3333333333333333,0.0,0.0,0.0,0.0,0.3333333333333333,0.6666666666666666,0.0,0.0,False,Qwen/Qwen2.5-VL-7B-Instruct-AWQ,None
2066@y_name@DESC,Bar,Hard,0.0,0.0,0.0,0.0,0.3333333333333333,0.0,0.0,0.0,0.0,0.3333333333333333,0.6666666666666666,0.0,0.0,False,Qwen/Qwen2.5-VL-7B-Instruct-AWQ,None
2066@y_name@DESC,Bar,Hard,0.0,0.0,0.0,0.0,0.3333333333333333,0.0,0.0,0.0,0.0,0.3333333333333333,0.6666666666666666,0.0,0.0,False,Qwen/Qwen2.5-VL-7B-Instruct-AWQ,None
2072@y_name@ASC,Bar,Hard,0.0,0.0,0.0,0.0,0.0,0.5,0.0,0.0,0.0,0.5,0.5,0.0,0.0,True,Qwen/Qwen2.5-VL-7B-Instruct-AWQ,None
2072@y_name@ASC,Bar,Hard,0.0,0.0,0.0,0.0,0.0,0.5,0.0,0.0,0.0,0.5,0.5,0.0,0.0,True,Qwen/Qwen2.5-VL-7B-Instruct-AWQ,None
2072@y_name@ASC,Bar,Hard,0.0,0.0,0.0,0.0,0.0,0.5,0.0,0.0,0.0,0.5,0.5,0.0,0.0,True,Qwen/Qwen2.5-VL-7B-Instruct-AWQ,None
2655@x_name@ASC,Bar,Medium,0.0,0.0,0.0,0.0,0.0,0.0,0.0,0.0,0.0,0.0,1.0,0.0,0.0,False,Qwen/Qwen2.5-VL-7B-Instruct-AWQ,None
2655@x_name@ASC,Bar,Medium,0.0,0.0,0.0,0.0,0.0,0.0,0.0,0.0,0.0,0.0,1.0,0.0,0.0,False,Qwen/Qwen2.5-VL-7B-Instruct-AWQ,None
2655@x_name@ASC,Bar,Medium,0.0,0.0,0.0,0.0,0.0,0.0,0.0,0.0,0.0,0.0,1.0,0.0,0.0,False,Qwen/Qwen2.5-VL-7B-Instruct-AWQ,None
2658@y_name@ASC,Bar,Medium,0.0,0.0,0.0,0.0,0.0,0.0,0.0,0.0,0.0,0.0,1.0,0.0,0.0,False,Qwen/Qwen2.5-VL-7B-Instruct-AWQ,None
2658@y_name@ASC,Bar,Medium,0.0,0.0,0.0,0.0,0.0,0.0,0.0,0.0,0.0,0.0,1.0,0.0,0.0,False,Qwen/Qwen2.5-VL-7B-Instruct-AWQ,None
2658@y_name@ASC,Bar,Medium,0.0,0.0,0.0,0.0,0.0,0.0,0.0,0.0,0.0,0.0,1.0,0.0,0.0,False,Qwen/Qwen2.5-VL-7B-Instruct-AWQ,None
2659@x_name@ASC,Bar,Medium,0.5,0.0,0.0,0.0,0.5,0.0,0.0,0.0,0.5,0.5,0.0,0.0,,False,Qwen/Qwen2.5-VL-7B-Instruct-AWQ,None
2659@x_name@ASC,Bar,Medium,0.5,0.0,0.0,0.0,0.5,0.0,0.0,0.0,0.5,0.5,0.0,0.0,,False,Qwen/Qwen2.5-VL-7B-Instruct-AWQ,None
2659@x_name@ASC,Bar,Medium,0.5,0.0,0.0,0.0,0.5,0.0,0.0,0.0,0.5,0.5,0.0,0.0,,False,Qwen/Qwen2.5-VL-7B-Instruct-AWQ,None
2691@x_name@ASC,Bar,Hard,0.0,0.0,0.0,0.0,0.0,1.0,0.0,0.0,0.0,1.0,0.0,0.0,,True,Qwen/Qwen2.5-VL-7B-Instruct-AWQ,None
2691@x_name@ASC,Bar,Hard,0.0,0.0,0.0,0.0,0.0,1.0,0.0,0.0,0.0,1.0,0.0,0.0,,True,Qwen/Qwen2.5-VL-7B-Instruct-AWQ,None
2691@x_name@ASC,Bar,Hard,0.0,0.0,0.0,0.0,0.0,1.0,0.0,0.0,0.0,1.0,0.0,0.0,,True,Qwen/Qwen2.5-VL-7B-Instruct-AWQ,None
2360@y_name@DESC,Bar,Hard,1.0,0.0,0.0,0.0,0.0,0.0,0.0,0.0,1.0,0.0,0.0,0.0,,True,Qwen/Qwen2.5-VL-7B-Instruct-AWQ,None
2360@y_name@DESC,Bar,Hard,1.0,0.0,0.0,0.0,0.0,0.0,0.0,0.0,1.0,0.0,0.0,0.0,,True,Qwen/Qwen2.5-VL-7B-Instruct-AWQ,None
2360@y_name@DESC,Bar,Hard,1.0,0.0,0.0,0.0,0.0,0.0,0.0,0.0,1.0,0.0,0.0,0.0,,True,Qwen/Qwen2.5-VL-7B-Instruct-AWQ,None
2369@y_name@DESC,Bar,Hard,0.3333333333333333,0.0,0.0,0.0,0.0,0.0,0.0,0.0,0.3333333333333333,0.0,0.6666666666666666,0.0,0.0,True,Qwen/Qwen2.5-VL-7B-Instruct-AWQ,None
2369@y_name@DESC,Bar,Hard,0.3333333333333333,0.0,0.0,0.0,0.0,0.0,0.0,0.0,0.3333333333333333,0.0,0.6666666666666666,0.0,0.0,True,Qwen/Qwen2.5-VL-7B-Instruct-AWQ,None
2369@y_name@DESC,Bar,Hard,0.3333333333333333,0.0,0.0,0.0,0.0,0.0,0.0,0.0,0.3333333333333333,0.0,0.6666666666666666,0.0,0.0,True,Qwen/Qwen2.5-VL-7B-Instruct-AWQ,None
2383@x_name@ASC,Bar,Medium,1.0,0.0,0.0,0.0,0.0,0.0,0.0,0.0,1.0,0.0,0.0,0.0,,True,Qwen/Qwen2.5-VL-7B-Instruct-AWQ,None
2383@x_name@ASC,Bar,Medium,1.0,0.0,0.0,0.0,0.0,0.0,0.0,0.0,1.0,0.0,0.0,0.0,,True,Qwen/Qwen2.5-VL-7B-Instruct-AWQ,None
2383@x_name@ASC,Bar,Medium,1.0,0.0,0.0,0.0,0.0,0.0,0.0,0.0,1.0,0.0,0.0,0.0,,True,Qwen/Qwen2.5-VL-7B-Instruct-AWQ,None
2398@y_name@DESC,Bar,Hard,1.0,0.0,0.0,0.0,0.0,0.0,0.0,0.0,1.0,0.0,0.0,0.0,,True,Qwen/Qwen2.5-VL-7B-Instruct-AWQ,None
2398@y_name@DESC,Bar,Hard,1.0,0.0,0.0,0.0,0.0,0.0,0.0,0.0,1.0,0.0,0.0,0.0,,True,Qwen/Qwen2.5-VL-7B-Instruct-AWQ,None
2398@y_name@DESC,Bar,Hard,1.0,0.0,0.0,0.0,0.0,0.0,0.0,0.0,1.0,0.0,0.0,0.0,,True,Qwen/Qwen2.5-VL-7B-Instruct-AWQ,None
2402@y_name@ASC,Bar,Hard,0.6666666666666666,0.0,0.0,0.0,0.0,0.0,0.0,0.0,0.6666666666666666,0.0,0.3333333333333333,0.0,0.0,True,Qwen/Qwen2.5-VL-7B-Instruct-AWQ,None
2402@y_name@ASC,Bar,Hard,0.6666666666666666,0.0,0.0,0.0,0.0,0.0,0.0,0.0,0.6666666666666666,0.0,0.3333333333333333,0.0,0.0,True,Qwen/Qwen2.5-VL-7B-Instruct-AWQ,None
2402@y_name@ASC,Bar,Hard,0.6666666666666666,0.0,0.0,0.0,0.0,0.0,0.0,0.0,0.6666666666666666,0.0,0.3333333333333333,0.0,0.0,True,Qwen/Qwen2.5-VL-7B-Instruct-AWQ,None
2405@y_name@DESC,Bar,Extra Hard,0.0,0.0,0.0,0.0,0.25,0.0,0.0,0.0,0.0,0.25,0.75,0.0,0.0,True,Qwen/Qwen2.5-VL-7B-Instruct-AWQ,None
2405@y_name@DESC,Bar,Extra Hard,0.0,0.0,0.0,0.0,0.25,0.0,0.0,0.0,0.0,0.25,0.75,0.0,0.0,True,Qwen/Qwen2.5-VL-7B-Instruct-AWQ,None
2405@y_name@DESC,Bar,Extra Hard,0.0,0.0,0.0,0.0,0.25,0.0,0.0,0.0,0.0,0.25,0.75,0.0,0.0,True,Qwen/Qwen2.5-VL-7B-Instruct-AWQ,None
1432@y_name@DESC,Bar,Hard,1.0,0.0,0.0,0.0,0.0,0.0,0.0,0.0,1.0,0.0,0.0,0.0,,True,Qwen/Qwen2.5-VL-7B-Instruct-AWQ,None
1432@y_name@DESC,Bar,Hard,1.0,0.0,0.0,0.0,0.0,0.0,0.0,0.0,1.0,0.0,0.0,0.0,,True,Qwen/Qwen2.5-VL-7B-Instruct-AWQ,None
1432@y_name@DESC,Bar,Hard,1.0,0.0,0.0,0.0,0.0,0.0,0.0,0.0,1.0,0.0,0.0,0.0,,True,Qwen/Qwen2.5-VL-7B-Instruct-AWQ,None
679@x_name@ASC,Bar,Medium,0.0,0.0,0.0,0.0,0.0,0.0,0.0,0.0,0.0,0.0,1.0,0.0,0.0,False,Qwen/Qwen2.5-VL-7B-Instruct-AWQ,None
679@x_name@ASC,Bar,Medium,0.0,0.0,0.0,0.0,0.0,0.0,0.0,0.0,0.0,0.0,1.0,0.0,0.0,False,Qwen/Qwen2.5-VL-7B-Instruct-AWQ,None
679@x_name@ASC,Bar,Medium,0.0,0.0,0.0,0.0,0.0,0.0,0.0,0.0,0.0,0.0,1.0,0.0,0.0,False,Qwen/Qwen2.5-VL-7B-Instruct-AWQ,None
680@y_name@DESC,Stacked Bar,Hard,0.5,0.0,0.0,0.0,0.5,0.0,0.0,0.0,0.5,0.5,0.0,0.0,,False,Qwen/Qwen2.5-VL-7B-Instruct-AWQ,None
680@y_name@DESC,Stacked Bar,Hard,0.5,0.0,0.0,0.0,0.5,0.0,0.0,0.0,0.5,0.5,0.0,0.0,,False,Qwen/Qwen2.5-VL-7B-Instruct-AWQ,None
680@y_name@DESC,Stacked Bar,Hard,0.5,0.0,0.0,0.0,0.5,0.0,0.0,0.0,0.5,0.5,0.0,0.0,,False,Qwen/Qwen2.5-VL-7B-Instruct-AWQ,None
682@x_name@ASC,Bar,Medium,0.0,0.0,0.0,0.0,0.0,1.0,0.0,0.0,0.0,1.0,0.0,0.0,,False,Qwen/Qwen2.5-VL-7B-Instruct-AWQ,None
682@x_name@ASC,Bar,Medium,0.0,0.0,0.0,0.0,0.0,1.0,0.0,0.0,0.0,1.0,0.0,0.0,,False,Qwen/Qwen2.5-VL-7B-Instruct-AWQ,None
682@x_name@ASC,Bar,Medium,0.0,0.0,0.0,0.0,0.0,1.0,0.0,0.0,0.0,1.0,0.0,0.0,,False,Qwen/Qwen2.5-VL-7B-Instruct-AWQ,None
2494@x_name@DESC,Bar,Medium,0.0,0.0,1.0,0.0,0.0,0.0,0.0,0.0,0.0,1.0,0.0,0.0,,False,Qwen/Qwen2.5-VL-7B-Instruct-AWQ,None
2494@x_name@DESC,Bar,Medium,0.0,0.0,1.0,0.0,0.0,0.0,0.0,0.0,0.0,1.0,0.0,0.0,,False,Qwen/Qwen2.5-VL-7B-Instruct-AWQ,None
2494@x_name@DESC,Bar,Medium,0.0,0.0,1.0,0.0,0.0,0.0,0.0,0.0,0.0,1.0,0.0,0.0,,False,Qwen/Qwen2.5-VL-7B-Instruct-AWQ,None
415@x_name@DESC,Line,Medium,0.0,0.0,0.0,0.0,0.0,0.0,0.0,0.0,0.0,0.0,1.0,0.0,0.0,False,Qwen/Qwen2.5-VL-7B-Instruct-AWQ,None
415@x_name@DESC,Line,Medium,0.0,0.0,0.0,0.0,0.0,0.0,0.0,0.0,0.0,0.0,1.0,0.0,0.0,False,Qwen/Qwen2.5-VL-7B-Instruct-AWQ,None
415@x_name@DESC,Line,Medium,0.0,0.0,0.0,0.0,0.0,0.0,0.0,0.0,0.0,0.0,1.0,0.0,0.0,False,Qwen/Qwen2.5-VL-7B-Instruct-AWQ,None
420@x_name@ASC,Bar,Hard,1.0,0.0,0.0,0.0,0.0,0.0,0.0,0.0,1.0,0.0,0.0,0.0,,True,Qwen/Qwen2.5-VL-7B-Instruct-AWQ,None
420@x_name@ASC,Bar,Hard,1.0,0.0,0.0,0.0,0.0,0.0,0.0,0.0,1.0,0.0,0.0,0.0,,True,Qwen/Qwen2.5-VL-7B-Instruct-AWQ,None
420@x_name@ASC,Bar,Hard,1.0,0.0,0.0,0.0,0.0,0.0,0.0,0.0,1.0,0.0,0.0,0.0,,True,Qwen/Qwen2.5-VL-7B-Instruct-AWQ,None
434@y_name@DESC,Bar,Hard,1.0,0.0,0.0,0.0,0.0,0.0,0.0,0.0,1.0,0.0,0.0,0.0,,True,Qwen/Qwen2.5-VL-7B-Instruct-AWQ,None
434@y_name@DESC,Bar,Hard,1.0,0.0,0.0,0.0,0.0,0.0,0.0,0.0,1.0,0.0,0.0,0.0,,True,Qwen/Qwen2.5-VL-7B-Instruct-AWQ,None
434@y_name@DESC,Bar,Hard,1.0,0.0,0.0,0.0,0.0,0.0,0.0,0.0,1.0,0.0,0.0,0.0,,True,Qwen/Qwen2.5-VL-7B-Instruct-AWQ,None
1032@y_name@DESC,Bar,Medium,0.0,0.0,0.0,0.16666666666666666,0.16666666666666666,0.0,0.0,0.0,0.0,0.16666666666666666,0.8333333333333334,0.0,0.0,False,Qwen/Qwen2.5-VL-7B-Instruct-AWQ,None
1032@y_name@DESC,Bar,Medium,0.0,0.0,0.0,0.16666666666666666,0.16666666666666666,0.0,0.0,0.0,0.0,0.16666666666666666,0.8333333333333334,0.0,0.0,False,Qwen/Qwen2.5-VL-7B-Instruct-AWQ,None
1032@y_name@DESC,Bar,Medium,0.0,0.0,0.0,0.16666666666666666,0.16666666666666666,0.0,0.0,0.0,0.0,0.16666666666666666,0.8333333333333334,0.0,0.0,False,Qwen/Qwen2.5-VL-7B-Instruct-AWQ,None
1043@y_name@DESC,Bar,Medium,0.0,0.0,0.0,0.3333333333333333,0.3333333333333333,0.0,0.0,0.0,0.0,0.3333333333333333,0.6666666666666666,0.0,0.0,False,Qwen/Qwen2.5-VL-7B-Instruct-AWQ,None
1043@y_name@DESC,Bar,Medium,0.0,0.0,0.0,0.3333333333333333,0.3333333333333333,0.0,0.0,0.0,0.0,0.3333333333333333,0.6666666666666666,0.0,0.0,False,Qwen/Qwen2.5-VL-7B-Instruct-AWQ,None
1043@y_name@DESC,Bar,Medium,0.0,0.0,0.0,0.3333333333333333,0.3333333333333333,0.0,0.0,0.0,0.0,0.3333333333333333,0.6666666666666666,0.0,0.0,False,Qwen/Qwen2.5-VL-7B-Instruct-AWQ,None
1060@y_name@DESC,Bar,Hard,0.25,0.0,0.0,0.0,0.0,0.0,0.0,0.0,0.25,0.0,0.75,0.0,0.0,True,Qwen/Qwen2.5-VL-7B-Instruct-AWQ,None
1060@y_name@DESC,Bar,Hard,0.25,0.0,0.0,0.0,0.0,0.0,0.0,0.0,0.25,0.0,0.75,0.0,0.0,True,Qwen/Qwen2.5-VL-7B-Instruct-AWQ,None
1060@y_name@DESC,Bar,Hard,0.25,0.0,0.0,0.0,0.0,0.0,0.0,0.0,0.25,0.0,0.75,0.0,0.0,True,Qwen/Qwen2.5-VL-7B-Instruct-AWQ,None
2162@y_name@ASC,Bar,Extra Hard,0.6666666666666666,0.0,0.0,0.0,0.0,0.3333333333333333,0.0,0.0,0.6666666666666666,0.3333333333333333,0.0,0.0,,True,Qwen/Qwen2.5-VL-7B-Instruct-AWQ,None
2162@y_name@ASC,Bar,Extra Hard,0.6666666666666666,0.0,0.0,0.0,0.0,0.3333333333333333,0.0,0.0,0.6666666666666666,0.3333333333333333,0.0,0.0,,True,Qwen/Qwen2.5-VL-7B-Instruct-AWQ,None
2162@y_name@ASC,Bar,Extra Hard,0.6666666666666666,0.0,0.0,0.0,0.0,0.3333333333333333,0.0,0.0,0.6666666666666666,0.3333333333333333,0.0,0.0,,True,Qwen/Qwen2.5-VL-7B-Instruct-AWQ,None
2164@y_name@ASC,Bar,Hard,0.0,0.0,0.0,0.0,0.0,0.0,0.0,0.0,0.0,0.0,1.0,0.0,0.0,True,Qwen/Qwen2.5-VL-7B-Instruct-AWQ,None
2164@y_name@ASC,Bar,Hard,0.0,0.0,0.0,0.0,0.0,0.0,0.0,0.0,0.0,0.0,1.0,0.0,0.0,True,Qwen/Qwen2.5-VL-7B-Instruct-AWQ,None
2164@y_name@ASC,Bar,Hard,0.0,0.0,0.0,0.0,0.0,0.0,0.0,0.0,0.0,0.0,1.0,0.0,0.0,True,Qwen/Qwen2.5-VL-7B-Instruct-AWQ,None
2165@y_name@DESC,Bar,Hard,0.0,0.0,0.0,0.0,0.0,0.0,0.0,0.0,0.0,0.0,1.0,0.0,0.0,False,Qwen/Qwen2.5-VL-7B-Instruct-AWQ,None
2165@y_name@DESC,Bar,Hard,0.0,0.0,0.0,0.0,0.0,0.0,0.0,0.0,0.0,0.0,1.0,0.0,0.0,False,Qwen/Qwen2.5-VL-7B-Instruct-AWQ,None
2165@y_name@DESC,Bar,Hard,0.0,0.0,0.0,0.0,0.0,0.0,0.0,0.0,0.0,0.0,1.0,0.0,0.0,False,Qwen/Qwen2.5-VL-7B-Instruct-AWQ,None
2169@y_name@ASC,Bar,Medium,0.0,0.0,0.0,0.0,0.0,0.0,0.0,0.0,0.0,0.0,1.0,0.0,0.0,False,Qwen/Qwen2.5-VL-7B-Instruct-AWQ,None
2169@y_name@ASC,Bar,Medium,0.0,0.0,0.0,0.0,0.0,0.0,0.0,0.0,0.0,0.0,1.0,0.0,0.0,False,Qwen/Qwen2.5-VL-7B-Instruct-AWQ,None
2169@y_name@ASC,Bar,Medium,0.0,0.0,0.0,0.0,0.0,0.0,0.0,0.0,0.0,0.0,1.0,0.0,0.0,False,Qwen/Qwen2.5-VL-7B-Instruct-AWQ,None
2766@y_name@ASC,Bar,Extra Hard,0.3333333333333333,0.0,0.0,0.0,0.3333333333333333,0.0,0.0,0.0,0.3333333333333333,0.3333333333333333,0.3333333333333333,0.0,0.0,True,Qwen/Qwen2.5-VL-7B-Instruct-AWQ,None
2766@y_name@ASC,Bar,Extra Hard,0.3333333333333333,0.0,0.0,0.0,0.3333333333333333,0.0,0.0,0.0,0.3333333333333333,0.3333333333333333,0.3333333333333333,0.0,0.0,True,Qwen/Qwen2.5-VL-7B-Instruct-AWQ,None
2766@y_name@ASC,Bar,Extra Hard,0.3333333333333333,0.0,0.0,0.0,0.3333333333333333,0.0,0.0,0.0,0.3333333333333333,0.3333333333333333,0.3333333333333333,0.0,0.0,True,Qwen/Qwen2.5-VL-7B-Instruct-AWQ,None
3279@y_name@ASC,Bar,Medium,0.0,0.0,0.0,0.0,0.0,0.3333333333333333,0.0,0.0,0.0,0.3333333333333333,0.6666666666666666,0.0,0.0,False,Qwen/Qwen2.5-VL-7B-Instruct-AWQ,None
3279@y_name@ASC,Bar,Medium,0.0,0.0,0.0,0.0,0.0,0.3333333333333333,0.0,0.0,0.0,0.3333333333333333,0.6666666666666666,0.0,0.0,False,Qwen/Qwen2.5-VL-7B-Instruct-AWQ,None
3279@y_name@ASC,Bar,Medium,0.0,0.0,0.0,0.0,0.0,0.3333333333333333,0.0,0.0,0.0,0.3333333333333333,0.6666666666666666,0.0,0.0,False,Qwen/Qwen2.5-VL-7B-Instruct-AWQ,None
3283@y_name@ASC,Bar,Medium,0.25,0.0,0.0,0.0,0.0,0.0,0.0,0.0,0.25,0.0,0.75,0.0,0.0,False,Qwen/Qwen2.5-VL-7B-Instruct-AWQ,None
3283@y_name@ASC,Bar,Medium,0.25,0.0,0.0,0.0,0.0,0.0,0.0,0.0,0.25,0.0,0.75,0.0,0.0,False,Qwen/Qwen2.5-VL-7B-Instruct-AWQ,None
3283@y_name@ASC,Bar,Medium,0.25,0.0,0.0,0.0,0.0,0.0,0.0,0.0,0.25,0.0,0.75,0.0,0.0,False,Qwen/Qwen2.5-VL-7B-Instruct-AWQ,None
2537@y_name@DESC,Bar,Extra Hard,1.0,0.0,0.0,0.0,0.0,0.0,0.0,0.0,1.0,0.0,0.0,0.0,,True,Qwen/Qwen2.5-VL-7B-Instruct-AWQ,None
2537@y_name@DESC,Bar,Extra Hard,1.0,0.0,0.0,0.0,0.0,0.0,0.0,0.0,1.0,0.0,0.0,0.0,,True,Qwen/Qwen2.5-VL-7B-Instruct-AWQ,None
2537@y_name@DESC,Bar,Extra Hard,1.0,0.0,0.0,0.0,0.0,0.0,0.0,0.0,1.0,0.0,0.0,0.0,,True,Qwen/Qwen2.5-VL-7B-Instruct-AWQ,None
2539@y_name@ASC,Bar,Medium,0.0,0.0,0.0,0.0,0.0,0.0,0.0,0.0,0.0,0.0,1.0,0.0,0.0,False,Qwen/Qwen2.5-VL-7B-Instruct-AWQ,None
2539@y_name@ASC,Bar,Medium,0.0,0.0,0.0,0.0,0.0,0.0,0.0,0.0,0.0,0.0,1.0,0.0,0.0,False,Qwen/Qwen2.5-VL-7B-Instruct-AWQ,None
2539@y_name@ASC,Bar,Medium,0.0,0.0,0.0,0.0,0.0,0.0,0.0,0.0,0.0,0.0,1.0,0.0,0.0,False,Qwen/Qwen2.5-VL-7B-Instruct-AWQ,None
1069@x_name@DESC,Bar,Medium,0.0,0.0,0.0,0.0,0.0,1.0,0.0,0.0,0.0,1.0,0.0,0.0,,False,Qwen/Qwen2.5-VL-7B-Instruct-AWQ,None
1069@x_name@DESC,Bar,Medium,0.0,0.0,0.0,0.0,0.0,1.0,0.0,0.0,0.0,1.0,0.0,0.0,,False,Qwen/Qwen2.5-VL-7B-Instruct-AWQ,None
1069@x_name@DESC,Bar,Medium,0.0,0.0,0.0,0.0,0.0,1.0,0.0,0.0,0.0,1.0,0.0,0.0,,False,Qwen/Qwen2.5-VL-7B-Instruct-AWQ,None
1077@y_name@ASC,Bar,Medium,0.0,0.0,0.0,0.0,0.0,0.0,0.0,0.0,0.0,0.0,1.0,0.0,0.0,False,Qwen/Qwen2.5-VL-7B-Instruct-AWQ,None
1077@y_name@ASC,Bar,Medium,0.0,0.0,0.0,0.0,0.0,0.0,0.0,0.0,0.0,0.0,1.0,0.0,0.0,False,Qwen/Qwen2.5-VL-7B-Instruct-AWQ,None
1077@y_name@ASC,Bar,Medium,0.0,0.0,0.0,0.0,0.0,0.0,0.0,0.0,0.0,0.0,1.0,0.0,0.0,False,Qwen/Qwen2.5-VL-7B-Instruct-AWQ,None
1078@x_name@ASC,Bar,Hard,1.0,0.0,0.0,0.0,0.0,0.0,0.0,0.0,1.0,0.0,0.0,0.0,,True,Qwen/Qwen2.5-VL-7B-Instruct-AWQ,None
1078@x_name@ASC,Bar,Hard,1.0,0.0,0.0,0.0,0.0,0.0,0.0,0.0,1.0,0.0,0.0,0.0,,True,Qwen/Qwen2.5-VL-7B-Instruct-AWQ,None
1078@x_name@ASC,Bar,Hard,1.0,0.0,0.0,0.0,0.0,0.0,0.0,0.0,1.0,0.0,0.0,0.0,,True,Qwen/Qwen2.5-VL-7B-Instruct-AWQ,None
1080@x_name@DESC,Bar,Hard,1.0,0.0,0.0,0.0,0.0,0.0,0.0,0.0,1.0,0.0,0.0,0.0,,True,Qwen/Qwen2.5-VL-7B-Instruct-AWQ,None
1080@x_name@DESC,Bar,Hard,1.0,0.0,0.0,0.0,0.0,0.0,0.0,0.0,1.0,0.0,0.0,0.0,,True,Qwen/Qwen2.5-VL-7B-Instruct-AWQ,None
1080@x_name@DESC,Bar,Hard,1.0,0.0,0.0,0.0,0.0,0.0,0.0,0.0,1.0,0.0,0.0,0.0,,True,Qwen/Qwen2.5-VL-7B-Instruct-AWQ,None
1083@x_name@DESC,Bar,Hard,1.0,0.0,0.0,0.0,0.0,0.0,0.0,0.0,1.0,0.0,0.0,0.0,,True,Qwen/Qwen2.5-VL-7B-Instruct-AWQ,None
1083@x_name@DESC,Bar,Hard,1.0,0.0,0.0,0.0,0.0,0.0,0.0,0.0,1.0,0.0,0.0,0.0,,True,Qwen/Qwen2.5-VL-7B-Instruct-AWQ,None
1083@x_name@DESC,Bar,Hard,1.0,0.0,0.0,0.0,0.0,0.0,0.0,0.0,1.0,0.0,0.0,0.0,,True,Qwen/Qwen2.5-VL-7B-Instruct-AWQ,None
1250@y_name@DESC,Bar,Extra Hard,0.5,0.0,0.0,0.0,0.5,0.0,0.0,0.0,0.5,0.5,0.0,0.0,,True,Qwen/Qwen2.5-VL-7B-Instruct-AWQ,None
1250@y_name@DESC,Bar,Extra Hard,0.5,0.0,0.0,0.0,0.5,0.0,0.0,0.0,0.5,0.5,0.0,0.0,,True,Qwen/Qwen2.5-VL-7B-Instruct-AWQ,None
1250@y_name@DESC,Bar,Extra Hard,0.5,0.0,0.0,0.0,0.5,0.0,0.0,0.0,0.5,0.5,0.0,0.0,,True,Qwen/Qwen2.5-VL-7B-Instruct-AWQ,None
1254@x_name@ASC,Line,Extra Hard,0.5,0.0,0.0,0.0,0.5,0.0,0.0,0.0,0.5,0.5,0.0,0.0,,True,Qwen/Qwen2.5-VL-7B-Instruct-AWQ,None
1254@x_name@ASC,Line,Extra Hard,0.5,0.0,0.0,0.0,0.5,0.0,0.0,0.0,0.5,0.5,0.0,0.0,,True,Qwen/Qwen2.5-VL-7B-Instruct-AWQ,None
1254@x_name@ASC,Line,Extra Hard,0.5,0.0,0.0,0.0,0.5,0.0,0.0,0.0,0.5,0.5,0.0,0.0,,True,Qwen/Qwen2.5-VL-7B-Instruct-AWQ,None
1273@x_name@DESC,Bar,Hard,0.75,0.0,0.0,0.0,0.0,0.25,0.0,0.0,0.75,0.25,0.0,0.0,,True,Qwen/Qwen2.5-VL-7B-Instruct-AWQ,None
1273@x_name@DESC,Bar,Hard,0.75,0.0,0.0,0.0,0.0,0.25,0.0,0.0,0.75,0.25,0.0,0.0,,True,Qwen/Qwen2.5-VL-7B-Instruct-AWQ,None
1273@x_name@DESC,Bar,Hard,0.75,0.0,0.0,0.0,0.0,0.25,0.0,0.0,0.75,0.25,0.0,0.0,,True,Qwen/Qwen2.5-VL-7B-Instruct-AWQ,None
1278@y_name@ASC,Bar,Hard,1.0,0.0,0.0,0.0,0.0,0.0,0.0,0.0,1.0,0.0,0.0,0.0,,True,Qwen/Qwen2.5-VL-7B-Instruct-AWQ,None
1278@y_name@ASC,Bar,Hard,1.0,0.0,0.0,0.0,0.0,0.0,0.0,0.0,1.0,0.0,0.0,0.0,,True,Qwen/Qwen2.5-VL-7B-Instruct-AWQ,None
1278@y_name@ASC,Bar,Hard,1.0,0.0,0.0,0.0,0.0,0.0,0.0,0.0,1.0,0.0,0.0,0.0,,True,Qwen/Qwen2.5-VL-7B-Instruct-AWQ,None
1289@y_name@DESC,Bar,Hard,0.5,0.0,0.0,0.0,0.5,0.0,0.0,0.0,0.5,0.5,0.0,0.0,,True,Qwen/Qwen2.5-VL-7B-Instruct-AWQ,None
1289@y_name@DESC,Bar,Hard,0.5,0.0,0.0,0.0,0.5,0.0,0.0,0.0,0.5,0.5,0.0,0.0,,True,Qwen/Qwen2.5-VL-7B-Instruct-AWQ,None
1289@y_name@DESC,Bar,Hard,0.5,0.0,0.0,0.0,0.5,0.0,0.0,0.0,0.5,0.5,0.0,0.0,,True,Qwen/Qwen2.5-VL-7B-Instruct-AWQ,None
1293@y_name@DESC,Bar,Extra Hard,1.0,0.0,0.0,0.0,0.0,0.0,0.0,0.0,1.0,0.0,0.0,0.0,,True,Qwen/Qwen2.5-VL-7B-Instruct-AWQ,None
1293@y_name@DESC,Bar,Extra Hard,1.0,0.0,0.0,0.0,0.0,0.0,0.0,0.0,1.0,0.0,0.0,0.0,,True,Qwen/Qwen2.5-VL-7B-Instruct-AWQ,None
1293@y_name@DESC,Bar,Extra Hard,1.0,0.0,0.0,0.0,0.0,0.0,0.0,0.0,1.0,0.0,0.0,0.0,,True,Qwen/Qwen2.5-VL-7B-Instruct-AWQ,None
1298@y_name@ASC,Bar,Medium,0.0,0.0,0.0,0.0,0.0,0.5,0.0,0.0,0.0,0.5,0.5,0.0,0.0,False,Qwen/Qwen2.5-VL-7B-Instruct-AWQ,None
1298@y_name@ASC,Bar,Medium,0.0,0.0,0.0,0.0,0.0,0.5,0.0,0.0,0.0,0.5,0.5,0.0,0.0,False,Qwen/Qwen2.5-VL-7B-Instruct-AWQ,None
1298@y_name@ASC,Bar,Medium,0.0,0.0,0.0,0.0,0.0,0.5,0.0,0.0,0.0,0.5,0.5,0.0,0.0,False,Qwen/Qwen2.5-VL-7B-Instruct-AWQ,None
1299@y_name@DESC,Bar,Medium,0.5,0.0,0.0,0.0,0.5,0.0,0.0,0.0,0.5,0.5,0.0,0.0,,False,Qwen/Qwen2.5-VL-7B-Instruct-AWQ,None
1299@y_name@DESC,Bar,Medium,0.5,0.0,0.0,0.0,0.5,0.0,0.0,0.0,0.5,0.5,0.0,0.0,,False,Qwen/Qwen2.5-VL-7B-Instruct-AWQ,None
1299@y_name@DESC,Bar,Medium,0.5,0.0,0.0,0.0,0.5,0.0,0.0,0.0,0.5,0.5,0.0,0.0,,False,Qwen/Qwen2.5-VL-7B-Instruct-AWQ,None
1300@x_name@DESC,Line,Medium,0.0,0.0,0.0,0.0,1.0,0.0,0.0,0.0,0.0,1.0,0.0,0.0,,False,Qwen/Qwen2.5-VL-7B-Instruct-AWQ,None
1300@x_name@DESC,Line,Medium,0.0,0.0,0.0,0.0,1.0,0.0,0.0,0.0,0.0,1.0,0.0,0.0,,False,Qwen/Qwen2.5-VL-7B-Instruct-AWQ,None
1300@x_name@DESC,Line,Medium,0.0,0.0,0.0,0.0,1.0,0.0,0.0,0.0,0.0,1.0,0.0,0.0,,False,Qwen/Qwen2.5-VL-7B-Instruct-AWQ,None
769@x_name@DESC,Bar,Medium,0.0,0.0,0.0,0.0,0.0,1.0,0.0,0.0,0.0,1.0,0.0,0.0,,False,Qwen/Qwen2.5-VL-7B-Instruct-AWQ,None
769@x_name@DESC,Bar,Medium,0.0,0.0,0.0,0.0,0.0,1.0,0.0,0.0,0.0,1.0,0.0,0.0,,False,Qwen/Qwen2.5-VL-7B-Instruct-AWQ,None
769@x_name@DESC,Bar,Medium,0.0,0.0,0.0,0.0,0.0,1.0,0.0,0.0,0.0,1.0,0.0,0.0,,False,Qwen/Qwen2.5-VL-7B-Instruct-AWQ,None
772@y_name@DESC,Bar,Medium,0.0,0.0,0.0,0.0,0.5,0.5,0.0,0.0,0.0,1.0,0.0,0.0,,False,Qwen/Qwen2.5-VL-7B-Instruct-AWQ,None
772@y_name@DESC,Bar,Medium,0.0,0.0,0.0,0.0,0.5,0.5,0.0,0.0,0.0,1.0,0.0,0.0,,False,Qwen/Qwen2.5-VL-7B-Instruct-AWQ,None
772@y_name@DESC,Bar,Medium,0.0,0.0,0.0,0.0,0.5,0.5,0.0,0.0,0.0,1.0,0.0,0.0,,False,Qwen/Qwen2.5-VL-7B-Instruct-AWQ,None
773@x_name@DESC,Line,Medium,0.0,0.0,0.0,0.0,0.0,0.0,0.0,0.0,0.0,0.0,1.0,0.0,0.0,False,Qwen/Qwen2.5-VL-7B-Instruct-AWQ,None
773@x_name@DESC,Line,Medium,0.0,0.0,0.0,0.0,0.0,0.0,0.0,0.0,0.0,0.0,1.0,0.0,0.0,False,Qwen/Qwen2.5-VL-7B-Instruct-AWQ,None
773@x_name@DESC,Line,Medium,0.0,0.0,0.0,0.0,0.0,0.0,0.0,0.0,0.0,0.0,1.0,0.0,0.0,False,Qwen/Qwen2.5-VL-7B-Instruct-AWQ,None
780@y_name@DESC,Stacked Bar,Extra Hard,0.0,0.0,0.0,0.0,1.0,0.0,0.0,0.0,0.0,1.0,0.0,0.0,,False,Qwen/Qwen2.5-VL-7B-Instruct-AWQ,None
780@y_name@DESC,Stacked Bar,Extra Hard,0.0,0.0,0.0,0.0,1.0,0.0,0.0,0.0,0.0,1.0,0.0,0.0,,False,Qwen/Qwen2.5-VL-7B-Instruct-AWQ,None
780@y_name@DESC,Stacked Bar,Extra Hard,0.0,0.0,0.0,0.0,1.0,0.0,0.0,0.0,0.0,1.0,0.0,0.0,,False,Qwen/Qwen2.5-VL-7B-Instruct-AWQ,None
782@y_name@ASC,Bar,Medium,0.0,0.0,0.3333333333333333,0.0,0.0,0.0,0.0,0.0,0.0,0.3333333333333333,0.6666666666666666,0.0,0.0,False,Qwen/Qwen2.5-VL-7B-Instruct-AWQ,None
782@y_name@ASC,Bar,Medium,0.0,0.0,0.3333333333333333,0.0,0.0,0.0,0.0,0.0,0.0,0.3333333333333333,0.6666666666666666,0.0,0.0,False,Qwen/Qwen2.5-VL-7B-Instruct-AWQ,None
782@y_name@ASC,Bar,Medium,0.0,0.0,0.3333333333333333,0.0,0.0,0.0,0.0,0.0,0.0,0.3333333333333333,0.6666666666666666,0.0,0.0,False,Qwen/Qwen2.5-VL-7B-Instruct-AWQ,None
783@y_name@DESC,Bar,Medium,0.0,0.0,0.0,0.0,0.0,0.0,0.0,0.0,0.0,0.0,1.0,0.0,0.0,False,Qwen/Qwen2.5-VL-7B-Instruct-AWQ,None
783@y_name@DESC,Bar,Medium,0.0,0.0,0.0,0.0,0.0,0.0,0.0,0.0,0.0,0.0,1.0,0.0,0.0,False,Qwen/Qwen2.5-VL-7B-Instruct-AWQ,None
783@y_name@DESC,Bar,Medium,0.0,0.0,0.0,0.0,0.0,0.0,0.0,0.0,0.0,0.0,1.0,0.0,0.0,False,Qwen/Qwen2.5-VL-7B-Instruct-AWQ,None
791@x_name@DESC,Bar,Medium,0.0,0.0,0.0,0.0,0.0,1.0,0.0,0.0,0.0,1.0,0.0,0.0,,False,Qwen/Qwen2.5-VL-7B-Instruct-AWQ,None
791@x_name@DESC,Bar,Medium,0.0,0.0,0.0,0.0,0.0,1.0,0.0,0.0,0.0,1.0,0.0,0.0,,False,Qwen/Qwen2.5-VL-7B-Instruct-AWQ,None
791@x_name@DESC,Bar,Medium,0.0,0.0,0.0,0.0,0.0,1.0,0.0,0.0,0.0,1.0,0.0,0.0,,False,Qwen/Qwen2.5-VL-7B-Instruct-AWQ,None
1122@y_name@ASC,Bar,Medium,0.0,0.0,0.0,0.0,0.0,0.3333333333333333,0.0,0.0,0.0,0.3333333333333333,0.6666666666666666,0.0,0.0,False,Qwen/Qwen2.5-VL-7B-Instruct-AWQ,None
1122@y_name@ASC,Bar,Medium,0.0,0.0,0.0,0.0,0.0,0.3333333333333333,0.0,0.0,0.0,0.3333333333333333,0.6666666666666666,0.0,0.0,False,Qwen/Qwen2.5-VL-7B-Instruct-AWQ,None
1122@y_name@ASC,Bar,Medium,0.0,0.0,0.0,0.0,0.0,0.3333333333333333,0.0,0.0,0.0,0.3333333333333333,0.6666666666666666,0.0,0.0,False,Qwen/Qwen2.5-VL-7B-Instruct-AWQ,None
1137@y_name@DESC,Bar,Extra Hard,0.0,0.0,0.0,0.0,0.0,0.0,0.0,0.0,0.0,0.0,1.0,0.0,0.0,True,Qwen/Qwen2.5-VL-7B-Instruct-AWQ,None
1137@y_name@DESC,Bar,Extra Hard,0.0,0.0,0.0,0.0,0.0,0.0,0.0,0.0,0.0,0.0,1.0,0.0,0.0,True,Qwen/Qwen2.5-VL-7B-Instruct-AWQ,None
1137@y_name@DESC,Bar,Extra Hard,0.0,0.0,0.0,0.0,0.0,0.0,0.0,0.0,0.0,0.0,1.0,0.0,0.0,True,Qwen/Qwen2.5-VL-7B-Instruct-AWQ,None
1138@y_name@ASC,Bar,Extra Hard,0.0,0.0,0.0,0.0,0.0,0.0,0.0,0.0,0.0,0.0,1.0,0.0,0.0,True,Qwen/Qwen2.5-VL-7B-Instruct-AWQ,None
1138@y_name@ASC,Bar,Extra Hard,0.0,0.0,0.0,0.0,0.0,0.0,0.0,0.0,0.0,0.0,1.0,0.0,0.0,True,Qwen/Qwen2.5-VL-7B-Instruct-AWQ,None
1138@y_name@ASC,Bar,Extra Hard,0.0,0.0,0.0,0.0,0.0,0.0,0.0,0.0,0.0,0.0,1.0,0.0,0.0,True,Qwen/Qwen2.5-VL-7B-Instruct-AWQ,None
1139@y_name@ASC,Bar,Extra Hard,0.0,0.0,0.0,0.0,0.0,0.0,0.0,0.0,0.0,0.0,1.0,0.0,0.0,True,Qwen/Qwen2.5-VL-7B-Instruct-AWQ,None
1139@y_name@ASC,Bar,Extra Hard,0.0,0.0,0.0,0.0,0.0,0.0,0.0,0.0,0.0,0.0,1.0,0.0,0.0,True,Qwen/Qwen2.5-VL-7B-Instruct-AWQ,None
1139@y_name@ASC,Bar,Extra Hard,0.0,0.0,0.0,0.0,0.0,0.0,0.0,0.0,0.0,0.0,1.0,0.0,0.0,True,Qwen/Qwen2.5-VL-7B-Instruct-AWQ,None
1142@y_name@ASC,Bar,Hard,0.5,0.0,0.0,0.0,0.0,0.5,0.0,0.0,0.5,0.5,0.0,0.0,,True,Qwen/Qwen2.5-VL-7B-Instruct-AWQ,None
1142@y_name@ASC,Bar,Hard,0.5,0.0,0.0,0.0,0.0,0.5,0.0,0.0,0.5,0.5,0.0,0.0,,True,Qwen/Qwen2.5-VL-7B-Instruct-AWQ,None
1142@y_name@ASC,Bar,Hard,0.5,0.0,0.0,0.0,0.0,0.5,0.0,0.0,0.5,0.5,0.0,0.0,,True,Qwen/Qwen2.5-VL-7B-Instruct-AWQ,None
997@x_name@DESC,Line,Hard,1.0,0.0,0.0,0.0,0.0,0.0,0.0,0.0,1.0,0.0,0.0,0.0,,True,Qwen/Qwen2.5-VL-7B-Instruct-AWQ,None
997@x_name@DESC,Line,Hard,1.0,0.0,0.0,0.0,0.0,0.0,0.0,0.0,1.0,0.0,0.0,0.0,,True,Qwen/Qwen2.5-VL-7B-Instruct-AWQ,None
997@x_name@DESC,Line,Hard,1.0,0.0,0.0,0.0,0.0,0.0,0.0,0.0,1.0,0.0,0.0,0.0,,True,Qwen/Qwen2.5-VL-7B-Instruct-AWQ,None
1000@y_name@DESC,Bar,Medium,0.0,0.0,0.0,0.0,0.0,0.3333333333333333,0.0,0.0,0.0,0.3333333333333333,0.6666666666666666,0.0,0.0,False,Qwen/Qwen2.5-VL-7B-Instruct-AWQ,None
1000@y_name@DESC,Bar,Medium,0.0,0.0,0.0,0.0,0.0,0.3333333333333333,0.0,0.0,0.0,0.3333333333333333,0.6666666666666666,0.0,0.0,False,Qwen/Qwen2.5-VL-7B-Instruct-AWQ,None
1000@y_name@DESC,Bar,Medium,0.0,0.0,0.0,0.0,0.0,0.3333333333333333,0.0,0.0,0.0,0.3333333333333333,0.6666666666666666,0.0,0.0,False,Qwen/Qwen2.5-VL-7B-Instruct-AWQ,None
1006@y_name@ASC,Bar,Extra Hard,0.0,0.0,0.0,0.0,0.0,0.0,0.0,0.0,0.0,0.0,1.0,0.0,0.0,False,Qwen/Qwen2.5-VL-7B-Instruct-AWQ,None
1006@y_name@ASC,Bar,Extra Hard,0.0,0.0,0.0,0.0,0.0,0.0,0.0,0.0,0.0,0.0,1.0,0.0,0.0,False,Qwen/Qwen2.5-VL-7B-Instruct-AWQ,None
1006@y_name@ASC,Bar,Extra Hard,0.0,0.0,0.0,0.0,0.0,0.0,0.0,0.0,0.0,0.0,1.0,0.0,0.0,False,Qwen/Qwen2.5-VL-7B-Instruct-AWQ,None
1009@y_name@DESC,Bar,Extra Hard,0.0,0.0,0.0,0.0,0.0,0.0,0.0,0.0,0.0,0.0,1.0,0.0,0.0,False,Qwen/Qwen2.5-VL-7B-Instruct-AWQ,None
1009@y_name@DESC,Bar,Extra Hard,0.0,0.0,0.0,0.0,0.0,0.0,0.0,0.0,0.0,0.0,1.0,0.0,0.0,False,Qwen/Qwen2.5-VL-7B-Instruct-AWQ,None
1009@y_name@DESC,Bar,Extra Hard,0.0,0.0,0.0,0.0,0.0,0.0,0.0,0.0,0.0,0.0,1.0,0.0,0.0,False,Qwen/Qwen2.5-VL-7B-Instruct-AWQ,None
1010@x_name@DESC,Bar,Medium,0.0,0.0,0.0,0.0,0.0,1.0,0.0,0.0,0.0,1.0,0.0,0.0,,False,Qwen/Qwen2.5-VL-7B-Instruct-AWQ,None
1010@x_name@DESC,Bar,Medium,0.0,0.0,0.0,0.0,0.0,1.0,0.0,0.0,0.0,1.0,0.0,0.0,,False,Qwen/Qwen2.5-VL-7B-Instruct-AWQ,None
1010@x_name@DESC,Bar,Medium,0.0,0.0,0.0,0.0,0.0,1.0,0.0,0.0,0.0,1.0,0.0,0.0,,False,Qwen/Qwen2.5-VL-7B-Instruct-AWQ,None
1242@y_name@ASC,Bar,Hard,0.0,0.0,0.0,0.0,0.0,0.0,0.0,0.0,0.0,0.0,1.0,0.0,0.0,False,Qwen/Qwen2.5-VL-7B-Instruct-AWQ,None
1242@y_name@ASC,Bar,Hard,0.0,0.0,0.0,0.0,0.0,0.0,0.0,0.0,0.0,0.0,1.0,0.0,0.0,False,Qwen/Qwen2.5-VL-7B-Instruct-AWQ,None
1242@y_name@ASC,Bar,Hard,0.0,0.0,0.0,0.0,0.0,0.0,0.0,0.0,0.0,0.0,1.0,0.0,0.0,False,Qwen/Qwen2.5-VL-7B-Instruct-AWQ,None
1245@x_name@ASC,Bar,Medium,0.0,0.0,0.0,0.0,0.0,1.0,0.0,0.0,0.0,1.0,0.0,0.0,,False,Qwen/Qwen2.5-VL-7B-Instruct-AWQ,None
1245@x_name@ASC,Bar,Medium,0.0,0.0,0.0,0.0,0.0,1.0,0.0,0.0,0.0,1.0,0.0,0.0,,False,Qwen/Qwen2.5-VL-7B-Instruct-AWQ,None
1245@x_name@ASC,Bar,Medium,0.0,0.0,0.0,0.0,0.0,1.0,0.0,0.0,0.0,1.0,0.0,0.0,,False,Qwen/Qwen2.5-VL-7B-Instruct-AWQ,None
1247@x_name@ASC,Bar,Medium,0.0,0.0,0.0,0.0,0.0,0.0,0.0,0.0,0.0,0.0,1.0,0.0,0.0,False,Qwen/Qwen2.5-VL-7B-Instruct-AWQ,None
1247@x_name@ASC,Bar,Medium,0.0,0.0,0.0,0.0,0.0,0.0,0.0,0.0,0.0,0.0,1.0,0.0,0.0,False,Qwen/Qwen2.5-VL-7B-Instruct-AWQ,None
1247@x_name@ASC,Bar,Medium,0.0,0.0,0.0,0.0,0.0,0.0,0.0,0.0,0.0,0.0,1.0,0.0,0.0,False,Qwen/Qwen2.5-VL-7B-Instruct-AWQ,None
2704@y_name@DESC,Bar,Medium,0.0,0.0,0.0,0.0,0.0,0.0,0.0,0.0,0.0,0.0,1.0,0.0,0.0,False,Qwen/Qwen2.5-VL-7B-Instruct-AWQ,None
2704@y_name@DESC,Bar,Medium,0.0,0.0,0.0,0.0,0.0,0.0,0.0,0.0,0.0,0.0,1.0,0.0,0.0,False,Qwen/Qwen2.5-VL-7B-Instruct-AWQ,None
2704@y_name@DESC,Bar,Medium,0.0,0.0,0.0,0.0,0.0,0.0,0.0,0.0,0.0,0.0,1.0,0.0,0.0,False,Qwen/Qwen2.5-VL-7B-Instruct-AWQ,None
2706@y_name@DESC,Bar,Medium,0.0,0.0,0.0,0.0,0.0,0.0,0.0,0.0,0.0,0.0,1.0,0.0,0.0,False,Qwen/Qwen2.5-VL-7B-Instruct-AWQ,None
2706@y_name@DESC,Bar,Medium,0.0,0.0,0.0,0.0,0.0,0.0,0.0,0.0,0.0,0.0,1.0,0.0,0.0,False,Qwen/Qwen2.5-VL-7B-Instruct-AWQ,None
2706@y_name@DESC,Bar,Medium,0.0,0.0,0.0,0.0,0.0,0.0,0.0,0.0,0.0,0.0,1.0,0.0,0.0,False,Qwen/Qwen2.5-VL-7B-Instruct-AWQ,None
2683@x_name@ASC,Bar,Hard,0.0,0.0,0.0,0.0,0.0,0.0,0.0,0.0,0.0,0.0,1.0,0.0,0.0,True,Qwen/Qwen2.5-VL-7B-Instruct-AWQ,None
2683@x_name@ASC,Bar,Hard,0.0,0.0,0.0,0.0,0.0,0.0,0.0,0.0,0.0,0.0,1.0,0.0,0.0,True,Qwen/Qwen2.5-VL-7B-Instruct-AWQ,None
2683@x_name@ASC,Bar,Hard,0.0,0.0,0.0,0.0,0.0,0.0,0.0,0.0,0.0,0.0,1.0,0.0,0.0,True,Qwen/Qwen2.5-VL-7B-Instruct-AWQ,None
2051@x_name@ASC,Bar,Extra Hard,1.0,0.0,0.0,0.0,0.0,0.0,0.0,0.0,1.0,0.0,0.0,0.0,,True,Qwen/Qwen2.5-VL-7B-Instruct-AWQ,None
2051@x_name@ASC,Bar,Extra Hard,1.0,0.0,0.0,0.0,0.0,0.0,0.0,0.0,1.0,0.0,0.0,0.0,,True,Qwen/Qwen2.5-VL-7B-Instruct-AWQ,None
2051@x_name@ASC,Bar,Extra Hard,1.0,0.0,0.0,0.0,0.0,0.0,0.0,0.0,1.0,0.0,0.0,0.0,,True,Qwen/Qwen2.5-VL-7B-Instruct-AWQ,None
2052@y_name@ASC,Bar,Extra Hard,1.0,0.0,0.0,0.0,0.0,0.0,0.0,0.0,1.0,0.0,0.0,0.0,,True,Qwen/Qwen2.5-VL-7B-Instruct-AWQ,None
2052@y_name@ASC,Bar,Extra Hard,1.0,0.0,0.0,0.0,0.0,0.0,0.0,0.0,1.0,0.0,0.0,0.0,,True,Qwen/Qwen2.5-VL-7B-Instruct-AWQ,None
2052@y_name@ASC,Bar,Extra Hard,1.0,0.0,0.0,0.0,0.0,0.0,0.0,0.0,1.0,0.0,0.0,0.0,,True,Qwen/Qwen2.5-VL-7B-Instruct-AWQ,None
2053@x_name@ASC,Bar,Easy,0.3333333333333333,0.0,0.0,0.0,0.0,0.6666666666666666,0.0,0.0,0.3333333333333333,0.6666666666666666,0.0,0.0,,False,Qwen/Qwen2.5-VL-7B-Instruct-AWQ,None
2053@x_name@ASC,Bar,Easy,0.3333333333333333,0.0,0.0,0.0,0.0,0.6666666666666666,0.0,0.0,0.3333333333333333,0.6666666666666666,0.0,0.0,,False,Qwen/Qwen2.5-VL-7B-Instruct-AWQ,None
2053@x_name@ASC,Bar,Easy,0.3333333333333333,0.0,0.0,0.0,0.0,0.6666666666666666,0.0,0.0,0.3333333333333333,0.6666666666666666,0.0,0.0,,False,Qwen/Qwen2.5-VL-7B-Instruct-AWQ,None
2060@y_name@DESC,Bar,Extra Hard,0.5,0.0,0.0,0.0,0.5,0.0,0.0,0.0,0.5,0.5,0.0,0.0,,True,Qwen/Qwen2.5-VL-7B-Instruct-AWQ,None
2060@y_name@DESC,Bar,Extra Hard,0.5,0.0,0.0,0.0,0.5,0.0,0.0,0.0,0.5,0.5,0.0,0.0,,True,Qwen/Qwen2.5-VL-7B-Instruct-AWQ,None
2060@y_name@DESC,Bar,Extra Hard,0.5,0.0,0.0,0.0,0.5,0.0,0.0,0.0,0.5,0.5,0.0,0.0,,True,Qwen/Qwen2.5-VL-7B-Instruct-AWQ,None
2063@y_name@ASC,Bar,Hard,0.0,0.0,0.0,0.0,0.0,0.0,0.0,0.0,0.0,0.0,1.0,0.0,0.0,True,Qwen/Qwen2.5-VL-7B-Instruct-AWQ,None
2063@y_name@ASC,Bar,Hard,0.0,0.0,0.0,0.0,0.0,0.0,0.0,0.0,0.0,0.0,1.0,0.0,0.0,True,Qwen/Qwen2.5-VL-7B-Instruct-AWQ,None
2063@y_name@ASC,Bar,Hard,0.0,0.0,0.0,0.0,0.0,0.0,0.0,0.0,0.0,0.0,1.0,0.0,0.0,True,Qwen/Qwen2.5-VL-7B-Instruct-AWQ,None
1416@y_name@ASC,Bar,Medium,0.0,0.0,0.0,0.0,1.0,0.0,0.0,0.0,0.0,1.0,0.0,0.0,,False,Qwen/Qwen2.5-VL-7B-Instruct-AWQ,None
1416@y_name@ASC,Bar,Medium,0.0,0.0,0.0,0.0,1.0,0.0,0.0,0.0,0.0,1.0,0.0,0.0,,False,Qwen/Qwen2.5-VL-7B-Instruct-AWQ,None
1416@y_name@ASC,Bar,Medium,0.0,0.0,0.0,0.0,1.0,0.0,0.0,0.0,0.0,1.0,0.0,0.0,,False,Qwen/Qwen2.5-VL-7B-Instruct-AWQ,None
1419@y_name@ASC,Bar,Extra Hard,0.0,0.0,0.0,0.0,0.0,0.25,0.0,0.0,0.0,0.25,0.75,0.0,0.0,False,Qwen/Qwen2.5-VL-7B-Instruct-AWQ,None
1419@y_name@ASC,Bar,Extra Hard,0.0,0.0,0.0,0.0,0.0,0.25,0.0,0.0,0.0,0.25,0.75,0.0,0.0,False,Qwen/Qwen2.5-VL-7B-Instruct-AWQ,None
1419@y_name@ASC,Bar,Extra Hard,0.0,0.0,0.0,0.0,0.0,0.25,0.0,0.0,0.0,0.25,0.75,0.0,0.0,False,Qwen/Qwen2.5-VL-7B-Instruct-AWQ,None
1380@y_name@ASC,Bar,Hard,0.0,0.0,0.0,0.0,1.0,0.0,0.0,0.0,0.0,1.0,0.0,0.0,,True,Qwen/Qwen2.5-VL-7B-Instruct-AWQ,None
1380@y_name@ASC,Bar,Hard,0.0,0.0,0.0,0.0,1.0,0.0,0.0,0.0,0.0,1.0,0.0,0.0,,True,Qwen/Qwen2.5-VL-7B-Instruct-AWQ,None
1380@y_name@ASC,Bar,Hard,0.0,0.0,0.0,0.0,1.0,0.0,0.0,0.0,0.0,1.0,0.0,0.0,,True,Qwen/Qwen2.5-VL-7B-Instruct-AWQ,None
1382@y_name@ASC,Bar,Hard,1.0,0.0,0.0,0.0,0.0,0.0,0.0,0.0,1.0,0.0,0.0,0.0,,True,Qwen/Qwen2.5-VL-7B-Instruct-AWQ,None
1382@y_name@ASC,Bar,Hard,1.0,0.0,0.0,0.0,0.0,0.0,0.0,0.0,1.0,0.0,0.0,0.0,,True,Qwen/Qwen2.5-VL-7B-Instruct-AWQ,None
1382@y_name@ASC,Bar,Hard,1.0,0.0,0.0,0.0,0.0,0.0,0.0,0.0,1.0,0.0,0.0,0.0,,True,Qwen/Qwen2.5-VL-7B-Instruct-AWQ,None
1085@y_name@DESC,Bar,Medium,0.5,0.0,0.0,0.0,0.0,0.0,0.0,0.0,0.5,0.0,0.5,0.0,0.0,False,Qwen/Qwen2.5-VL-7B-Instruct-AWQ,None
1085@y_name@DESC,Bar,Medium,0.5,0.0,0.0,0.0,0.0,0.0,0.0,0.0,0.5,0.0,0.5,0.0,0.0,False,Qwen/Qwen2.5-VL-7B-Instruct-AWQ,None
1085@y_name@DESC,Bar,Medium,0.5,0.0,0.0,0.0,0.0,0.0,0.0,0.0,0.5,0.0,0.5,0.0,0.0,False,Qwen/Qwen2.5-VL-7B-Instruct-AWQ,None
1087@y_name@DESC,Bar,Hard,1.0,0.0,0.0,0.0,0.0,0.0,0.0,0.0,1.0,0.0,0.0,0.0,,True,Qwen/Qwen2.5-VL-7B-Instruct-AWQ,None
1087@y_name@DESC,Bar,Hard,1.0,0.0,0.0,0.0,0.0,0.0,0.0,0.0,1.0,0.0,0.0,0.0,,True,Qwen/Qwen2.5-VL-7B-Instruct-AWQ,None
1087@y_name@DESC,Bar,Hard,1.0,0.0,0.0,0.0,0.0,0.0,0.0,0.0,1.0,0.0,0.0,0.0,,True,Qwen/Qwen2.5-VL-7B-Instruct-AWQ,None
1091@y_name@ASC,Bar,Medium,0.0,0.0,0.0,0.0,0.0,0.0,0.0,0.0,0.0,0.0,1.0,0.0,0.0,False,Qwen/Qwen2.5-VL-7B-Instruct-AWQ,None
1091@y_name@ASC,Bar,Medium,0.0,0.0,0.0,0.0,0.0,0.0,0.0,0.0,0.0,0.0,1.0,0.0,0.0,False,Qwen/Qwen2.5-VL-7B-Instruct-AWQ,None
1091@y_name@ASC,Bar,Medium,0.0,0.0,0.0,0.0,0.0,0.0,0.0,0.0,0.0,0.0,1.0,0.0,0.0,False,Qwen/Qwen2.5-VL-7B-Instruct-AWQ,None
3038@x_name@DESC,Bar,Medium,0.0,0.0,0.0,0.0,0.0,1.0,0.0,0.0,0.0,1.0,0.0,0.0,,False,Qwen/Qwen2.5-VL-7B-Instruct-AWQ,None
3038@x_name@DESC,Bar,Medium,0.0,0.0,0.0,0.0,0.0,1.0,0.0,0.0,0.0,1.0,0.0,0.0,,False,Qwen/Qwen2.5-VL-7B-Instruct-AWQ,None
3038@x_name@DESC,Bar,Medium,0.0,0.0,0.0,0.0,0.0,1.0,0.0,0.0,0.0,1.0,0.0,0.0,,False,Qwen/Qwen2.5-VL-7B-Instruct-AWQ,None
3043@y_name@ASC,Bar,Medium,0.0,0.0,0.0,0.0,0.0,0.0,0.0,0.0,0.0,0.0,1.0,0.0,0.0,False,Qwen/Qwen2.5-VL-7B-Instruct-AWQ,None
3043@y_name@ASC,Bar,Medium,0.0,0.0,0.0,0.0,0.0,0.0,0.0,0.0,0.0,0.0,1.0,0.0,0.0,False,Qwen/Qwen2.5-VL-7B-Instruct-AWQ,None
3043@y_name@ASC,Bar,Medium,0.0,0.0,0.0,0.0,0.0,0.0,0.0,0.0,0.0,0.0,1.0,0.0,0.0,False,Qwen/Qwen2.5-VL-7B-Instruct-AWQ,None
3045@y_name@ASC,Bar,Medium,0.3333333333333333,0.0,0.0,0.0,0.6666666666666666,0.0,0.0,0.0,0.3333333333333333,0.6666666666666666,0.0,0.0,,False,Qwen/Qwen2.5-VL-7B-Instruct-AWQ,None
3045@y_name@ASC,Bar,Medium,0.3333333333333333,0.0,0.0,0.0,0.6666666666666666,0.0,0.0,0.0,0.3333333333333333,0.6666666666666666,0.0,0.0,,False,Qwen/Qwen2.5-VL-7B-Instruct-AWQ,None
3045@y_name@ASC,Bar,Medium,0.3333333333333333,0.0,0.0,0.0,0.6666666666666666,0.0,0.0,0.0,0.3333333333333333,0.6666666666666666,0.0,0.0,,False,Qwen/Qwen2.5-VL-7B-Instruct-AWQ,None
3050@x_name@ASC,Bar,Medium,1.0,0.0,0.0,0.0,0.0,0.0,0.0,0.0,1.0,0.0,0.0,0.0,,False,Qwen/Qwen2.5-VL-7B-Instruct-AWQ,None
3050@x_name@ASC,Bar,Medium,1.0,0.0,0.0,0.0,0.0,0.0,0.0,0.0,1.0,0.0,0.0,0.0,,False,Qwen/Qwen2.5-VL-7B-Instruct-AWQ,None
3050@x_name@ASC,Bar,Medium,1.0,0.0,0.0,0.0,0.0,0.0,0.0,0.0,1.0,0.0,0.0,0.0,,False,Qwen/Qwen2.5-VL-7B-Instruct-AWQ,None
3052@x_name@ASC,Bar,Medium,0.0,0.0,0.0,0.0,0.5,0.0,0.0,0.0,0.0,0.5,0.5,0.0,0.0,False,Qwen/Qwen2.5-VL-7B-Instruct-AWQ,None
3052@x_name@ASC,Bar,Medium,0.0,0.0,0.0,0.0,0.5,0.0,0.0,0.0,0.0,0.5,0.5,0.0,0.0,False,Qwen/Qwen2.5-VL-7B-Instruct-AWQ,None
3052@x_name@ASC,Bar,Medium,0.0,0.0,0.0,0.0,0.5,0.0,0.0,0.0,0.0,0.5,0.5,0.0,0.0,False,Qwen/Qwen2.5-VL-7B-Instruct-AWQ,None
3053@x_name@DESC,Bar,Medium,0.0,0.0,0.0,0.0,0.0,0.0,0.0,0.0,0.0,0.0,1.0,0.0,0.0,False,Qwen/Qwen2.5-VL-7B-Instruct-AWQ,None
3053@x_name@DESC,Bar,Medium,0.0,0.0,0.0,0.0,0.0,0.0,0.0,0.0,0.0,0.0,1.0,0.0,0.0,False,Qwen/Qwen2.5-VL-7B-Instruct-AWQ,None
3053@x_name@DESC,Bar,Medium,0.0,0.0,0.0,0.0,0.0,0.0,0.0,0.0,0.0,0.0,1.0,0.0,0.0,False,Qwen/Qwen2.5-VL-7B-Instruct-AWQ,None
38@x_name@DESC,Bar,Hard,1.0,0.0,0.0,0.0,0.0,0.0,0.0,0.0,1.0,0.0,0.0,0.0,,True,Qwen/Qwen2.5-VL-7B-Instruct-AWQ,None
38@x_name@DESC,Bar,Hard,1.0,0.0,0.0,0.0,0.0,0.0,0.0,0.0,1.0,0.0,0.0,0.0,,True,Qwen/Qwen2.5-VL-7B-Instruct-AWQ,None
38@x_name@DESC,Bar,Hard,1.0,0.0,0.0,0.0,0.0,0.0,0.0,0.0,1.0,0.0,0.0,0.0,,True,Qwen/Qwen2.5-VL-7B-Instruct-AWQ,None
41@y_name@ASC,Bar,Hard,0.0,0.0,0.0,0.0,0.0,0.0,0.0,0.0,0.0,0.0,1.0,0.0,0.0,False,Qwen/Qwen2.5-VL-7B-Instruct-AWQ,None
41@y_name@ASC,Bar,Hard,0.0,0.0,0.0,0.0,0.0,0.0,0.0,0.0,0.0,0.0,1.0,0.0,0.0,False,Qwen/Qwen2.5-VL-7B-Instruct-AWQ,None
41@y_name@ASC,Bar,Hard,0.0,0.0,0.0,0.0,0.0,0.0,0.0,0.0,0.0,0.0,1.0,0.0,0.0,False,Qwen/Qwen2.5-VL-7B-Instruct-AWQ,None
42@y_name@ASC,Bar,Hard,0.0,0.0,0.0,0.0,0.0,0.0,0.0,0.0,0.0,0.0,1.0,0.0,0.0,False,Qwen/Qwen2.5-VL-7B-Instruct-AWQ,None
42@y_name@ASC,Bar,Hard,0.0,0.0,0.0,0.0,0.0,0.0,0.0,0.0,0.0,0.0,1.0,0.0,0.0,False,Qwen/Qwen2.5-VL-7B-Instruct-AWQ,None
42@y_name@ASC,Bar,Hard,0.0,0.0,0.0,0.0,0.0,0.0,0.0,0.0,0.0,0.0,1.0,0.0,0.0,False,Qwen/Qwen2.5-VL-7B-Instruct-AWQ,None
44@y_name@DESC,Bar,Hard,0.0,0.0,0.0,0.0,0.0,0.0,0.0,0.0,0.0,0.0,1.0,0.0,0.0,False,Qwen/Qwen2.5-VL-7B-Instruct-AWQ,None
44@y_name@DESC,Bar,Hard,0.0,0.0,0.0,0.0,0.0,0.0,0.0,0.0,0.0,0.0,1.0,0.0,0.0,False,Qwen/Qwen2.5-VL-7B-Instruct-AWQ,None
44@y_name@DESC,Bar,Hard,0.0,0.0,0.0,0.0,0.0,0.0,0.0,0.0,0.0,0.0,1.0,0.0,0.0,False,Qwen/Qwen2.5-VL-7B-Instruct-AWQ,None
47@y_name@DESC,Bar,Medium,0.0,0.0,0.0,0.0,0.6666666666666666,0.0,0.0,0.0,0.0,0.6666666666666666,0.3333333333333333,0.0,0.0,False,Qwen/Qwen2.5-VL-7B-Instruct-AWQ,None
47@y_name@DESC,Bar,Medium,0.0,0.0,0.0,0.0,0.6666666666666666,0.0,0.0,0.0,0.0,0.6666666666666666,0.3333333333333333,0.0,0.0,False,Qwen/Qwen2.5-VL-7B-Instruct-AWQ,None
47@y_name@DESC,Bar,Medium,0.0,0.0,0.0,0.0,0.6666666666666666,0.0,0.0,0.0,0.0,0.6666666666666666,0.3333333333333333,0.0,0.0,False,Qwen/Qwen2.5-VL-7B-Instruct-AWQ,None
49@y_name@ASC,Bar,Extra Hard,1.0,0.0,0.0,0.0,0.0,0.0,0.0,0.0,1.0,0.0,0.0,0.0,,True,Qwen/Qwen2.5-VL-7B-Instruct-AWQ,None
49@y_name@ASC,Bar,Extra Hard,1.0,0.0,0.0,0.0,0.0,0.0,0.0,0.0,1.0,0.0,0.0,0.0,,True,Qwen/Qwen2.5-VL-7B-Instruct-AWQ,None
49@y_name@ASC,Bar,Extra Hard,1.0,0.0,0.0,0.0,0.0,0.0,0.0,0.0,1.0,0.0,0.0,0.0,,True,Qwen/Qwen2.5-VL-7B-Instruct-AWQ,None
53@x_name@ASC,Bar,Extra Hard,1.0,0.0,0.0,0.0,0.0,0.0,0.0,0.0,1.0,0.0,0.0,0.0,,False,Qwen/Qwen2.5-VL-7B-Instruct-AWQ,None
53@x_name@ASC,Bar,Extra Hard,1.0,0.0,0.0,0.0,0.0,0.0,0.0,0.0,1.0,0.0,0.0,0.0,,False,Qwen/Qwen2.5-VL-7B-Instruct-AWQ,None
53@x_name@ASC,Bar,Extra Hard,1.0,0.0,0.0,0.0,0.0,0.0,0.0,0.0,1.0,0.0,0.0,0.0,,False,Qwen/Qwen2.5-VL-7B-Instruct-AWQ,None
56@y_name@ASC,Bar,Extra Hard,1.0,0.0,0.0,0.0,0.0,0.0,0.0,0.0,1.0,0.0,0.0,0.0,,True,Qwen/Qwen2.5-VL-7B-Instruct-AWQ,None
56@y_name@ASC,Bar,Extra Hard,1.0,0.0,0.0,0.0,0.0,0.0,0.0,0.0,1.0,0.0,0.0,0.0,,True,Qwen/Qwen2.5-VL-7B-Instruct-AWQ,None
56@y_name@ASC,Bar,Extra Hard,1.0,0.0,0.0,0.0,0.0,0.0,0.0,0.0,1.0,0.0,0.0,0.0,,True,Qwen/Qwen2.5-VL-7B-Instruct-AWQ,None
58@y_name@ASC,Bar,Medium,0.3333333333333333,0.0,0.0,0.16666666666666666,0.16666666666666666,0.3333333333333333,0.0,0.0,0.3333333333333333,0.5,0.16666666666666666,0.0,0.0,False,Qwen/Qwen2.5-VL-7B-Instruct-AWQ,None
58@y_name@ASC,Bar,Medium,0.3333333333333333,0.0,0.0,0.16666666666666666,0.16666666666666666,0.3333333333333333,0.0,0.0,0.3333333333333333,0.5,0.16666666666666666,0.0,0.0,False,Qwen/Qwen2.5-VL-7B-Instruct-AWQ,None
58@y_name@ASC,Bar,Medium,0.3333333333333333,0.0,0.0,0.16666666666666666,0.16666666666666666,0.3333333333333333,0.0,0.0,0.3333333333333333,0.5,0.16666666666666666,0.0,0.0,False,Qwen/Qwen2.5-VL-7B-Instruct-AWQ,None
59@y_name@ASC,Bar,Medium,0.2,0.0,0.0,0.0,0.0,0.2,0.0,0.0,0.2,0.2,0.6,0.0,0.0,False,Qwen/Qwen2.5-VL-7B-Instruct-AWQ,None
59@y_name@ASC,Bar,Medium,0.2,0.0,0.0,0.0,0.0,0.2,0.0,0.0,0.2,0.2,0.6,0.0,0.0,False,Qwen/Qwen2.5-VL-7B-Instruct-AWQ,None
59@y_name@ASC,Bar,Medium,0.2,0.0,0.0,0.0,0.0,0.2,0.0,0.0,0.2,0.2,0.6,0.0,0.0,False,Qwen/Qwen2.5-VL-7B-Instruct-AWQ,None
61@y_name@ASC,Bar,Medium,0.0,0.0,0.0,0.0,0.75,0.0,0.0,0.0,0.0,0.75,0.25,0.0,0.0,False,Qwen/Qwen2.5-VL-7B-Instruct-AWQ,None
61@y_name@ASC,Bar,Medium,0.0,0.0,0.0,0.0,0.75,0.0,0.0,0.0,0.0,0.75,0.25,0.0,0.0,False,Qwen/Qwen2.5-VL-7B-Instruct-AWQ,None
61@y_name@ASC,Bar,Medium,0.0,0.0,0.0,0.0,0.75,0.0,0.0,0.0,0.0,0.75,0.25,0.0,0.0,False,Qwen/Qwen2.5-VL-7B-Instruct-AWQ,None
1324@y_name@ASC,Bar,Medium,0.5,0.0,0.0,0.0,0.0,0.0,0.0,0.0,0.5,0.0,0.5,0.0,0.0,False,Qwen/Qwen2.5-VL-7B-Instruct-AWQ,None
1324@y_name@ASC,Bar,Medium,0.5,0.0,0.0,0.0,0.0,0.0,0.0,0.0,0.5,0.0,0.5,0.0,0.0,False,Qwen/Qwen2.5-VL-7B-Instruct-AWQ,None
1324@y_name@ASC,Bar,Medium,0.5,0.0,0.0,0.0,0.0,0.0,0.0,0.0,0.5,0.0,0.5,0.0,0.0,False,Qwen/Qwen2.5-VL-7B-Instruct-AWQ,None
1328@x_name@ASC,Bar,Medium,0.0,0.0,0.0,0.0,0.0,0.0,0.0,0.0,0.0,0.0,1.0,0.0,0.0,False,Qwen/Qwen2.5-VL-7B-Instruct-AWQ,None
1328@x_name@ASC,Bar,Medium,0.0,0.0,0.0,0.0,0.0,0.0,0.0,0.0,0.0,0.0,1.0,0.0,0.0,False,Qwen/Qwen2.5-VL-7B-Instruct-AWQ,None
1328@x_name@ASC,Bar,Medium,0.0,0.0,0.0,0.0,0.0,0.0,0.0,0.0,0.0,0.0,1.0,0.0,0.0,False,Qwen/Qwen2.5-VL-7B-Instruct-AWQ,None
483@x_name@ASC,Bar,Medium,0.0,0.0,0.0,0.0,0.0,1.0,0.0,0.0,0.0,1.0,0.0,0.0,,False,Qwen/Qwen2.5-VL-7B-Instruct-AWQ,None
483@x_name@ASC,Bar,Medium,0.0,0.0,0.0,0.0,0.0,1.0,0.0,0.0,0.0,1.0,0.0,0.0,,False,Qwen/Qwen2.5-VL-7B-Instruct-AWQ,None
483@x_name@ASC,Bar,Medium,0.0,0.0,0.0,0.0,0.0,1.0,0.0,0.0,0.0,1.0,0.0,0.0,,False,Qwen/Qwen2.5-VL-7B-Instruct-AWQ,None
1015@y_name@DESC,Bar,Medium,0.0,0.0,0.0,0.0,0.0,0.0,0.0,0.0,0.0,0.0,1.0,0.0,0.0,False,Qwen/Qwen2.5-VL-7B-Instruct-AWQ,None
1015@y_name@DESC,Bar,Medium,0.0,0.0,0.0,0.0,0.0,0.0,0.0,0.0,0.0,0.0,1.0,0.0,0.0,False,Qwen/Qwen2.5-VL-7B-Instruct-AWQ,None
1015@y_name@DESC,Bar,Medium,0.0,0.0,0.0,0.0,0.0,0.0,0.0,0.0,0.0,0.0,1.0,0.0,0.0,False,Qwen/Qwen2.5-VL-7B-Instruct-AWQ,None
1017@y_name@ASC,Bar,Hard,0.0,0.0,0.0,0.0,0.0,0.0,0.0,0.0,0.0,0.0,1.0,0.0,0.0,True,Qwen/Qwen2.5-VL-7B-Instruct-AWQ,None
1017@y_name@ASC,Bar,Hard,0.0,0.0,0.0,0.0,0.0,0.0,0.0,0.0,0.0,0.0,1.0,0.0,0.0,True,Qwen/Qwen2.5-VL-7B-Instruct-AWQ,None
1017@y_name@ASC,Bar,Hard,0.0,0.0,0.0,0.0,0.0,0.0,0.0,0.0,0.0,0.0,1.0,0.0,0.0,True,Qwen/Qwen2.5-VL-7B-Instruct-AWQ,None
1019@x_name@DESC,Bar,Hard,0.0,0.0,0.0,0.0,0.0,1.0,0.0,0.0,0.0,1.0,0.0,0.0,,True,Qwen/Qwen2.5-VL-7B-Instruct-AWQ,None
1019@x_name@DESC,Bar,Hard,0.0,0.0,0.0,0.0,0.0,1.0,0.0,0.0,0.0,1.0,0.0,0.0,,True,Qwen/Qwen2.5-VL-7B-Instruct-AWQ,None
1019@x_name@DESC,Bar,Hard,0.0,0.0,0.0,0.0,0.0,1.0,0.0,0.0,0.0,1.0,0.0,0.0,,True,Qwen/Qwen2.5-VL-7B-Instruct-AWQ,None
1022@y_name@ASC,Bar,Medium,0.0,0.0,0.0,0.0,0.0,0.0,0.0,0.0,0.0,0.0,1.0,0.0,0.0,False,Qwen/Qwen2.5-VL-7B-Instruct-AWQ,None
1022@y_name@ASC,Bar,Medium,0.0,0.0,0.0,0.0,0.0,0.0,0.0,0.0,0.0,0.0,1.0,0.0,0.0,False,Qwen/Qwen2.5-VL-7B-Instruct-AWQ,None
1022@y_name@ASC,Bar,Medium,0.0,0.0,0.0,0.0,0.0,0.0,0.0,0.0,0.0,0.0,1.0,0.0,0.0,False,Qwen/Qwen2.5-VL-7B-Instruct-AWQ,None
2594@y_name@DESC,Bar,Medium,0.0,0.0,0.0,0.0,0.0,0.0,0.0,0.0,0.0,0.0,1.0,0.0,0.0,False,Qwen/Qwen2.5-VL-7B-Instruct-AWQ,None
2594@y_name@DESC,Bar,Medium,0.0,0.0,0.0,0.0,0.0,0.0,0.0,0.0,0.0,0.0,1.0,0.0,0.0,False,Qwen/Qwen2.5-VL-7B-Instruct-AWQ,None
2594@y_name@DESC,Bar,Medium,0.0,0.0,0.0,0.0,0.0,0.0,0.0,0.0,0.0,0.0,1.0,0.0,0.0,False,Qwen/Qwen2.5-VL-7B-Instruct-AWQ,None
909@y_name@ASC,Bar,Medium,0.0,0.0,0.0,0.0,0.0,0.0,0.0,0.0,0.0,0.0,1.0,0.0,0.0,False,Qwen/Qwen2.5-VL-7B-Instruct-AWQ,None
909@y_name@ASC,Bar,Medium,0.0,0.0,0.0,0.0,0.0,0.0,0.0,0.0,0.0,0.0,1.0,0.0,0.0,False,Qwen/Qwen2.5-VL-7B-Instruct-AWQ,None
909@y_name@ASC,Bar,Medium,0.0,0.0,0.0,0.0,0.0,0.0,0.0,0.0,0.0,0.0,1.0,0.0,0.0,False,Qwen/Qwen2.5-VL-7B-Instruct-AWQ,None
911@y_name@DESC,Bar,Hard,0.6666666666666666,0.0,0.0,0.0,0.0,0.0,0.0,0.0,0.6666666666666666,0.0,0.3333333333333333,0.0,0.0,True,Qwen/Qwen2.5-VL-7B-Instruct-AWQ,None
911@y_name@DESC,Bar,Hard,0.6666666666666666,0.0,0.0,0.0,0.0,0.0,0.0,0.0,0.6666666666666666,0.0,0.3333333333333333,0.0,0.0,True,Qwen/Qwen2.5-VL-7B-Instruct-AWQ,None
911@y_name@DESC,Bar,Hard,0.6666666666666666,0.0,0.0,0.0,0.0,0.0,0.0,0.0,0.6666666666666666,0.0,0.3333333333333333,0.0,0.0,True,Qwen/Qwen2.5-VL-7B-Instruct-AWQ,None
690@y_name@DESC,Bar,Medium,0.0,0.0,0.0,0.2,0.2,0.0,0.0,0.0,0.0,0.2,0.8,0.0,0.0,False,Qwen/Qwen2.5-VL-7B-Instruct-AWQ,None
690@y_name@DESC,Bar,Medium,0.0,0.0,0.0,0.2,0.2,0.0,0.0,0.0,0.0,0.2,0.8,0.0,0.0,False,Qwen/Qwen2.5-VL-7B-Instruct-AWQ,None
690@y_name@DESC,Bar,Medium,0.0,0.0,0.0,0.2,0.2,0.0,0.0,0.0,0.0,0.2,0.8,0.0,0.0,False,Qwen/Qwen2.5-VL-7B-Instruct-AWQ,None
692@x_name@ASC,Bar,Extra Hard,0.0,0.0,0.0,1.0,1.0,0.0,0.0,0.0,0.0,1.0,0.0,0.0,,True,Qwen/Qwen2.5-VL-7B-Instruct-AWQ,None
692@x_name@ASC,Bar,Extra Hard,0.0,0.0,0.0,1.0,1.0,0.0,0.0,0.0,0.0,1.0,0.0,0.0,,True,Qwen/Qwen2.5-VL-7B-Instruct-AWQ,None
692@x_name@ASC,Bar,Extra Hard,0.0,0.0,0.0,1.0,1.0,0.0,0.0,0.0,0.0,1.0,0.0,0.0,,True,Qwen/Qwen2.5-VL-7B-Instruct-AWQ,None
700@x_name@DESC,Bar,Hard,0.3333333333333333,0.0,0.3333333333333333,0.0,0.0,0.3333333333333333,0.0,0.0,0.3333333333333333,0.6666666666666666,0.0,0.0,,True,Qwen/Qwen2.5-VL-7B-Instruct-AWQ,None
700@x_name@DESC,Bar,Hard,0.3333333333333333,0.0,0.3333333333333333,0.0,0.0,0.3333333333333333,0.0,0.0,0.3333333333333333,0.6666666666666666,0.0,0.0,,True,Qwen/Qwen2.5-VL-7B-Instruct-AWQ,None
700@x_name@DESC,Bar,Hard,0.3333333333333333,0.0,0.3333333333333333,0.0,0.0,0.3333333333333333,0.0,0.0,0.3333333333333333,0.6666666666666666,0.0,0.0,,True,Qwen/Qwen2.5-VL-7B-Instruct-AWQ,None
816@y_name@DESC,Bar,Hard,0.0,0.0,0.0,0.0,0.0,0.0,0.0,0.0,0.0,0.0,1.0,0.0,0.0,True,Qwen/Qwen2.5-VL-7B-Instruct-AWQ,None
816@y_name@DESC,Bar,Hard,0.0,0.0,0.0,0.0,0.0,0.0,0.0,0.0,0.0,0.0,1.0,0.0,0.0,True,Qwen/Qwen2.5-VL-7B-Instruct-AWQ,None
816@y_name@DESC,Bar,Hard,0.0,0.0,0.0,0.0,0.0,0.0,0.0,0.0,0.0,0.0,1.0,0.0,0.0,True,Qwen/Qwen2.5-VL-7B-Instruct-AWQ,None
827@y_name@ASC,Bar,Medium,0.0,0.0,0.0,0.0,0.0,0.0,0.0,0.0,0.0,0.0,1.0,0.0,0.0,False,Qwen/Qwen2.5-VL-7B-Instruct-AWQ,None
827@y_name@ASC,Bar,Medium,0.0,0.0,0.0,0.0,0.0,0.0,0.0,0.0,0.0,0.0,1.0,0.0,0.0,False,Qwen/Qwen2.5-VL-7B-Instruct-AWQ,None
827@y_name@ASC,Bar,Medium,0.0,0.0,0.0,0.0,0.0,0.0,0.0,0.0,0.0,0.0,1.0,0.0,0.0,False,Qwen/Qwen2.5-VL-7B-Instruct-AWQ,None
829@x_name@ASC,Bar,Medium,0.0,0.0,0.0,0.0,0.0,0.6666666666666666,0.0,0.0,0.0,0.6666666666666666,0.3333333333333333,0.0,0.0,False,Qwen/Qwen2.5-VL-7B-Instruct-AWQ,None
829@x_name@ASC,Bar,Medium,0.0,0.0,0.0,0.0,0.0,0.6666666666666666,0.0,0.0,0.0,0.6666666666666666,0.3333333333333333,0.0,0.0,False,Qwen/Qwen2.5-VL-7B-Instruct-AWQ,None
829@x_name@ASC,Bar,Medium,0.0,0.0,0.0,0.0,0.0,0.6666666666666666,0.0,0.0,0.0,0.6666666666666666,0.3333333333333333,0.0,0.0,False,Qwen/Qwen2.5-VL-7B-Instruct-AWQ,None
833@y_name@DESC,Bar,Hard,1.0,0.0,0.0,0.0,0.0,0.0,0.0,0.0,1.0,0.0,0.0,0.0,,True,Qwen/Qwen2.5-VL-7B-Instruct-AWQ,None
833@y_name@DESC,Bar,Hard,1.0,0.0,0.0,0.0,0.0,0.0,0.0,0.0,1.0,0.0,0.0,0.0,,True,Qwen/Qwen2.5-VL-7B-Instruct-AWQ,None
833@y_name@DESC,Bar,Hard,1.0,0.0,0.0,0.0,0.0,0.0,0.0,0.0,1.0,0.0,0.0,0.0,,True,Qwen/Qwen2.5-VL-7B-Instruct-AWQ,None
847@y_name@DESC,Bar,Hard,0.0,0.0,0.0,0.0,0.5,0.0,0.0,0.0,0.0,0.5,0.5,0.0,0.0,True,Qwen/Qwen2.5-VL-7B-Instruct-AWQ,None
847@y_name@DESC,Bar,Hard,0.0,0.0,0.0,0.0,0.5,0.0,0.0,0.0,0.0,0.5,0.5,0.0,0.0,True,Qwen/Qwen2.5-VL-7B-Instruct-AWQ,None
847@y_name@DESC,Bar,Hard,0.0,0.0,0.0,0.0,0.5,0.0,0.0,0.0,0.0,0.5,0.5,0.0,0.0,True,Qwen/Qwen2.5-VL-7B-Instruct-AWQ,None
851@y_name@DESC,Stacked Bar,Extra Hard,1.0,0.0,0.0,0.0,0.0,0.0,0.0,0.0,1.0,0.0,0.0,0.0,,True,Qwen/Qwen2.5-VL-7B-Instruct-AWQ,None
851@y_name@DESC,Stacked Bar,Extra Hard,1.0,0.0,0.0,0.0,0.0,0.0,0.0,0.0,1.0,0.0,0.0,0.0,,True,Qwen/Qwen2.5-VL-7B-Instruct-AWQ,None
851@y_name@DESC,Stacked Bar,Extra Hard,1.0,0.0,0.0,0.0,0.0,0.0,0.0,0.0,1.0,0.0,0.0,0.0,,True,Qwen/Qwen2.5-VL-7B-Instruct-AWQ,None
853@y_name@DESC,Bar,Extra Hard,0.0,0.0,0.0,0.0,0.0,0.0,0.0,0.0,0.0,0.0,1.0,0.0,0.0,True,Qwen/Qwen2.5-VL-7B-Instruct-AWQ,None
853@y_name@DESC,Bar,Extra Hard,0.0,0.0,0.0,0.0,0.0,0.0,0.0,0.0,0.0,0.0,1.0,0.0,0.0,True,Qwen/Qwen2.5-VL-7B-Instruct-AWQ,None
853@y_name@DESC,Bar,Extra Hard,0.0,0.0,0.0,0.0,0.0,0.0,0.0,0.0,0.0,0.0,1.0,0.0,0.0,True,Qwen/Qwen2.5-VL-7B-Instruct-AWQ,None
1987@x_name@ASC,Bar,Medium,0.0,0.0,0.0,0.0,0.0,0.0,0.0,0.0,0.0,0.0,1.0,0.0,0.0,False,Qwen/Qwen2.5-VL-7B-Instruct-AWQ,None
1987@x_name@ASC,Bar,Medium,0.0,0.0,0.0,0.0,0.0,0.0,0.0,0.0,0.0,0.0,1.0,0.0,0.0,False,Qwen/Qwen2.5-VL-7B-Instruct-AWQ,None
1987@x_name@ASC,Bar,Medium,0.0,0.0,0.0,0.0,0.0,0.0,0.0,0.0,0.0,0.0,1.0,0.0,0.0,False,Qwen/Qwen2.5-VL-7B-Instruct-AWQ,None
1991@y_name@DESC,Bar,Hard,0.5,0.0,0.5,0.0,0.0,0.0,0.0,0.0,0.5,0.5,0.0,0.0,,False,Qwen/Qwen2.5-VL-7B-Instruct-AWQ,None
1991@y_name@DESC,Bar,Hard,0.5,0.0,0.5,0.0,0.0,0.0,0.0,0.0,0.5,0.5,0.0,0.0,,False,Qwen/Qwen2.5-VL-7B-Instruct-AWQ,None
1991@y_name@DESC,Bar,Hard,0.5,0.0,0.5,0.0,0.0,0.0,0.0,0.0,0.5,0.5,0.0,0.0,,False,Qwen/Qwen2.5-VL-7B-Instruct-AWQ,None
2010@x_name@DESC,Bar,Medium,0.0,0.0,0.0,0.0,0.0,1.0,0.0,0.0,0.0,1.0,0.0,0.0,,False,Qwen/Qwen2.5-VL-7B-Instruct-AWQ,None
2010@x_name@DESC,Bar,Medium,0.0,0.0,0.0,0.0,0.0,1.0,0.0,0.0,0.0,1.0,0.0,0.0,,False,Qwen/Qwen2.5-VL-7B-Instruct-AWQ,None
2010@x_name@DESC,Bar,Medium,0.0,0.0,0.0,0.0,0.0,1.0,0.0,0.0,0.0,1.0,0.0,0.0,,False,Qwen/Qwen2.5-VL-7B-Instruct-AWQ,None
2024@y_name@DESC,Bar,Hard,0.0,0.0,0.0,0.0,0.0,0.0,0.0,0.0,0.0,0.0,1.0,0.0,0.0,False,Qwen/Qwen2.5-VL-7B-Instruct-AWQ,None
2024@y_name@DESC,Bar,Hard,0.0,0.0,0.0,0.0,0.0,0.0,0.0,0.0,0.0,0.0,1.0,0.0,0.0,False,Qwen/Qwen2.5-VL-7B-Instruct-AWQ,None
2024@y_name@DESC,Bar,Hard,0.0,0.0,0.0,0.0,0.0,0.0,0.0,0.0,0.0,0.0,1.0,0.0,0.0,False,Qwen/Qwen2.5-VL-7B-Instruct-AWQ,None
2028@y_name@DESC,Bar,Hard,0.0,0.0,0.0,0.0,0.0,0.0,0.0,0.0,0.0,0.0,1.0,0.0,0.0,False,Qwen/Qwen2.5-VL-7B-Instruct-AWQ,None
2028@y_name@DESC,Bar,Hard,0.0,0.0,0.0,0.0,0.0,0.0,0.0,0.0,0.0,0.0,1.0,0.0,0.0,False,Qwen/Qwen2.5-VL-7B-Instruct-AWQ,None
2028@y_name@DESC,Bar,Hard,0.0,0.0,0.0,0.0,0.0,0.0,0.0,0.0,0.0,0.0,1.0,0.0,0.0,False,Qwen/Qwen2.5-VL-7B-Instruct-AWQ,None
2030@y_name@ASC,Bar,Medium,0.3333333333333333,0.0,0.0,0.0,0.3333333333333333,0.3333333333333333,0.0,0.0,0.3333333333333333,0.6666666666666666,0.0,0.0,,False,Qwen/Qwen2.5-VL-7B-Instruct-AWQ,None
2030@y_name@ASC,Bar,Medium,0.3333333333333333,0.0,0.0,0.0,0.3333333333333333,0.3333333333333333,0.0,0.0,0.3333333333333333,0.6666666666666666,0.0,0.0,,False,Qwen/Qwen2.5-VL-7B-Instruct-AWQ,None
2030@y_name@ASC,Bar,Medium,0.3333333333333333,0.0,0.0,0.0,0.3333333333333333,0.3333333333333333,0.0,0.0,0.3333333333333333,0.6666666666666666,0.0,0.0,,False,Qwen/Qwen2.5-VL-7B-Instruct-AWQ,None
2031@y_name@ASC,Bar,Hard,0.0,0.0,0.5,0.0,0.5,0.0,0.0,0.0,0.0,1.0,0.0,0.0,,False,Qwen/Qwen2.5-VL-7B-Instruct-AWQ,None
2031@y_name@ASC,Bar,Hard,0.0,0.0,0.5,0.0,0.5,0.0,0.0,0.0,0.0,1.0,0.0,0.0,,False,Qwen/Qwen2.5-VL-7B-Instruct-AWQ,None
2031@y_name@ASC,Bar,Hard,0.0,0.0,0.5,0.0,0.5,0.0,0.0,0.0,0.0,1.0,0.0,0.0,,False,Qwen/Qwen2.5-VL-7B-Instruct-AWQ,None
709@y_name@DESC,Bar,Medium,0.0,0.0,0.0,0.0,0.0,0.5,0.0,0.0,0.0,0.5,0.5,0.0,0.0,False,Qwen/Qwen2.5-VL-7B-Instruct-AWQ,None
709@y_name@DESC,Bar,Medium,0.0,0.0,0.0,0.0,0.0,0.5,0.0,0.0,0.0,0.5,0.5,0.0,0.0,False,Qwen/Qwen2.5-VL-7B-Instruct-AWQ,None
709@y_name@DESC,Bar,Medium,0.0,0.0,0.0,0.0,0.0,0.5,0.0,0.0,0.0,0.5,0.5,0.0,0.0,False,Qwen/Qwen2.5-VL-7B-Instruct-AWQ,None
171@x_name@DESC,Line,Medium,0.0,0.0,0.0,0.0,0.0,0.0,0.0,0.0,0.0,0.0,1.0,0.0,0.0,False,Qwen/Qwen2.5-VL-7B-Instruct-AWQ,None
171@x_name@DESC,Line,Medium,0.0,0.0,0.0,0.0,0.0,0.0,0.0,0.0,0.0,0.0,1.0,0.0,0.0,False,Qwen/Qwen2.5-VL-7B-Instruct-AWQ,None
171@x_name@DESC,Line,Medium,0.0,0.0,0.0,0.0,0.0,0.0,0.0,0.0,0.0,0.0,1.0,0.0,0.0,False,Qwen/Qwen2.5-VL-7B-Instruct-AWQ,None
2451@y_name@ASC,Bar,Medium,0.0,0.0,0.0,0.0,0.0,0.0,0.0,0.0,0.0,0.0,1.0,0.0,0.0,False,Qwen/Qwen2.5-VL-7B-Instruct-AWQ,None
2451@y_name@ASC,Bar,Medium,0.0,0.0,0.0,0.0,0.0,0.0,0.0,0.0,0.0,0.0,1.0,0.0,0.0,False,Qwen/Qwen2.5-VL-7B-Instruct-AWQ,None
2451@y_name@ASC,Bar,Medium,0.0,0.0,0.0,0.0,0.0,0.0,0.0,0.0,0.0,0.0,1.0,0.0,0.0,False,Qwen/Qwen2.5-VL-7B-Instruct-AWQ,None
2453@y_name@DESC,Bar,Medium,0.0,0.0,0.2,0.0,0.0,0.2,0.0,0.0,0.0,0.4,0.6,0.0,0.0,False,Qwen/Qwen2.5-VL-7B-Instruct-AWQ,None
2453@y_name@DESC,Bar,Medium,0.0,0.0,0.2,0.0,0.0,0.2,0.0,0.0,0.0,0.4,0.6,0.0,0.0,False,Qwen/Qwen2.5-VL-7B-Instruct-AWQ,None
2453@y_name@DESC,Bar,Medium,0.0,0.0,0.2,0.0,0.0,0.2,0.0,0.0,0.0,0.4,0.6,0.0,0.0,False,Qwen/Qwen2.5-VL-7B-Instruct-AWQ,None
2454@y_name@DESC,Bar,Hard,0.0,0.0,0.0,0.0,1.0,0.0,0.0,0.0,0.0,1.0,0.0,0.0,,True,Qwen/Qwen2.5-VL-7B-Instruct-AWQ,None
2454@y_name@DESC,Bar,Hard,0.0,0.0,0.0,0.0,1.0,0.0,0.0,0.0,0.0,1.0,0.0,0.0,,True,Qwen/Qwen2.5-VL-7B-Instruct-AWQ,None
2454@y_name@DESC,Bar,Hard,0.0,0.0,0.0,0.0,1.0,0.0,0.0,0.0,0.0,1.0,0.0,0.0,,True,Qwen/Qwen2.5-VL-7B-Instruct-AWQ,None
2455@x_name@ASC,Bar,Hard,0.0,0.0,0.0,0.0,0.3333333333333333,0.0,0.0,0.0,0.0,0.3333333333333333,0.6666666666666666,0.0,0.0,True,Qwen/Qwen2.5-VL-7B-Instruct-AWQ,None
2455@x_name@ASC,Bar,Hard,0.0,0.0,0.0,0.0,0.3333333333333333,0.0,0.0,0.0,0.0,0.3333333333333333,0.6666666666666666,0.0,0.0,True,Qwen/Qwen2.5-VL-7B-Instruct-AWQ,None
2455@x_name@ASC,Bar,Hard,0.0,0.0,0.0,0.0,0.3333333333333333,0.0,0.0,0.0,0.0,0.3333333333333333,0.6666666666666666,0.0,0.0,True,Qwen/Qwen2.5-VL-7B-Instruct-AWQ,None
2456@y_name@ASC,Bar,Hard,0.0,0.0,0.0,0.0,0.2,0.0,0.0,0.0,0.0,0.2,0.8,0.0,0.0,True,Qwen/Qwen2.5-VL-7B-Instruct-AWQ,None
2456@y_name@ASC,Bar,Hard,0.0,0.0,0.0,0.0,0.2,0.0,0.0,0.0,0.0,0.2,0.8,0.0,0.0,True,Qwen/Qwen2.5-VL-7B-Instruct-AWQ,None
2456@y_name@ASC,Bar,Hard,0.0,0.0,0.0,0.0,0.2,0.0,0.0,0.0,0.0,0.2,0.8,0.0,0.0,True,Qwen/Qwen2.5-VL-7B-Instruct-AWQ,None
486@y_name@DESC,Bar,Medium,0.5,0.0,0.0,0.0,0.25,0.0,0.0,0.0,0.5,0.25,0.25,0.0,0.0,True,Qwen/Qwen2.5-VL-7B-Instruct-AWQ,None
486@y_name@DESC,Bar,Medium,0.5,0.0,0.0,0.0,0.25,0.0,0.0,0.0,0.5,0.25,0.25,0.0,0.0,True,Qwen/Qwen2.5-VL-7B-Instruct-AWQ,None
486@y_name@DESC,Bar,Medium,0.5,0.0,0.0,0.0,0.25,0.0,0.0,0.0,0.5,0.25,0.25,0.0,0.0,True,Qwen/Qwen2.5-VL-7B-Instruct-AWQ,None
490@y_name@ASC,Bar,Hard,0.0,0.0,0.0,0.0,0.0,0.0,0.0,0.0,0.0,0.0,1.0,0.0,0.0,False,Qwen/Qwen2.5-VL-7B-Instruct-AWQ,None
490@y_name@ASC,Bar,Hard,0.0,0.0,0.0,0.0,0.0,0.0,0.0,0.0,0.0,0.0,1.0,0.0,0.0,False,Qwen/Qwen2.5-VL-7B-Instruct-AWQ,None
490@y_name@ASC,Bar,Hard,0.0,0.0,0.0,0.0,0.0,0.0,0.0,0.0,0.0,0.0,1.0,0.0,0.0,False,Qwen/Qwen2.5-VL-7B-Instruct-AWQ,None
2904@y_name@DESC,Bar,Medium,0.0,0.0,0.0,0.25,0.25,0.0,0.0,0.0,0.0,0.25,0.75,0.0,0.0,False,Qwen/Qwen2.5-VL-7B-Instruct-AWQ,None
2904@y_name@DESC,Bar,Medium,0.0,0.0,0.0,0.25,0.25,0.0,0.0,0.0,0.0,0.25,0.75,0.0,0.0,False,Qwen/Qwen2.5-VL-7B-Instruct-AWQ,None
2904@y_name@DESC,Bar,Medium,0.0,0.0,0.0,0.25,0.25,0.0,0.0,0.0,0.0,0.25,0.75,0.0,0.0,False,Qwen/Qwen2.5-VL-7B-Instruct-AWQ,None
2909@x_name@ASC,Bar,Medium,1.0,0.0,0.0,0.0,0.0,0.0,0.0,0.0,1.0,0.0,0.0,0.0,,False,Qwen/Qwen2.5-VL-7B-Instruct-AWQ,None
2909@x_name@ASC,Bar,Medium,1.0,0.0,0.0,0.0,0.0,0.0,0.0,0.0,1.0,0.0,0.0,0.0,,False,Qwen/Qwen2.5-VL-7B-Instruct-AWQ,None
2909@x_name@ASC,Bar,Medium,1.0,0.0,0.0,0.0,0.0,0.0,0.0,0.0,1.0,0.0,0.0,0.0,,False,Qwen/Qwen2.5-VL-7B-Instruct-AWQ,None
2915@y_name@ASC,Bar,Easy,0.0,0.0,0.0,0.0,0.0,0.5,0.0,0.0,0.0,0.5,0.5,0.0,0.0,False,Qwen/Qwen2.5-VL-7B-Instruct-AWQ,None
2915@y_name@ASC,Bar,Easy,0.0,0.0,0.0,0.0,0.0,0.5,0.0,0.0,0.0,0.5,0.5,0.0,0.0,False,Qwen/Qwen2.5-VL-7B-Instruct-AWQ,None
2915@y_name@ASC,Bar,Easy,0.0,0.0,0.0,0.0,0.0,0.5,0.0,0.0,0.0,0.5,0.5,0.0,0.0,False,Qwen/Qwen2.5-VL-7B-Instruct-AWQ,None
2931@y_name@DESC,Bar,Extra Hard,1.0,0.0,0.0,0.0,0.0,0.0,0.0,0.0,1.0,0.0,0.0,0.0,,True,Qwen/Qwen2.5-VL-7B-Instruct-AWQ,None
2931@y_name@DESC,Bar,Extra Hard,1.0,0.0,0.0,0.0,0.0,0.0,0.0,0.0,1.0,0.0,0.0,0.0,,True,Qwen/Qwen2.5-VL-7B-Instruct-AWQ,None
2931@y_name@DESC,Bar,Extra Hard,1.0,0.0,0.0,0.0,0.0,0.0,0.0,0.0,1.0,0.0,0.0,0.0,,True,Qwen/Qwen2.5-VL-7B-Instruct-AWQ,None
920@y_name@ASC,Bar,Extra Hard,0.5,0.0,0.0,0.0,0.0,0.5,0.0,0.0,0.5,0.5,0.0,0.0,,True,Qwen/Qwen2.5-VL-7B-Instruct-AWQ,None
920@y_name@ASC,Bar,Extra Hard,0.5,0.0,0.0,0.0,0.0,0.5,0.0,0.0,0.5,0.5,0.0,0.0,,True,Qwen/Qwen2.5-VL-7B-Instruct-AWQ,None
920@y_name@ASC,Bar,Extra Hard,0.5,0.0,0.0,0.0,0.0,0.5,0.0,0.0,0.5,0.5,0.0,0.0,,True,Qwen/Qwen2.5-VL-7B-Instruct-AWQ,None
921@y_name@DESC,Stacked Bar,Hard,1.0,0.0,0.0,0.0,0.0,0.0,0.0,0.0,1.0,0.0,0.0,0.0,,True,Qwen/Qwen2.5-VL-7B-Instruct-AWQ,None
921@y_name@DESC,Stacked Bar,Hard,1.0,0.0,0.0,0.0,0.0,0.0,0.0,0.0,1.0,0.0,0.0,0.0,,True,Qwen/Qwen2.5-VL-7B-Instruct-AWQ,None
921@y_name@DESC,Stacked Bar,Hard,1.0,0.0,0.0,0.0,0.0,0.0,0.0,0.0,1.0,0.0,0.0,0.0,,True,Qwen/Qwen2.5-VL-7B-Instruct-AWQ,None
2985@y_name@DESC,Stacked Bar,Extra Hard,1.0,0.0,0.0,0.0,0.0,0.0,0.0,0.0,1.0,0.0,0.0,0.0,,True,Qwen/Qwen2.5-VL-7B-Instruct-AWQ,None
2985@y_name@DESC,Stacked Bar,Extra Hard,1.0,0.0,0.0,0.0,0.0,0.0,0.0,0.0,1.0,0.0,0.0,0.0,,True,Qwen/Qwen2.5-VL-7B-Instruct-AWQ,None
2985@y_name@DESC,Stacked Bar,Extra Hard,1.0,0.0,0.0,0.0,0.0,0.0,0.0,0.0,1.0,0.0,0.0,0.0,,True,Qwen/Qwen2.5-VL-7B-Instruct-AWQ,None
2993@y_name@ASC,Bar,Medium,0.0,0.0,0.0,0.0,0.5,0.0,0.0,0.0,0.0,0.5,0.5,0.0,0.0,False,Qwen/Qwen2.5-VL-7B-Instruct-AWQ,None
2993@y_name@ASC,Bar,Medium,0.0,0.0,0.0,0.0,0.5,0.0,0.0,0.0,0.0,0.5,0.5,0.0,0.0,False,Qwen/Qwen2.5-VL-7B-Instruct-AWQ,None
2993@y_name@ASC,Bar,Medium,0.0,0.0,0.0,0.0,0.5,0.0,0.0,0.0,0.0,0.5,0.5,0.0,0.0,False,Qwen/Qwen2.5-VL-7B-Instruct-AWQ,None
3001@x_name@ASC,Bar,Extra Hard,0.5,0.0,0.0,0.0,0.0,0.0,0.0,0.0,0.5,0.0,0.5,0.0,0.0,True,Qwen/Qwen2.5-VL-7B-Instruct-AWQ,None
3001@x_name@ASC,Bar,Extra Hard,0.5,0.0,0.0,0.0,0.0,0.0,0.0,0.0,0.5,0.0,0.5,0.0,0.0,True,Qwen/Qwen2.5-VL-7B-Instruct-AWQ,None
3001@x_name@ASC,Bar,Extra Hard,0.5,0.0,0.0,0.0,0.0,0.0,0.0,0.0,0.5,0.0,0.5,0.0,0.0,True,Qwen/Qwen2.5-VL-7B-Instruct-AWQ,None
3002@y_name@ASC,Bar,Medium,0.0,0.0,0.0,0.0,0.0,0.0,0.0,0.0,0.0,0.0,1.0,0.0,0.0,False,Qwen/Qwen2.5-VL-7B-Instruct-AWQ,None
3002@y_name@ASC,Bar,Medium,0.0,0.0,0.0,0.0,0.0,0.0,0.0,0.0,0.0,0.0,1.0,0.0,0.0,False,Qwen/Qwen2.5-VL-7B-Instruct-AWQ,None
3002@y_name@ASC,Bar,Medium,0.0,0.0,0.0,0.0,0.0,0.0,0.0,0.0,0.0,0.0,1.0,0.0,0.0,False,Qwen/Qwen2.5-VL-7B-Instruct-AWQ,None
3005@x_name@ASC,Bar,Medium,0.0,0.0,0.0,0.0,0.0,0.0,0.0,0.0,0.0,0.0,1.0,0.0,0.0,False,Qwen/Qwen2.5-VL-7B-Instruct-AWQ,None
3005@x_name@ASC,Bar,Medium,0.0,0.0,0.0,0.0,0.0,0.0,0.0,0.0,0.0,0.0,1.0,0.0,0.0,False,Qwen/Qwen2.5-VL-7B-Instruct-AWQ,None
3005@x_name@ASC,Bar,Medium,0.0,0.0,0.0,0.0,0.0,0.0,0.0,0.0,0.0,0.0,1.0,0.0,0.0,False,Qwen/Qwen2.5-VL-7B-Instruct-AWQ,None
3007@y_name@ASC,Bar,Medium,0.0,0.0,0.0,0.0,0.0,1.0,0.0,0.0,0.0,1.0,0.0,0.0,,False,Qwen/Qwen2.5-VL-7B-Instruct-AWQ,None
3007@y_name@ASC,Bar,Medium,0.0,0.0,0.0,0.0,0.0,1.0,0.0,0.0,0.0,1.0,0.0,0.0,,False,Qwen/Qwen2.5-VL-7B-Instruct-AWQ,None
3007@y_name@ASC,Bar,Medium,0.0,0.0,0.0,0.0,0.0,1.0,0.0,0.0,0.0,1.0,0.0,0.0,,False,Qwen/Qwen2.5-VL-7B-Instruct-AWQ,None
3014@y_name@ASC,Bar,Extra Hard,0.0,0.0,0.0,0.0,0.0,1.0,0.0,0.0,0.0,1.0,0.0,0.0,,True,Qwen/Qwen2.5-VL-7B-Instruct-AWQ,None
3014@y_name@ASC,Bar,Extra Hard,0.0,0.0,0.0,0.0,0.0,1.0,0.0,0.0,0.0,1.0,0.0,0.0,,True,Qwen/Qwen2.5-VL-7B-Instruct-AWQ,None
3014@y_name@ASC,Bar,Extra Hard,0.0,0.0,0.0,0.0,0.0,1.0,0.0,0.0,0.0,1.0,0.0,0.0,,True,Qwen/Qwen2.5-VL-7B-Instruct-AWQ,None
3015@x_name@DESC,Bar,Extra Hard,1.0,0.0,0.0,0.0,0.0,0.0,0.0,0.0,1.0,0.0,0.0,0.0,,True,Qwen/Qwen2.5-VL-7B-Instruct-AWQ,None
3015@x_name@DESC,Bar,Extra Hard,1.0,0.0,0.0,0.0,0.0,0.0,0.0,0.0,1.0,0.0,0.0,0.0,,True,Qwen/Qwen2.5-VL-7B-Instruct-AWQ,None
3015@x_name@DESC,Bar,Extra Hard,1.0,0.0,0.0,0.0,0.0,0.0,0.0,0.0,1.0,0.0,0.0,0.0,,True,Qwen/Qwen2.5-VL-7B-Instruct-AWQ,None
3022@x_name@DESC,Bar,Extra Hard,0.0,0.0,1.0,0.0,0.0,0.0,0.0,0.0,0.0,1.0,0.0,0.0,,True,Qwen/Qwen2.5-VL-7B-Instruct-AWQ,None
3022@x_name@DESC,Bar,Extra Hard,0.0,0.0,1.0,0.0,0.0,0.0,0.0,0.0,0.0,1.0,0.0,0.0,,True,Qwen/Qwen2.5-VL-7B-Instruct-AWQ,None
3022@x_name@DESC,Bar,Extra Hard,0.0,0.0,1.0,0.0,0.0,0.0,0.0,0.0,0.0,1.0,0.0,0.0,,True,Qwen/Qwen2.5-VL-7B-Instruct-AWQ,None
1462@x_name@ASC,Bar,Medium,1.0,0.0,0.0,0.0,0.0,0.0,0.0,0.0,1.0,0.0,0.0,0.0,,False,Qwen/Qwen2.5-VL-7B-Instruct-AWQ,None
1462@x_name@ASC,Bar,Medium,1.0,0.0,0.0,0.0,0.0,0.0,0.0,0.0,1.0,0.0,0.0,0.0,,False,Qwen/Qwen2.5-VL-7B-Instruct-AWQ,None
1462@x_name@ASC,Bar,Medium,1.0,0.0,0.0,0.0,0.0,0.0,0.0,0.0,1.0,0.0,0.0,0.0,,False,Qwen/Qwen2.5-VL-7B-Instruct-AWQ,None
1470@y_name@ASC,Bar,Extra Hard,0.3333333333333333,0.0,0.0,0.0,0.3333333333333333,0.0,0.0,0.0,0.3333333333333333,0.3333333333333333,0.3333333333333333,0.0,0.0,True,Qwen/Qwen2.5-VL-7B-Instruct-AWQ,None
1470@y_name@ASC,Bar,Extra Hard,0.3333333333333333,0.0,0.0,0.0,0.3333333333333333,0.0,0.0,0.0,0.3333333333333333,0.3333333333333333,0.3333333333333333,0.0,0.0,True,Qwen/Qwen2.5-VL-7B-Instruct-AWQ,None
1470@y_name@ASC,Bar,Extra Hard,0.3333333333333333,0.0,0.0,0.0,0.3333333333333333,0.0,0.0,0.0,0.3333333333333333,0.3333333333333333,0.3333333333333333,0.0,0.0,True,Qwen/Qwen2.5-VL-7B-Instruct-AWQ,None
857@x_name@DESC,Bar,Extra Hard,1.0,0.0,0.0,0.0,0.0,0.0,0.0,0.0,1.0,0.0,0.0,0.0,,True,Qwen/Qwen2.5-VL-7B-Instruct-AWQ,None
857@x_name@DESC,Bar,Extra Hard,1.0,0.0,0.0,0.0,0.0,0.0,0.0,0.0,1.0,0.0,0.0,0.0,,True,Qwen/Qwen2.5-VL-7B-Instruct-AWQ,None
857@x_name@DESC,Bar,Extra Hard,1.0,0.0,0.0,0.0,0.0,0.0,0.0,0.0,1.0,0.0,0.0,0.0,,True,Qwen/Qwen2.5-VL-7B-Instruct-AWQ,None
859@x_name@ASC,Bar,Medium,0.0,0.0,0.0,0.0,0.0,1.0,0.0,0.0,0.0,1.0,0.0,0.0,,False,Qwen/Qwen2.5-VL-7B-Instruct-AWQ,None
859@x_name@ASC,Bar,Medium,0.0,0.0,0.0,0.0,0.0,1.0,0.0,0.0,0.0,1.0,0.0,0.0,,False,Qwen/Qwen2.5-VL-7B-Instruct-AWQ,None
859@x_name@ASC,Bar,Medium,0.0,0.0,0.0,0.0,0.0,1.0,0.0,0.0,0.0,1.0,0.0,0.0,,False,Qwen/Qwen2.5-VL-7B-Instruct-AWQ,None
862@y_name@DESC,Bar,Medium,0.0,0.0,0.0,0.0,0.0,1.0,0.0,0.0,0.0,1.0,0.0,0.0,,False,Qwen/Qwen2.5-VL-7B-Instruct-AWQ,None
862@y_name@DESC,Bar,Medium,0.0,0.0,0.0,0.0,0.0,1.0,0.0,0.0,0.0,1.0,0.0,0.0,,False,Qwen/Qwen2.5-VL-7B-Instruct-AWQ,None
862@y_name@DESC,Bar,Medium,0.0,0.0,0.0,0.0,0.0,1.0,0.0,0.0,0.0,1.0,0.0,0.0,,False,Qwen/Qwen2.5-VL-7B-Instruct-AWQ,None
863@y_name@ASC,Bar,Medium,1.0,0.0,0.0,0.0,0.0,0.0,0.0,0.0,1.0,0.0,0.0,0.0,,False,Qwen/Qwen2.5-VL-7B-Instruct-AWQ,None
863@y_name@ASC,Bar,Medium,1.0,0.0,0.0,0.0,0.0,0.0,0.0,0.0,1.0,0.0,0.0,0.0,,False,Qwen/Qwen2.5-VL-7B-Instruct-AWQ,None
863@y_name@ASC,Bar,Medium,1.0,0.0,0.0,0.0,0.0,0.0,0.0,0.0,1.0,0.0,0.0,0.0,,False,Qwen/Qwen2.5-VL-7B-Instruct-AWQ,None
872@x_name@DESC,Bar,Medium,0.0,0.0,0.0,0.0,0.25,0.5,0.0,0.0,0.0,0.75,0.25,0.0,0.0,False,Qwen/Qwen2.5-VL-7B-Instruct-AWQ,None
872@x_name@DESC,Bar,Medium,0.0,0.0,0.0,0.0,0.25,0.5,0.0,0.0,0.0,0.75,0.25,0.0,0.0,False,Qwen/Qwen2.5-VL-7B-Instruct-AWQ,None
872@x_name@DESC,Bar,Medium,0.0,0.0,0.0,0.0,0.25,0.5,0.0,0.0,0.0,0.75,0.25,0.0,0.0,False,Qwen/Qwen2.5-VL-7B-Instruct-AWQ,None
882@x_name@DESC,Bar,Hard,0.3333333333333333,0.0,0.0,0.0,0.0,0.6666666666666666,0.0,0.0,0.3333333333333333,0.6666666666666666,0.0,0.0,,True,Qwen/Qwen2.5-VL-7B-Instruct-AWQ,None
882@x_name@DESC,Bar,Hard,0.3333333333333333,0.0,0.0,0.0,0.0,0.6666666666666666,0.0,0.0,0.3333333333333333,0.6666666666666666,0.0,0.0,,True,Qwen/Qwen2.5-VL-7B-Instruct-AWQ,None
882@x_name@DESC,Bar,Hard,0.3333333333333333,0.0,0.0,0.0,0.0,0.6666666666666666,0.0,0.0,0.3333333333333333,0.6666666666666666,0.0,0.0,,True,Qwen/Qwen2.5-VL-7B-Instruct-AWQ,None
884@x_name@DESC,Bar,Extra Hard,1.0,0.0,0.0,0.0,0.0,0.0,0.0,0.0,1.0,0.0,0.0,0.0,,True,Qwen/Qwen2.5-VL-7B-Instruct-AWQ,None
884@x_name@DESC,Bar,Extra Hard,1.0,0.0,0.0,0.0,0.0,0.0,0.0,0.0,1.0,0.0,0.0,0.0,,True,Qwen/Qwen2.5-VL-7B-Instruct-AWQ,None
884@x_name@DESC,Bar,Extra Hard,1.0,0.0,0.0,0.0,0.0,0.0,0.0,0.0,1.0,0.0,0.0,0.0,,True,Qwen/Qwen2.5-VL-7B-Instruct-AWQ,None
1302@x_name@ASC,Bar,Hard,1.0,0.0,0.0,0.0,0.0,0.0,0.0,0.0,1.0,0.0,0.0,0.0,,True,Qwen/Qwen2.5-VL-7B-Instruct-AWQ,None
1302@x_name@ASC,Bar,Hard,1.0,0.0,0.0,0.0,0.0,0.0,0.0,0.0,1.0,0.0,0.0,0.0,,True,Qwen/Qwen2.5-VL-7B-Instruct-AWQ,None
1302@x_name@ASC,Bar,Hard,1.0,0.0,0.0,0.0,0.0,0.0,0.0,0.0,1.0,0.0,0.0,0.0,,True,Qwen/Qwen2.5-VL-7B-Instruct-AWQ,None
1304@y_name@ASC,Bar,Easy,0.5,0.0,0.0,0.0,0.25,0.0,0.0,0.0,0.5,0.25,0.25,0.0,0.0,False,Qwen/Qwen2.5-VL-7B-Instruct-AWQ,None
1304@y_name@ASC,Bar,Easy,0.5,0.0,0.0,0.0,0.25,0.0,0.0,0.0,0.5,0.25,0.25,0.0,0.0,False,Qwen/Qwen2.5-VL-7B-Instruct-AWQ,None
1304@y_name@ASC,Bar,Easy,0.5,0.0,0.0,0.0,0.25,0.0,0.0,0.0,0.5,0.25,0.25,0.0,0.0,False,Qwen/Qwen2.5-VL-7B-Instruct-AWQ,None
1307@y_name@DESC,Bar,Hard,0.0,0.0,0.0,0.0,1.0,0.0,0.0,0.0,0.0,1.0,0.0,0.0,,True,Qwen/Qwen2.5-VL-7B-Instruct-AWQ,None
1307@y_name@DESC,Bar,Hard,0.0,0.0,0.0,0.0,1.0,0.0,0.0,0.0,0.0,1.0,0.0,0.0,,True,Qwen/Qwen2.5-VL-7B-Instruct-AWQ,None
1307@y_name@DESC,Bar,Hard,0.0,0.0,0.0,0.0,1.0,0.0,0.0,0.0,0.0,1.0,0.0,0.0,,True,Qwen/Qwen2.5-VL-7B-Instruct-AWQ,None
1311@y_name@ASC,Bar,Hard,1.0,0.0,0.0,0.0,0.0,0.0,0.0,0.0,1.0,0.0,0.0,0.0,,True,Qwen/Qwen2.5-VL-7B-Instruct-AWQ,None
1311@y_name@ASC,Bar,Hard,1.0,0.0,0.0,0.0,0.0,0.0,0.0,0.0,1.0,0.0,0.0,0.0,,True,Qwen/Qwen2.5-VL-7B-Instruct-AWQ,None
1311@y_name@ASC,Bar,Hard,1.0,0.0,0.0,0.0,0.0,0.0,0.0,0.0,1.0,0.0,0.0,0.0,,True,Qwen/Qwen2.5-VL-7B-Instruct-AWQ,None
1315@y_name@ASC,Bar,Hard,0.0,0.0,0.0,1.0,1.0,0.0,0.0,0.0,0.0,1.0,0.0,0.0,,True,Qwen/Qwen2.5-VL-7B-Instruct-AWQ,None
1315@y_name@ASC,Bar,Hard,0.0,0.0,0.0,1.0,1.0,0.0,0.0,0.0,0.0,1.0,0.0,0.0,,True,Qwen/Qwen2.5-VL-7B-Instruct-AWQ,None
1315@y_name@ASC,Bar,Hard,0.0,0.0,0.0,1.0,1.0,0.0,0.0,0.0,0.0,1.0,0.0,0.0,,True,Qwen/Qwen2.5-VL-7B-Instruct-AWQ,None
1320@y_name@ASC,Bar,Medium,0.5,0.0,0.0,0.0,0.0,0.0,0.0,0.0,0.5,0.0,0.5,0.0,0.0,False,Qwen/Qwen2.5-VL-7B-Instruct-AWQ,None
1320@y_name@ASC,Bar,Medium,0.5,0.0,0.0,0.0,0.0,0.0,0.0,0.0,0.5,0.0,0.5,0.0,0.0,False,Qwen/Qwen2.5-VL-7B-Instruct-AWQ,None
1320@y_name@ASC,Bar,Medium,0.5,0.0,0.0,0.0,0.0,0.0,0.0,0.0,0.5,0.0,0.5,0.0,0.0,False,Qwen/Qwen2.5-VL-7B-Instruct-AWQ,None
1322@x_name@ASC,Bar,Extra Hard,1.0,0.0,0.0,0.0,0.0,0.0,0.0,0.0,1.0,0.0,0.0,0.0,,True,Qwen/Qwen2.5-VL-7B-Instruct-AWQ,None
1322@x_name@ASC,Bar,Extra Hard,1.0,0.0,0.0,0.0,0.0,0.0,0.0,0.0,1.0,0.0,0.0,0.0,,True,Qwen/Qwen2.5-VL-7B-Instruct-AWQ,None
1322@x_name@ASC,Bar,Extra Hard,1.0,0.0,0.0,0.0,0.0,0.0,0.0,0.0,1.0,0.0,0.0,0.0,,True,Qwen/Qwen2.5-VL-7B-Instruct-AWQ,None
364@y_name@ASC,Bar,Medium,0.0,0.0,0.0,0.0,0.0,0.3333333333333333,0.0,0.0,0.0,0.3333333333333333,0.6666666666666666,0.0,0.0,False,Qwen/Qwen2.5-VL-7B-Instruct-AWQ,None
364@y_name@ASC,Bar,Medium,0.0,0.0,0.0,0.0,0.0,0.3333333333333333,0.0,0.0,0.0,0.3333333333333333,0.6666666666666666,0.0,0.0,False,Qwen/Qwen2.5-VL-7B-Instruct-AWQ,None
364@y_name@ASC,Bar,Medium,0.0,0.0,0.0,0.0,0.0,0.3333333333333333,0.0,0.0,0.0,0.3333333333333333,0.6666666666666666,0.0,0.0,False,Qwen/Qwen2.5-VL-7B-Instruct-AWQ,None
365@x_name@ASC,Bar,Medium,0.5,0.0,0.0,0.0,0.0,0.0,0.0,0.0,0.5,0.0,0.5,0.0,0.0,False,Qwen/Qwen2.5-VL-7B-Instruct-AWQ,None
365@x_name@ASC,Bar,Medium,0.5,0.0,0.0,0.0,0.0,0.0,0.0,0.0,0.5,0.0,0.5,0.0,0.0,False,Qwen/Qwen2.5-VL-7B-Instruct-AWQ,None
365@x_name@ASC,Bar,Medium,0.5,0.0,0.0,0.0,0.0,0.0,0.0,0.0,0.5,0.0,0.5,0.0,0.0,False,Qwen/Qwen2.5-VL-7B-Instruct-AWQ,None
2436@y_name@DESC,Bar,Medium,0.0,0.0,0.5,0.0,0.5,0.0,0.0,0.0,0.0,1.0,0.0,0.0,,False,Qwen/Qwen2.5-VL-7B-Instruct-AWQ,None
2436@y_name@DESC,Bar,Medium,0.0,0.0,0.5,0.0,0.5,0.0,0.0,0.0,0.0,1.0,0.0,0.0,,False,Qwen/Qwen2.5-VL-7B-Instruct-AWQ,None
2436@y_name@DESC,Bar,Medium,0.0,0.0,0.5,0.0,0.5,0.0,0.0,0.0,0.0,1.0,0.0,0.0,,False,Qwen/Qwen2.5-VL-7B-Instruct-AWQ,None
2439@x_name@ASC,Bar,Hard,0.0,0.0,0.5,0.0,0.0,0.5,0.0,0.0,0.0,1.0,0.0,0.0,,False,Qwen/Qwen2.5-VL-7B-Instruct-AWQ,None
2439@x_name@ASC,Bar,Hard,0.0,0.0,0.5,0.0,0.0,0.5,0.0,0.0,0.0,1.0,0.0,0.0,,False,Qwen/Qwen2.5-VL-7B-Instruct-AWQ,None
2439@x_name@ASC,Bar,Hard,0.0,0.0,0.5,0.0,0.0,0.5,0.0,0.0,0.0,1.0,0.0,0.0,,False,Qwen/Qwen2.5-VL-7B-Instruct-AWQ,None
2441@x_name@DESC,Bar,Medium,0.0,0.0,0.0,0.0,0.0,1.0,0.0,0.0,0.0,1.0,0.0,0.0,,False,Qwen/Qwen2.5-VL-7B-Instruct-AWQ,None
2441@x_name@DESC,Bar,Medium,0.0,0.0,0.0,0.0,0.0,1.0,0.0,0.0,0.0,1.0,0.0,0.0,,False,Qwen/Qwen2.5-VL-7B-Instruct-AWQ,None
2441@x_name@DESC,Bar,Medium,0.0,0.0,0.0,0.0,0.0,1.0,0.0,0.0,0.0,1.0,0.0,0.0,,False,Qwen/Qwen2.5-VL-7B-Instruct-AWQ,None
2127@x_name@ASC,Bar,Medium,0.0,0.0,0.0,0.0,0.0,0.0,0.0,0.0,0.0,0.0,1.0,0.0,0.0,False,Qwen/Qwen2.5-VL-7B-Instruct-AWQ,None
2127@x_name@ASC,Bar,Medium,0.0,0.0,0.0,0.0,0.0,0.0,0.0,0.0,0.0,0.0,1.0,0.0,0.0,False,Qwen/Qwen2.5-VL-7B-Instruct-AWQ,None
2127@x_name@ASC,Bar,Medium,0.0,0.0,0.0,0.0,0.0,0.0,0.0,0.0,0.0,0.0,1.0,0.0,0.0,False,Qwen/Qwen2.5-VL-7B-Instruct-AWQ,None
2135@x_name@DESC,Bar,Medium,0.0,0.0,0.0,0.0,0.0,1.0,0.0,0.0,0.0,1.0,0.0,0.0,,False,Qwen/Qwen2.5-VL-7B-Instruct-AWQ,None
2135@x_name@DESC,Bar,Medium,0.0,0.0,0.0,0.0,0.0,1.0,0.0,0.0,0.0,1.0,0.0,0.0,,False,Qwen/Qwen2.5-VL-7B-Instruct-AWQ,None
2135@x_name@DESC,Bar,Medium,0.0,0.0,0.0,0.0,0.0,1.0,0.0,0.0,0.0,1.0,0.0,0.0,,False,Qwen/Qwen2.5-VL-7B-Instruct-AWQ,None
2143@y_name@DESC,Bar,Hard,0.0,0.0,0.0,0.0,0.0,1.0,0.0,0.0,0.0,1.0,0.0,0.0,,True,Qwen/Qwen2.5-VL-7B-Instruct-AWQ,None
2143@y_name@DESC,Bar,Hard,0.0,0.0,0.0,0.0,0.0,1.0,0.0,0.0,0.0,1.0,0.0,0.0,,True,Qwen/Qwen2.5-VL-7B-Instruct-AWQ,None
2143@y_name@DESC,Bar,Hard,0.0,0.0,0.0,0.0,0.0,1.0,0.0,0.0,0.0,1.0,0.0,0.0,,True,Qwen/Qwen2.5-VL-7B-Instruct-AWQ,None
1149@x_name@DESC,Bar,Medium,0.0,0.0,0.0,0.0,0.0,0.5,0.0,0.0,0.0,0.5,0.5,0.0,0.0,False,Qwen/Qwen2.5-VL-7B-Instruct-AWQ,None
1149@x_name@DESC,Bar,Medium,0.0,0.0,0.0,0.0,0.0,0.5,0.0,0.0,0.0,0.5,0.5,0.0,0.0,False,Qwen/Qwen2.5-VL-7B-Instruct-AWQ,None
1149@x_name@DESC,Bar,Medium,0.0,0.0,0.0,0.0,0.0,0.5,0.0,0.0,0.0,0.5,0.5,0.0,0.0,False,Qwen/Qwen2.5-VL-7B-Instruct-AWQ,None
1150@y_name@ASC,Bar,Medium,0.0,0.0,0.0,0.0,0.0,0.0,0.0,0.0,0.0,0.0,1.0,0.0,0.0,False,Qwen/Qwen2.5-VL-7B-Instruct-AWQ,None
1150@y_name@ASC,Bar,Medium,0.0,0.0,0.0,0.0,0.0,0.0,0.0,0.0,0.0,0.0,1.0,0.0,0.0,False,Qwen/Qwen2.5-VL-7B-Instruct-AWQ,None
1150@y_name@ASC,Bar,Medium,0.0,0.0,0.0,0.0,0.0,0.0,0.0,0.0,0.0,0.0,1.0,0.0,0.0,False,Qwen/Qwen2.5-VL-7B-Instruct-AWQ,None
2814@y_name@ASC,Bar,Medium,0.0,0.0,0.0,0.0,0.0,0.0,0.0,0.0,0.0,0.0,1.0,0.0,0.0,False,Qwen/Qwen2.5-VL-7B-Instruct-AWQ,None
2814@y_name@ASC,Bar,Medium,0.0,0.0,0.0,0.0,0.0,0.0,0.0,0.0,0.0,0.0,1.0,0.0,0.0,False,Qwen/Qwen2.5-VL-7B-Instruct-AWQ,None
2814@y_name@ASC,Bar,Medium,0.0,0.0,0.0,0.0,0.0,0.0,0.0,0.0,0.0,0.0,1.0,0.0,0.0,False,Qwen/Qwen2.5-VL-7B-Instruct-AWQ,None
2815@x_name@DESC,Stacked Bar,Hard,0.0,0.0,0.0,1.0,1.0,0.0,0.0,0.0,0.0,1.0,0.0,0.0,,False,Qwen/Qwen2.5-VL-7B-Instruct-AWQ,None
2815@x_name@DESC,Stacked Bar,Hard,0.0,0.0,0.0,1.0,1.0,0.0,0.0,0.0,0.0,1.0,0.0,0.0,,False,Qwen/Qwen2.5-VL-7B-Instruct-AWQ,None
2815@x_name@DESC,Stacked Bar,Hard,0.0,0.0,0.0,1.0,1.0,0.0,0.0,0.0,0.0,1.0,0.0,0.0,,False,Qwen/Qwen2.5-VL-7B-Instruct-AWQ,None
2816@y_name@ASC,Bar,Medium,0.5,0.0,0.0,0.0,0.0,0.0,0.0,0.0,0.5,0.0,0.5,0.0,0.0,False,Qwen/Qwen2.5-VL-7B-Instruct-AWQ,None
2816@y_name@ASC,Bar,Medium,0.5,0.0,0.0,0.0,0.0,0.0,0.0,0.0,0.5,0.0,0.5,0.0,0.0,False,Qwen/Qwen2.5-VL-7B-Instruct-AWQ,None
2816@y_name@ASC,Bar,Medium,0.5,0.0,0.0,0.0,0.0,0.0,0.0,0.0,0.5,0.0,0.5,0.0,0.0,False,Qwen/Qwen2.5-VL-7B-Instruct-AWQ,None
2823@x_name@ASC,Bar,Hard,0.0,0.0,0.0,0.0,1.0,0.0,0.0,0.0,0.0,1.0,0.0,0.0,,True,Qwen/Qwen2.5-VL-7B-Instruct-AWQ,None
2823@x_name@ASC,Bar,Hard,0.0,0.0,0.0,0.0,1.0,0.0,0.0,0.0,0.0,1.0,0.0,0.0,,True,Qwen/Qwen2.5-VL-7B-Instruct-AWQ,None
2823@x_name@ASC,Bar,Hard,0.0,0.0,0.0,0.0,1.0,0.0,0.0,0.0,0.0,1.0,0.0,0.0,,True,Qwen/Qwen2.5-VL-7B-Instruct-AWQ,None
2827@y_name@ASC,Bar,Medium,0.0,0.0,0.0,0.0,0.25,0.0,0.0,0.0,0.0,0.25,0.75,0.0,0.0,False,Qwen/Qwen2.5-VL-7B-Instruct-AWQ,None
2827@y_name@ASC,Bar,Medium,0.0,0.0,0.0,0.0,0.25,0.0,0.0,0.0,0.0,0.25,0.75,0.0,0.0,False,Qwen/Qwen2.5-VL-7B-Instruct-AWQ,None
2827@y_name@ASC,Bar,Medium,0.0,0.0,0.0,0.0,0.25,0.0,0.0,0.0,0.0,0.25,0.75,0.0,0.0,False,Qwen/Qwen2.5-VL-7B-Instruct-AWQ,None
3261@y_name@ASC,Bar,Medium,0.0,0.0,0.0,0.0,0.3333333333333333,0.0,0.0,0.0,0.0,0.3333333333333333,0.6666666666666666,0.0,0.0,False,Qwen/Qwen2.5-VL-7B-Instruct-AWQ,None
3261@y_name@ASC,Bar,Medium,0.0,0.0,0.0,0.0,0.3333333333333333,0.0,0.0,0.0,0.0,0.3333333333333333,0.6666666666666666,0.0,0.0,False,Qwen/Qwen2.5-VL-7B-Instruct-AWQ,None
3261@y_name@ASC,Bar,Medium,0.0,0.0,0.0,0.0,0.3333333333333333,0.0,0.0,0.0,0.0,0.3333333333333333,0.6666666666666666,0.0,0.0,False,Qwen/Qwen2.5-VL-7B-Instruct-AWQ,None
3266@x_name@DESC,Bar,Medium,0.2,0.0,0.0,0.2,0.8,0.0,0.0,0.0,0.2,0.8,0.0,0.0,,True,Qwen/Qwen2.5-VL-7B-Instruct-AWQ,None
3266@x_name@DESC,Bar,Medium,0.2,0.0,0.0,0.2,0.8,0.0,0.0,0.0,0.2,0.8,0.0,0.0,,True,Qwen/Qwen2.5-VL-7B-Instruct-AWQ,None
3266@x_name@DESC,Bar,Medium,0.2,0.0,0.0,0.2,0.8,0.0,0.0,0.0,0.2,0.8,0.0,0.0,,True,Qwen/Qwen2.5-VL-7B-Instruct-AWQ,None
2698@y_name@DESC,Bar,Medium,0.0,0.0,0.0,0.0,0.0,0.0,0.0,0.0,0.0,0.0,1.0,0.0,0.0,False,Qwen/Qwen2.5-VL-7B-Instruct-AWQ,None
2698@y_name@DESC,Bar,Medium,0.0,0.0,0.0,0.0,0.0,0.0,0.0,0.0,0.0,0.0,1.0,0.0,0.0,False,Qwen/Qwen2.5-VL-7B-Instruct-AWQ,None
2698@y_name@DESC,Bar,Medium,0.0,0.0,0.0,0.0,0.0,0.0,0.0,0.0,0.0,0.0,1.0,0.0,0.0,False,Qwen/Qwen2.5-VL-7B-Instruct-AWQ,None
2702@y_name@DESC,Bar,Medium,0.0,0.0,0.0,0.0,0.0,0.0,0.0,0.0,0.0,0.0,1.0,0.0,0.0,False,Qwen/Qwen2.5-VL-7B-Instruct-AWQ,None
2702@y_name@DESC,Bar,Medium,0.0,0.0,0.0,0.0,0.0,0.0,0.0,0.0,0.0,0.0,1.0,0.0,0.0,False,Qwen/Qwen2.5-VL-7B-Instruct-AWQ,None
2702@y_name@DESC,Bar,Medium,0.0,0.0,0.0,0.0,0.0,0.0,0.0,0.0,0.0,0.0,1.0,0.0,0.0,False,Qwen/Qwen2.5-VL-7B-Instruct-AWQ,None
2626@y_name@ASC,Bar,Hard,1.0,0.0,0.0,0.0,0.0,0.0,0.0,0.0,1.0,0.0,0.0,0.0,,True,Qwen/Qwen2.5-VL-7B-Instruct-AWQ,None
2626@y_name@ASC,Bar,Hard,1.0,0.0,0.0,0.0,0.0,0.0,0.0,0.0,1.0,0.0,0.0,0.0,,True,Qwen/Qwen2.5-VL-7B-Instruct-AWQ,None
2626@y_name@ASC,Bar,Hard,1.0,0.0,0.0,0.0,0.0,0.0,0.0,0.0,1.0,0.0,0.0,0.0,,True,Qwen/Qwen2.5-VL-7B-Instruct-AWQ,None
2629@x_name@ASC,Bar,Medium,0.0,0.0,0.0,0.0,0.0,0.5,0.0,0.0,0.0,0.5,0.5,0.0,0.0,False,Qwen/Qwen2.5-VL-7B-Instruct-AWQ,None
2629@x_name@ASC,Bar,Medium,0.0,0.0,0.0,0.0,0.0,0.5,0.0,0.0,0.0,0.5,0.5,0.0,0.0,False,Qwen/Qwen2.5-VL-7B-Instruct-AWQ,None
2629@x_name@ASC,Bar,Medium,0.0,0.0,0.0,0.0,0.0,0.5,0.0,0.0,0.0,0.5,0.5,0.0,0.0,False,Qwen/Qwen2.5-VL-7B-Instruct-AWQ,None
7@y_name@ASC,Bar,Medium,0.14285714285714285,0.0,0.0,0.0,0.0,0.14285714285714285,0.0,0.0,0.14285714285714285,0.14285714285714285,0.7142857142857143,0.0,0.0,False,Qwen/Qwen2.5-VL-7B-Instruct-AWQ,None
7@y_name@ASC,Bar,Medium,0.14285714285714285,0.0,0.0,0.0,0.0,0.14285714285714285,0.0,0.0,0.14285714285714285,0.14285714285714285,0.7142857142857143,0.0,0.0,False,Qwen/Qwen2.5-VL-7B-Instruct-AWQ,None
7@y_name@ASC,Bar,Medium,0.14285714285714285,0.0,0.0,0.0,0.0,0.14285714285714285,0.0,0.0,0.14285714285714285,0.14285714285714285,0.7142857142857143,0.0,0.0,False,Qwen/Qwen2.5-VL-7B-Instruct-AWQ,None
11@y_name@ASC,Stacked Bar,Hard,1.0,0.0,0.0,0.0,0.0,0.0,0.0,0.0,1.0,0.0,0.0,0.0,,False,Qwen/Qwen2.5-VL-7B-Instruct-AWQ,None
11@y_name@ASC,Stacked Bar,Hard,1.0,0.0,0.0,0.0,0.0,0.0,0.0,0.0,1.0,0.0,0.0,0.0,,False,Qwen/Qwen2.5-VL-7B-Instruct-AWQ,None
11@y_name@ASC,Stacked Bar,Hard,1.0,0.0,0.0,0.0,0.0,0.0,0.0,0.0,1.0,0.0,0.0,0.0,,False,Qwen/Qwen2.5-VL-7B-Instruct-AWQ,None
12@x_name@ASC,Bar,Medium,0.0,0.0,0.0,0.0,0.0,0.0,0.0,0.0,0.0,0.0,1.0,0.0,0.0,False,Qwen/Qwen2.5-VL-7B-Instruct-AWQ,None
12@x_name@ASC,Bar,Medium,0.0,0.0,0.0,0.0,0.0,0.0,0.0,0.0,0.0,0.0,1.0,0.0,0.0,False,Qwen/Qwen2.5-VL-7B-Instruct-AWQ,None
12@x_name@ASC,Bar,Medium,0.0,0.0,0.0,0.0,0.0,0.0,0.0,0.0,0.0,0.0,1.0,0.0,0.0,False,Qwen/Qwen2.5-VL-7B-Instruct-AWQ,None
17@y_name@DESC,Bar,Medium,0.0,0.0,0.0,0.0,0.0,0.0,0.0,0.0,0.0,0.0,1.0,0.0,0.0,False,Qwen/Qwen2.5-VL-7B-Instruct-AWQ,None
17@y_name@DESC,Bar,Medium,0.0,0.0,0.0,0.0,0.0,0.0,0.0,0.0,0.0,0.0,1.0,0.0,0.0,False,Qwen/Qwen2.5-VL-7B-Instruct-AWQ,None
17@y_name@DESC,Bar,Medium,0.0,0.0,0.0,0.0,0.0,0.0,0.0,0.0,0.0,0.0,1.0,0.0,0.0,False,Qwen/Qwen2.5-VL-7B-Instruct-AWQ,None
22@y_name@ASC,Bar,Hard,0.0,0.0,0.0,0.0,0.0,0.0,0.0,0.0,0.0,0.0,1.0,0.0,0.0,False,Qwen/Qwen2.5-VL-7B-Instruct-AWQ,None
22@y_name@ASC,Bar,Hard,0.0,0.0,0.0,0.0,0.0,0.0,0.0,0.0,0.0,0.0,1.0,0.0,0.0,False,Qwen/Qwen2.5-VL-7B-Instruct-AWQ,None
22@y_name@ASC,Bar,Hard,0.0,0.0,0.0,0.0,0.0,0.0,0.0,0.0,0.0,0.0,1.0,0.0,0.0,False,Qwen/Qwen2.5-VL-7B-Instruct-AWQ,None
24@x_name@ASC,Bar,Medium,0.0,0.0,0.0,0.0,0.0,0.0,0.0,0.0,0.0,0.0,1.0,0.0,0.0,False,Qwen/Qwen2.5-VL-7B-Instruct-AWQ,None
24@x_name@ASC,Bar,Medium,0.0,0.0,0.0,0.0,0.0,0.0,0.0,0.0,0.0,0.0,1.0,0.0,0.0,False,Qwen/Qwen2.5-VL-7B-Instruct-AWQ,None
24@x_name@ASC,Bar,Medium,0.0,0.0,0.0,0.0,0.0,0.0,0.0,0.0,0.0,0.0,1.0,0.0,0.0,False,Qwen/Qwen2.5-VL-7B-Instruct-AWQ,None
26@y_name@ASC,Bar,Hard,0.0,0.0,0.0,0.0,0.0,0.5,0.0,0.0,0.0,0.5,0.5,0.0,0.0,True,Qwen/Qwen2.5-VL-7B-Instruct-AWQ,None
26@y_name@ASC,Bar,Hard,0.0,0.0,0.0,0.0,0.0,0.5,0.0,0.0,0.0,0.5,0.5,0.0,0.0,True,Qwen/Qwen2.5-VL-7B-Instruct-AWQ,None
26@y_name@ASC,Bar,Hard,0.0,0.0,0.0,0.0,0.0,0.5,0.0,0.0,0.0,0.5,0.5,0.0,0.0,True,Qwen/Qwen2.5-VL-7B-Instruct-AWQ,None
30@y_name@ASC,Bar,Hard,0.6,0.0,0.0,0.0,0.0,0.2,0.0,0.0,0.6,0.2,0.2,0.0,0.0,True,Qwen/Qwen2.5-VL-7B-Instruct-AWQ,None
30@y_name@ASC,Bar,Hard,0.6,0.0,0.0,0.0,0.0,0.2,0.0,0.0,0.6,0.2,0.2,0.0,0.0,True,Qwen/Qwen2.5-VL-7B-Instruct-AWQ,None
30@y_name@ASC,Bar,Hard,0.6,0.0,0.0,0.0,0.0,0.2,0.0,0.0,0.6,0.2,0.2,0.0,0.0,True,Qwen/Qwen2.5-VL-7B-Instruct-AWQ,None
2575@y_name@ASC,Bar,Hard,1.0,0.0,0.0,0.0,0.0,0.0,0.0,0.0,1.0,0.0,0.0,0.0,,True,Qwen/Qwen2.5-VL-7B-Instruct-AWQ,None
2575@y_name@ASC,Bar,Hard,1.0,0.0,0.0,0.0,0.0,0.0,0.0,0.0,1.0,0.0,0.0,0.0,,True,Qwen/Qwen2.5-VL-7B-Instruct-AWQ,None
2575@y_name@ASC,Bar,Hard,1.0,0.0,0.0,0.0,0.0,0.0,0.0,0.0,1.0,0.0,0.0,0.0,,True,Qwen/Qwen2.5-VL-7B-Instruct-AWQ,None
2581@y_name@DESC,Bar,Hard,0.5,0.0,0.0,0.0,0.5,0.0,0.0,0.0,0.5,0.5,0.0,0.0,,True,Qwen/Qwen2.5-VL-7B-Instruct-AWQ,None
2581@y_name@DESC,Bar,Hard,0.5,0.0,0.0,0.0,0.5,0.0,0.0,0.0,0.5,0.5,0.0,0.0,,True,Qwen/Qwen2.5-VL-7B-Instruct-AWQ,None
2581@y_name@DESC,Bar,Hard,0.5,0.0,0.0,0.0,0.5,0.0,0.0,0.0,0.5,0.5,0.0,0.0,,True,Qwen/Qwen2.5-VL-7B-Instruct-AWQ,None
2582@y_name@DESC,Bar,Hard,0.0,0.0,0.0,0.0,0.0,0.0,0.0,0.0,0.0,0.0,1.0,0.0,0.0,True,Qwen/Qwen2.5-VL-7B-Instruct-AWQ,None
2582@y_name@DESC,Bar,Hard,0.0,0.0,0.0,0.0,0.0,0.0,0.0,0.0,0.0,0.0,1.0,0.0,0.0,True,Qwen/Qwen2.5-VL-7B-Instruct-AWQ,None
2582@y_name@DESC,Bar,Hard,0.0,0.0,0.0,0.0,0.0,0.0,0.0,0.0,0.0,0.0,1.0,0.0,0.0,True,Qwen/Qwen2.5-VL-7B-Instruct-AWQ,None
1371@y_name@ASC,Bar,Medium,0.6666666666666666,0.0,0.0,0.0,0.0,0.0,0.0,0.0,0.6666666666666666,0.0,0.3333333333333333,0.0,0.0,False,Qwen/Qwen2.5-VL-7B-Instruct-AWQ,None
1371@y_name@ASC,Bar,Medium,0.6666666666666666,0.0,0.0,0.0,0.0,0.0,0.0,0.0,0.6666666666666666,0.0,0.3333333333333333,0.0,0.0,False,Qwen/Qwen2.5-VL-7B-Instruct-AWQ,None
1371@y_name@ASC,Bar,Medium,0.6666666666666666,0.0,0.0,0.0,0.0,0.0,0.0,0.0,0.6666666666666666,0.0,0.3333333333333333,0.0,0.0,False,Qwen/Qwen2.5-VL-7B-Instruct-AWQ,None
1373@y_name@DESC,Bar,Medium,0.3333333333333333,0.0,0.0,0.0,0.0,0.0,0.0,0.0,0.3333333333333333,0.0,0.6666666666666666,0.0,0.0,False,Qwen/Qwen2.5-VL-7B-Instruct-AWQ,None
1373@y_name@DESC,Bar,Medium,0.3333333333333333,0.0,0.0,0.0,0.0,0.0,0.0,0.0,0.3333333333333333,0.0,0.6666666666666666,0.0,0.0,False,Qwen/Qwen2.5-VL-7B-Instruct-AWQ,None
1373@y_name@DESC,Bar,Medium,0.3333333333333333,0.0,0.0,0.0,0.0,0.0,0.0,0.0,0.3333333333333333,0.0,0.6666666666666666,0.0,0.0,False,Qwen/Qwen2.5-VL-7B-Instruct-AWQ,None
1375@x_name@ASC,Line,Extra Hard,0.0,0.0,0.0,0.0,0.0,0.0,0.0,0.0,0.0,0.0,1.0,0.0,0.0,True,Qwen/Qwen2.5-VL-7B-Instruct-AWQ,None
1375@x_name@ASC,Line,Extra Hard,0.0,0.0,0.0,0.0,0.0,0.0,0.0,0.0,0.0,0.0,1.0,0.0,0.0,True,Qwen/Qwen2.5-VL-7B-Instruct-AWQ,None
1375@x_name@ASC,Line,Extra Hard,0.0,0.0,0.0,0.0,0.0,0.0,0.0,0.0,0.0,0.0,1.0,0.0,0.0,True,Qwen/Qwen2.5-VL-7B-Instruct-AWQ,None
66@y_name@ASC,Bar,Extra Hard,1.0,0.0,0.0,0.0,0.0,0.0,0.0,0.0,1.0,0.0,0.0,0.0,,True,Qwen/Qwen2.5-VL-7B-Instruct-AWQ,None
66@y_name@ASC,Bar,Extra Hard,1.0,0.0,0.0,0.0,0.0,0.0,0.0,0.0,1.0,0.0,0.0,0.0,,True,Qwen/Qwen2.5-VL-7B-Instruct-AWQ,None
66@y_name@ASC,Bar,Extra Hard,1.0,0.0,0.0,0.0,0.0,0.0,0.0,0.0,1.0,0.0,0.0,0.0,,True,Qwen/Qwen2.5-VL-7B-Instruct-AWQ,None
67@y_name@ASC,Bar,Extra Hard,1.0,0.0,0.0,0.0,0.0,0.0,0.0,0.0,1.0,0.0,0.0,0.0,,True,Qwen/Qwen2.5-VL-7B-Instruct-AWQ,None
67@y_name@ASC,Bar,Extra Hard,1.0,0.0,0.0,0.0,0.0,0.0,0.0,0.0,1.0,0.0,0.0,0.0,,True,Qwen/Qwen2.5-VL-7B-Instruct-AWQ,None
67@y_name@ASC,Bar,Extra Hard,1.0,0.0,0.0,0.0,0.0,0.0,0.0,0.0,1.0,0.0,0.0,0.0,,True,Qwen/Qwen2.5-VL-7B-Instruct-AWQ,None
70@y_name@ASC,Bar,Extra Hard,0.5,0.0,0.0,0.0,0.5,0.0,0.0,0.0,0.5,0.5,0.0,0.0,,True,Qwen/Qwen2.5-VL-7B-Instruct-AWQ,None
70@y_name@ASC,Bar,Extra Hard,0.5,0.0,0.0,0.0,0.5,0.0,0.0,0.0,0.5,0.5,0.0,0.0,,True,Qwen/Qwen2.5-VL-7B-Instruct-AWQ,None
70@y_name@ASC,Bar,Extra Hard,0.5,0.0,0.0,0.0,0.5,0.0,0.0,0.0,0.5,0.5,0.0,0.0,,True,Qwen/Qwen2.5-VL-7B-Instruct-AWQ,None
71@y_name@ASC,Bar,Extra Hard,0.0,0.0,0.5,0.0,0.5,0.0,0.0,0.0,0.0,1.0,0.0,0.0,,True,Qwen/Qwen2.5-VL-7B-Instruct-AWQ,None
71@y_name@ASC,Bar,Extra Hard,0.0,0.0,0.5,0.0,0.5,0.0,0.0,0.0,0.0,1.0,0.0,0.0,,True,Qwen/Qwen2.5-VL-7B-Instruct-AWQ,None
71@y_name@ASC,Bar,Extra Hard,0.0,0.0,0.5,0.0,0.5,0.0,0.0,0.0,0.0,1.0,0.0,0.0,,True,Qwen/Qwen2.5-VL-7B-Instruct-AWQ,None
75@y_name@ASC,Bar,Extra Hard,0.5,0.0,0.0,0.0,0.5,0.0,0.0,0.0,0.5,0.5,0.0,0.0,,True,Qwen/Qwen2.5-VL-7B-Instruct-AWQ,None
75@y_name@ASC,Bar,Extra Hard,0.5,0.0,0.0,0.0,0.5,0.0,0.0,0.0,0.5,0.5,0.0,0.0,,True,Qwen/Qwen2.5-VL-7B-Instruct-AWQ,None
75@y_name@ASC,Bar,Extra Hard,0.5,0.0,0.0,0.0,0.5,0.0,0.0,0.0,0.5,0.5,0.0,0.0,,True,Qwen/Qwen2.5-VL-7B-Instruct-AWQ,None
76@y_name@DESC,Bar,Extra Hard,1.0,0.0,0.0,0.0,0.0,0.0,0.0,0.0,1.0,0.0,0.0,0.0,,True,Qwen/Qwen2.5-VL-7B-Instruct-AWQ,None
76@y_name@DESC,Bar,Extra Hard,1.0,0.0,0.0,0.0,0.0,0.0,0.0,0.0,1.0,0.0,0.0,0.0,,True,Qwen/Qwen2.5-VL-7B-Instruct-AWQ,None
76@y_name@DESC,Bar,Extra Hard,1.0,0.0,0.0,0.0,0.0,0.0,0.0,0.0,1.0,0.0,0.0,0.0,,True,Qwen/Qwen2.5-VL-7B-Instruct-AWQ,None
82@x_name@ASC,Bar,Extra Hard,1.0,0.0,0.0,0.0,0.0,0.0,0.0,0.0,1.0,0.0,0.0,0.0,,True,Qwen/Qwen2.5-VL-7B-Instruct-AWQ,None
82@x_name@ASC,Bar,Extra Hard,1.0,0.0,0.0,0.0,0.0,0.0,0.0,0.0,1.0,0.0,0.0,0.0,,True,Qwen/Qwen2.5-VL-7B-Instruct-AWQ,None
82@x_name@ASC,Bar,Extra Hard,1.0,0.0,0.0,0.0,0.0,0.0,0.0,0.0,1.0,0.0,0.0,0.0,,True,Qwen/Qwen2.5-VL-7B-Instruct-AWQ,None
83@y_name@ASC,Bar,Medium,1.0,0.0,0.0,0.0,0.0,0.0,0.0,0.0,1.0,0.0,0.0,0.0,,False,Qwen/Qwen2.5-VL-7B-Instruct-AWQ,None
83@y_name@ASC,Bar,Medium,1.0,0.0,0.0,0.0,0.0,0.0,0.0,0.0,1.0,0.0,0.0,0.0,,False,Qwen/Qwen2.5-VL-7B-Instruct-AWQ,None
83@y_name@ASC,Bar,Medium,1.0,0.0,0.0,0.0,0.0,0.0,0.0,0.0,1.0,0.0,0.0,0.0,,False,Qwen/Qwen2.5-VL-7B-Instruct-AWQ,None
84@y_name@ASC,Bar,Medium,0.0,0.0,0.0,0.0,1.0,0.0,0.0,0.0,0.0,1.0,0.0,0.0,,False,Qwen/Qwen2.5-VL-7B-Instruct-AWQ,None
84@y_name@ASC,Bar,Medium,0.0,0.0,0.0,0.0,1.0,0.0,0.0,0.0,0.0,1.0,0.0,0.0,,False,Qwen/Qwen2.5-VL-7B-Instruct-AWQ,None
84@y_name@ASC,Bar,Medium,0.0,0.0,0.0,0.0,1.0,0.0,0.0,0.0,0.0,1.0,0.0,0.0,,False,Qwen/Qwen2.5-VL-7B-Instruct-AWQ,None
87@x_name@DESC,Line,Medium,0.0,0.0,0.0,0.0,1.0,0.0,0.0,0.0,0.0,1.0,0.0,0.0,,False,Qwen/Qwen2.5-VL-7B-Instruct-AWQ,None
87@x_name@DESC,Line,Medium,0.0,0.0,0.0,0.0,1.0,0.0,0.0,0.0,0.0,1.0,0.0,0.0,,False,Qwen/Qwen2.5-VL-7B-Instruct-AWQ,None
87@x_name@DESC,Line,Medium,0.0,0.0,0.0,0.0,1.0,0.0,0.0,0.0,0.0,1.0,0.0,0.0,,False,Qwen/Qwen2.5-VL-7B-Instruct-AWQ,None
88@y_name@ASC,Bar,Hard,0.0,0.0,0.0,0.0,0.3333333333333333,0.6666666666666666,0.0,0.0,0.0,1.0,0.0,0.0,,True,Qwen/Qwen2.5-VL-7B-Instruct-AWQ,None
88@y_name@ASC,Bar,Hard,0.0,0.0,0.0,0.0,0.3333333333333333,0.6666666666666666,0.0,0.0,0.0,1.0,0.0,0.0,,True,Qwen/Qwen2.5-VL-7B-Instruct-AWQ,None
88@y_name@ASC,Bar,Hard,0.0,0.0,0.0,0.0,0.3333333333333333,0.6666666666666666,0.0,0.0,0.0,1.0,0.0,0.0,,True,Qwen/Qwen2.5-VL-7B-Instruct-AWQ,None
89@y_name@ASC,Bar,Hard,0.0,0.0,0.0,0.0,0.0,1.0,0.0,0.0,0.0,1.0,0.0,0.0,,True,Qwen/Qwen2.5-VL-7B-Instruct-AWQ,None
89@y_name@ASC,Bar,Hard,0.0,0.0,0.0,0.0,0.0,1.0,0.0,0.0,0.0,1.0,0.0,0.0,,True,Qwen/Qwen2.5-VL-7B-Instruct-AWQ,None
89@y_name@ASC,Bar,Hard,0.0,0.0,0.0,0.0,0.0,1.0,0.0,0.0,0.0,1.0,0.0,0.0,,True,Qwen/Qwen2.5-VL-7B-Instruct-AWQ,None
90@y_name@DESC,Bar,Hard,0.5,0.0,0.0,0.0,0.0,0.5,0.0,0.0,0.5,0.5,0.0,0.0,,True,Qwen/Qwen2.5-VL-7B-Instruct-AWQ,None
90@y_name@DESC,Bar,Hard,0.5,0.0,0.0,0.0,0.0,0.5,0.0,0.0,0.5,0.5,0.0,0.0,,True,Qwen/Qwen2.5-VL-7B-Instruct-AWQ,None
90@y_name@DESC,Bar,Hard,0.5,0.0,0.0,0.0,0.0,0.5,0.0,0.0,0.5,0.5,0.0,0.0,,True,Qwen/Qwen2.5-VL-7B-Instruct-AWQ,None
91@y_name@ASC,Bar,Hard,0.5,0.0,0.0,0.5,0.5,0.0,0.0,0.0,0.5,0.5,0.0,0.0,,True,Qwen/Qwen2.5-VL-7B-Instruct-AWQ,None
91@y_name@ASC,Bar,Hard,0.5,0.0,0.0,0.5,0.5,0.0,0.0,0.0,0.5,0.5,0.0,0.0,,True,Qwen/Qwen2.5-VL-7B-Instruct-AWQ,None
91@y_name@ASC,Bar,Hard,0.5,0.0,0.0,0.5,0.5,0.0,0.0,0.0,0.5,0.5,0.0,0.0,,True,Qwen/Qwen2.5-VL-7B-Instruct-AWQ,None
92@y_name@ASC,Bar,Hard,0.5,0.0,0.0,0.0,0.5,0.0,0.0,0.0,0.5,0.5,0.0,0.0,,True,Qwen/Qwen2.5-VL-7B-Instruct-AWQ,None
92@y_name@ASC,Bar,Hard,0.5,0.0,0.0,0.0,0.5,0.0,0.0,0.0,0.5,0.5,0.0,0.0,,True,Qwen/Qwen2.5-VL-7B-Instruct-AWQ,None
92@y_name@ASC,Bar,Hard,0.5,0.0,0.0,0.0,0.5,0.0,0.0,0.0,0.5,0.5,0.0,0.0,,True,Qwen/Qwen2.5-VL-7B-Instruct-AWQ,None
99@y_name@DESC,Bar,Hard,0.5,0.0,0.0,0.0,0.0,0.0,0.0,0.0,0.5,0.0,0.5,0.0,0.0,True,Qwen/Qwen2.5-VL-7B-Instruct-AWQ,None
99@y_name@DESC,Bar,Hard,0.5,0.0,0.0,0.0,0.0,0.0,0.0,0.0,0.5,0.0,0.5,0.0,0.0,True,Qwen/Qwen2.5-VL-7B-Instruct-AWQ,None
99@y_name@DESC,Bar,Hard,0.5,0.0,0.0,0.0,0.0,0.0,0.0,0.0,0.5,0.0,0.5,0.0,0.0,True,Qwen/Qwen2.5-VL-7B-Instruct-AWQ,None
100@y_name@DESC,Bar,Hard,0.5,0.0,0.0,0.0,0.5,0.0,0.0,0.0,0.5,0.5,0.0,0.0,,True,Qwen/Qwen2.5-VL-7B-Instruct-AWQ,None
100@y_name@DESC,Bar,Hard,0.5,0.0,0.0,0.0,0.5,0.0,0.0,0.0,0.5,0.5,0.0,0.0,,True,Qwen/Qwen2.5-VL-7B-Instruct-AWQ,None
100@y_name@DESC,Bar,Hard,0.5,0.0,0.0,0.0,0.5,0.0,0.0,0.0,0.5,0.5,0.0,0.0,,True,Qwen/Qwen2.5-VL-7B-Instruct-AWQ,None
102@y_name@ASC,Bar,Hard,0.5,0.0,0.0,0.0,0.0,0.0,0.0,0.0,0.5,0.0,0.5,0.0,0.0,True,Qwen/Qwen2.5-VL-7B-Instruct-AWQ,None
102@y_name@ASC,Bar,Hard,0.5,0.0,0.0,0.0,0.0,0.0,0.0,0.0,0.5,0.0,0.5,0.0,0.0,True,Qwen/Qwen2.5-VL-7B-Instruct-AWQ,None
102@y_name@ASC,Bar,Hard,0.5,0.0,0.0,0.0,0.0,0.0,0.0,0.0,0.5,0.0,0.5,0.0,0.0,True,Qwen/Qwen2.5-VL-7B-Instruct-AWQ,None
104@y_name@ASC,Bar,Extra Hard,1.0,0.0,0.0,0.0,0.0,0.0,0.0,0.0,1.0,0.0,0.0,0.0,,True,Qwen/Qwen2.5-VL-7B-Instruct-AWQ,None
104@y_name@ASC,Bar,Extra Hard,1.0,0.0,0.0,0.0,0.0,0.0,0.0,0.0,1.0,0.0,0.0,0.0,,True,Qwen/Qwen2.5-VL-7B-Instruct-AWQ,None
104@y_name@ASC,Bar,Extra Hard,1.0,0.0,0.0,0.0,0.0,0.0,0.0,0.0,1.0,0.0,0.0,0.0,,True,Qwen/Qwen2.5-VL-7B-Instruct-AWQ,None
1521@y_name@ASC,Bar,Hard,0.2,0.0,0.0,0.0,0.0,0.0,0.0,0.0,0.2,0.0,0.8,0.0,0.0,True,Qwen/Qwen2.5-VL-7B-Instruct-AWQ,None
1521@y_name@ASC,Bar,Hard,0.2,0.0,0.0,0.0,0.0,0.0,0.0,0.0,0.2,0.0,0.8,0.0,0.0,True,Qwen/Qwen2.5-VL-7B-Instruct-AWQ,None
1521@y_name@ASC,Bar,Hard,0.2,0.0,0.0,0.0,0.0,0.0,0.0,0.0,0.2,0.0,0.8,0.0,0.0,True,Qwen/Qwen2.5-VL-7B-Instruct-AWQ,None
2855@x_name@ASC,Bar,Medium,0.3333333333333333,0.0,0.0,0.0,0.0,0.6666666666666666,0.0,0.0,0.3333333333333333,0.6666666666666666,0.0,0.0,,False,Qwen/Qwen2.5-VL-7B-Instruct-AWQ,None
2855@x_name@ASC,Bar,Medium,0.3333333333333333,0.0,0.0,0.0,0.0,0.6666666666666666,0.0,0.0,0.3333333333333333,0.6666666666666666,0.0,0.0,,False,Qwen/Qwen2.5-VL-7B-Instruct-AWQ,None
2855@x_name@ASC,Bar,Medium,0.3333333333333333,0.0,0.0,0.0,0.0,0.6666666666666666,0.0,0.0,0.3333333333333333,0.6666666666666666,0.0,0.0,,False,Qwen/Qwen2.5-VL-7B-Instruct-AWQ,None
1329@y_name@DESC,Bar,Hard,0.5,0.0,0.0,0.0,0.5,0.0,0.0,0.0,0.5,0.5,0.0,0.0,,True,Qwen/Qwen2.5-VL-7B-Instruct-AWQ,None
1329@y_name@DESC,Bar,Hard,0.5,0.0,0.0,0.0,0.5,0.0,0.0,0.0,0.5,0.5,0.0,0.0,,True,Qwen/Qwen2.5-VL-7B-Instruct-AWQ,None
1329@y_name@DESC,Bar,Hard,0.5,0.0,0.0,0.0,0.5,0.0,0.0,0.0,0.5,0.5,0.0,0.0,,True,Qwen/Qwen2.5-VL-7B-Instruct-AWQ,None
1335@y_name@DESC,Bar,Medium,0.5,0.0,0.0,0.0,0.5,0.0,0.0,0.0,0.5,0.5,0.0,0.0,,False,Qwen/Qwen2.5-VL-7B-Instruct-AWQ,None
1335@y_name@DESC,Bar,Medium,0.5,0.0,0.0,0.0,0.5,0.0,0.0,0.0,0.5,0.5,0.0,0.0,,False,Qwen/Qwen2.5-VL-7B-Instruct-AWQ,None
1335@y_name@DESC,Bar,Medium,0.5,0.0,0.0,0.0,0.5,0.0,0.0,0.0,0.5,0.5,0.0,0.0,,False,Qwen/Qwen2.5-VL-7B-Instruct-AWQ,None
1349@x_name@ASC,Grouping Line,Extra Hard,0.0,0.0,0.3333333333333333,0.6666666666666666,0.6666666666666666,0.0,0.0,0.0,0.0,1.0,0.0,0.0,,False,Qwen/Qwen2.5-VL-7B-Instruct-AWQ,None
1349@x_name@ASC,Grouping Line,Extra Hard,0.0,0.0,0.3333333333333333,0.6666666666666666,0.6666666666666666,0.0,0.0,0.0,0.0,1.0,0.0,0.0,,False,Qwen/Qwen2.5-VL-7B-Instruct-AWQ,None
1349@x_name@ASC,Grouping Line,Extra Hard,0.0,0.0,0.3333333333333333,0.6666666666666666,0.6666666666666666,0.0,0.0,0.0,0.0,1.0,0.0,0.0,,False,Qwen/Qwen2.5-VL-7B-Instruct-AWQ,None
1356@x_name@ASC,Line,Medium,0.0,0.0,0.0,0.0,0.5,0.0,0.0,0.0,0.0,0.5,0.5,0.0,0.0,False,Qwen/Qwen2.5-VL-7B-Instruct-AWQ,None
1356@x_name@ASC,Line,Medium,0.0,0.0,0.0,0.0,0.5,0.0,0.0,0.0,0.0,0.5,0.5,0.0,0.0,False,Qwen/Qwen2.5-VL-7B-Instruct-AWQ,None
1356@x_name@ASC,Line,Medium,0.0,0.0,0.0,0.0,0.5,0.0,0.0,0.0,0.0,0.5,0.5,0.0,0.0,False,Qwen/Qwen2.5-VL-7B-Instruct-AWQ,None
515@y_name@ASC,Bar,Medium,0.0,0.0,0.0,0.0,0.0,0.0,0.0,0.0,0.0,0.0,1.0,0.0,0.0,False,Qwen/Qwen2.5-VL-7B-Instruct-AWQ,None
515@y_name@ASC,Bar,Medium,0.0,0.0,0.0,0.0,0.0,0.0,0.0,0.0,0.0,0.0,1.0,0.0,0.0,False,Qwen/Qwen2.5-VL-7B-Instruct-AWQ,None
515@y_name@ASC,Bar,Medium,0.0,0.0,0.0,0.0,0.0,0.0,0.0,0.0,0.0,0.0,1.0,0.0,0.0,False,Qwen/Qwen2.5-VL-7B-Instruct-AWQ,None
522@y_name@DESC,Stacked Bar,Extra Hard,1.0,0.0,0.0,0.0,0.0,0.0,0.0,0.0,1.0,0.0,0.0,0.0,,True,Qwen/Qwen2.5-VL-7B-Instruct-AWQ,None
522@y_name@DESC,Stacked Bar,Extra Hard,1.0,0.0,0.0,0.0,0.0,0.0,0.0,0.0,1.0,0.0,0.0,0.0,,True,Qwen/Qwen2.5-VL-7B-Instruct-AWQ,None
522@y_name@DESC,Stacked Bar,Extra Hard,1.0,0.0,0.0,0.0,0.0,0.0,0.0,0.0,1.0,0.0,0.0,0.0,,True,Qwen/Qwen2.5-VL-7B-Instruct-AWQ,None
523@x_name@ASC,Bar,Hard,0.0,0.0,0.0,0.0,1.0,0.0,0.0,0.0,0.0,1.0,0.0,0.0,,True,Qwen/Qwen2.5-VL-7B-Instruct-AWQ,None
523@x_name@ASC,Bar,Hard,0.0,0.0,0.0,0.0,1.0,0.0,0.0,0.0,0.0,1.0,0.0,0.0,,True,Qwen/Qwen2.5-VL-7B-Instruct-AWQ,None
523@x_name@ASC,Bar,Hard,0.0,0.0,0.0,0.0,1.0,0.0,0.0,0.0,0.0,1.0,0.0,0.0,,True,Qwen/Qwen2.5-VL-7B-Instruct-AWQ,None
529@x_name@DESC,Bar,Hard,0.0,0.0,0.0,0.0,0.0,1.0,0.0,0.0,0.0,1.0,0.0,0.0,,False,Qwen/Qwen2.5-VL-7B-Instruct-AWQ,None
529@x_name@DESC,Bar,Hard,0.0,0.0,0.0,0.0,0.0,1.0,0.0,0.0,0.0,1.0,0.0,0.0,,False,Qwen/Qwen2.5-VL-7B-Instruct-AWQ,None
529@x_name@DESC,Bar,Hard,0.0,0.0,0.0,0.0,0.0,1.0,0.0,0.0,0.0,1.0,0.0,0.0,,False,Qwen/Qwen2.5-VL-7B-Instruct-AWQ,None
533@y_name@DESC,Bar,Easy,0.0,0.0,0.0,0.0,0.0,0.0,0.0,0.0,0.0,0.0,1.0,0.0,0.0,False,Qwen/Qwen2.5-VL-7B-Instruct-AWQ,None
533@y_name@DESC,Bar,Easy,0.0,0.0,0.0,0.0,0.0,0.0,0.0,0.0,0.0,0.0,1.0,0.0,0.0,False,Qwen/Qwen2.5-VL-7B-Instruct-AWQ,None
533@y_name@DESC,Bar,Easy,0.0,0.0,0.0,0.0,0.0,0.0,0.0,0.0,0.0,0.0,1.0,0.0,0.0,False,Qwen/Qwen2.5-VL-7B-Instruct-AWQ,None
543@x_name@DESC,Bar,Medium,0.5,0.0,0.0,0.0,0.0,0.5,0.0,0.0,0.5,0.5,0.0,0.0,,False,Qwen/Qwen2.5-VL-7B-Instruct-AWQ,None
543@x_name@DESC,Bar,Medium,0.5,0.0,0.0,0.0,0.0,0.5,0.0,0.0,0.5,0.5,0.0,0.0,,False,Qwen/Qwen2.5-VL-7B-Instruct-AWQ,None
543@x_name@DESC,Bar,Medium,0.5,0.0,0.0,0.0,0.0,0.5,0.0,0.0,0.5,0.5,0.0,0.0,,False,Qwen/Qwen2.5-VL-7B-Instruct-AWQ,None
544@x_name@DESC,Bar,Hard,0.0,0.0,0.0,0.0,0.0,1.0,0.0,0.0,0.0,1.0,0.0,0.0,,True,Qwen/Qwen2.5-VL-7B-Instruct-AWQ,None
544@x_name@DESC,Bar,Hard,0.0,0.0,0.0,0.0,0.0,1.0,0.0,0.0,0.0,1.0,0.0,0.0,,True,Qwen/Qwen2.5-VL-7B-Instruct-AWQ,None
544@x_name@DESC,Bar,Hard,0.0,0.0,0.0,0.0,0.0,1.0,0.0,0.0,0.0,1.0,0.0,0.0,,True,Qwen/Qwen2.5-VL-7B-Instruct-AWQ,None
545@x_name@DESC,Bar,Hard,0.0,0.0,0.0,0.0,1.0,0.0,0.0,0.0,0.0,1.0,0.0,0.0,,True,Qwen/Qwen2.5-VL-7B-Instruct-AWQ,None
545@x_name@DESC,Bar,Hard,0.0,0.0,0.0,0.0,1.0,0.0,0.0,0.0,0.0,1.0,0.0,0.0,,True,Qwen/Qwen2.5-VL-7B-Instruct-AWQ,None
545@x_name@DESC,Bar,Hard,0.0,0.0,0.0,0.0,1.0,0.0,0.0,0.0,0.0,1.0,0.0,0.0,,True,Qwen/Qwen2.5-VL-7B-Instruct-AWQ,None
548@x_name@ASC,Line,Extra Hard,0.5,0.0,0.0,0.5,0.5,0.0,0.0,0.0,0.5,0.5,0.0,0.0,,True,Qwen/Qwen2.5-VL-7B-Instruct-AWQ,None
548@x_name@ASC,Line,Extra Hard,0.5,0.0,0.0,0.5,0.5,0.0,0.0,0.0,0.5,0.5,0.0,0.0,,True,Qwen/Qwen2.5-VL-7B-Instruct-AWQ,None
548@x_name@ASC,Line,Extra Hard,0.5,0.0,0.0,0.5,0.5,0.0,0.0,0.0,0.5,0.5,0.0,0.0,,True,Qwen/Qwen2.5-VL-7B-Instruct-AWQ,None
550@y_name@DESC,Bar,Extra Hard,0.0,0.0,0.0,0.0,0.5,0.0,0.0,0.0,0.0,0.5,0.5,0.0,0.0,True,Qwen/Qwen2.5-VL-7B-Instruct-AWQ,None
550@y_name@DESC,Bar,Extra Hard,0.0,0.0,0.0,0.0,0.5,0.0,0.0,0.0,0.0,0.5,0.5,0.0,0.0,True,Qwen/Qwen2.5-VL-7B-Instruct-AWQ,None
550@y_name@DESC,Bar,Extra Hard,0.0,0.0,0.0,0.0,0.5,0.0,0.0,0.0,0.0,0.5,0.5,0.0,0.0,True,Qwen/Qwen2.5-VL-7B-Instruct-AWQ,None
552@y_name@ASC,Bar,Extra Hard,1.0,0.0,0.0,0.0,0.0,0.0,0.0,0.0,1.0,0.0,0.0,0.0,,True,Qwen/Qwen2.5-VL-7B-Instruct-AWQ,None
552@y_name@ASC,Bar,Extra Hard,1.0,0.0,0.0,0.0,0.0,0.0,0.0,0.0,1.0,0.0,0.0,0.0,,True,Qwen/Qwen2.5-VL-7B-Instruct-AWQ,None
552@y_name@ASC,Bar,Extra Hard,1.0,0.0,0.0,0.0,0.0,0.0,0.0,0.0,1.0,0.0,0.0,0.0,,True,Qwen/Qwen2.5-VL-7B-Instruct-AWQ,None
553@y_name@DESC,Bar,Medium,0.2,0.0,0.0,0.0,0.0,0.0,0.0,0.0,0.2,0.0,0.8,0.0,0.0,False,Qwen/Qwen2.5-VL-7B-Instruct-AWQ,None
553@y_name@DESC,Bar,Medium,0.2,0.0,0.0,0.0,0.0,0.0,0.0,0.0,0.2,0.0,0.8,0.0,0.0,False,Qwen/Qwen2.5-VL-7B-Instruct-AWQ,None
553@y_name@DESC,Bar,Medium,0.2,0.0,0.0,0.0,0.0,0.0,0.0,0.0,0.2,0.0,0.8,0.0,0.0,False,Qwen/Qwen2.5-VL-7B-Instruct-AWQ,None
555@y_name@DESC,Bar,Hard,0.75,0.0,0.0,0.0,0.25,0.0,0.0,0.0,0.75,0.25,0.0,0.0,,True,Qwen/Qwen2.5-VL-7B-Instruct-AWQ,None
555@y_name@DESC,Bar,Hard,0.75,0.0,0.0,0.0,0.25,0.0,0.0,0.0,0.75,0.25,0.0,0.0,,True,Qwen/Qwen2.5-VL-7B-Instruct-AWQ,None
555@y_name@DESC,Bar,Hard,0.75,0.0,0.0,0.0,0.25,0.0,0.0,0.0,0.75,0.25,0.0,0.0,,True,Qwen/Qwen2.5-VL-7B-Instruct-AWQ,None
558@x_name@ASC,Stacked Bar,Extra Hard,1.0,0.0,0.0,0.0,0.0,0.0,0.0,0.0,1.0,0.0,0.0,0.0,,True,Qwen/Qwen2.5-VL-7B-Instruct-AWQ,None
558@x_name@ASC,Stacked Bar,Extra Hard,1.0,0.0,0.0,0.0,0.0,0.0,0.0,0.0,1.0,0.0,0.0,0.0,,True,Qwen/Qwen2.5-VL-7B-Instruct-AWQ,None
558@x_name@ASC,Stacked Bar,Extra Hard,1.0,0.0,0.0,0.0,0.0,0.0,0.0,0.0,1.0,0.0,0.0,0.0,,True,Qwen/Qwen2.5-VL-7B-Instruct-AWQ,None
564@x_name@ASC,Bar,Medium,0.0,0.0,0.3333333333333333,0.0,0.0,0.3333333333333333,0.0,0.0,0.0,0.6666666666666666,0.3333333333333333,0.0,0.0,False,Qwen/Qwen2.5-VL-7B-Instruct-AWQ,None
564@x_name@ASC,Bar,Medium,0.0,0.0,0.3333333333333333,0.0,0.0,0.3333333333333333,0.0,0.0,0.0,0.6666666666666666,0.3333333333333333,0.0,0.0,False,Qwen/Qwen2.5-VL-7B-Instruct-AWQ,None
564@x_name@ASC,Bar,Medium,0.0,0.0,0.3333333333333333,0.0,0.0,0.3333333333333333,0.0,0.0,0.0,0.6666666666666666,0.3333333333333333,0.0,0.0,False,Qwen/Qwen2.5-VL-7B-Instruct-AWQ,None
576@y_name@DESC,Bar,Extra Hard,0.0,0.0,0.0,0.0,0.0,0.0,0.0,0.0,0.0,0.0,1.0,0.0,0.0,True,Qwen/Qwen2.5-VL-7B-Instruct-AWQ,None
576@y_name@DESC,Bar,Extra Hard,0.0,0.0,0.0,0.0,0.0,0.0,0.0,0.0,0.0,0.0,1.0,0.0,0.0,True,Qwen/Qwen2.5-VL-7B-Instruct-AWQ,None
576@y_name@DESC,Bar,Extra Hard,0.0,0.0,0.0,0.0,0.0,0.0,0.0,0.0,0.0,0.0,1.0,0.0,0.0,True,Qwen/Qwen2.5-VL-7B-Instruct-AWQ,None
578@y_name@ASC,Bar,Extra Hard,0.5,0.0,0.0,0.0,0.0,0.5,0.0,0.0,0.5,0.5,0.0,0.0,,True,Qwen/Qwen2.5-VL-7B-Instruct-AWQ,None
578@y_name@ASC,Bar,Extra Hard,0.5,0.0,0.0,0.0,0.0,0.5,0.0,0.0,0.5,0.5,0.0,0.0,,True,Qwen/Qwen2.5-VL-7B-Instruct-AWQ,None
578@y_name@ASC,Bar,Extra Hard,0.5,0.0,0.0,0.0,0.0,0.5,0.0,0.0,0.5,0.5,0.0,0.0,,True,Qwen/Qwen2.5-VL-7B-Instruct-AWQ,None
580@x_name@DESC,Bar,Medium,0.0,0.0,0.0,0.0,0.0,1.0,0.0,0.0,0.0,1.0,0.0,0.0,,False,Qwen/Qwen2.5-VL-7B-Instruct-AWQ,None
580@x_name@DESC,Bar,Medium,0.0,0.0,0.0,0.0,0.0,1.0,0.0,0.0,0.0,1.0,0.0,0.0,,False,Qwen/Qwen2.5-VL-7B-Instruct-AWQ,None
580@x_name@DESC,Bar,Medium,0.0,0.0,0.0,0.0,0.0,1.0,0.0,0.0,0.0,1.0,0.0,0.0,,False,Qwen/Qwen2.5-VL-7B-Instruct-AWQ,None
586@x_name@DESC,Bar,Medium,0.3333333333333333,0.0,0.0,0.0,0.3333333333333333,0.0,0.0,0.0,0.3333333333333333,0.3333333333333333,0.3333333333333333,0.0,0.0,False,Qwen/Qwen2.5-VL-7B-Instruct-AWQ,None
586@x_name@DESC,Bar,Medium,0.3333333333333333,0.0,0.0,0.0,0.3333333333333333,0.0,0.0,0.0,0.3333333333333333,0.3333333333333333,0.3333333333333333,0.0,0.0,False,Qwen/Qwen2.5-VL-7B-Instruct-AWQ,None
586@x_name@DESC,Bar,Medium,0.3333333333333333,0.0,0.0,0.0,0.3333333333333333,0.0,0.0,0.0,0.3333333333333333,0.3333333333333333,0.3333333333333333,0.0,0.0,False,Qwen/Qwen2.5-VL-7B-Instruct-AWQ,None
2156@y_name@DESC,Bar,Extra Hard,0.0,0.0,0.0,0.0,1.0,0.0,0.0,0.0,0.0,1.0,0.0,0.0,,True,Qwen/Qwen2.5-VL-7B-Instruct-AWQ,None
2156@y_name@DESC,Bar,Extra Hard,0.0,0.0,0.0,0.0,1.0,0.0,0.0,0.0,0.0,1.0,0.0,0.0,,True,Qwen/Qwen2.5-VL-7B-Instruct-AWQ,None
2156@y_name@DESC,Bar,Extra Hard,0.0,0.0,0.0,0.0,1.0,0.0,0.0,0.0,0.0,1.0,0.0,0.0,,True,Qwen/Qwen2.5-VL-7B-Instruct-AWQ,None
686@y_name@DESC,Bar,Hard,0.5,0.0,0.0,0.0,0.5,0.0,0.0,0.0,0.5,0.5,0.0,0.0,,True,Qwen/Qwen2.5-VL-7B-Instruct-AWQ,None
686@y_name@DESC,Bar,Hard,0.5,0.0,0.0,0.0,0.5,0.0,0.0,0.0,0.5,0.5,0.0,0.0,,True,Qwen/Qwen2.5-VL-7B-Instruct-AWQ,None
686@y_name@DESC,Bar,Hard,0.5,0.0,0.0,0.0,0.5,0.0,0.0,0.0,0.5,0.5,0.0,0.0,,True,Qwen/Qwen2.5-VL-7B-Instruct-AWQ,None
687@y_name@DESC,Bar,Hard,0.0,0.0,0.0,0.0,1.0,0.0,0.0,0.0,0.0,1.0,0.0,0.0,,True,Qwen/Qwen2.5-VL-7B-Instruct-AWQ,None
687@y_name@DESC,Bar,Hard,0.0,0.0,0.0,0.0,1.0,0.0,0.0,0.0,0.0,1.0,0.0,0.0,,True,Qwen/Qwen2.5-VL-7B-Instruct-AWQ,None
687@y_name@DESC,Bar,Hard,0.0,0.0,0.0,0.0,1.0,0.0,0.0,0.0,0.0,1.0,0.0,0.0,,True,Qwen/Qwen2.5-VL-7B-Instruct-AWQ,None
172@y_name@ASC,Bar,Medium,0.5,0.0,0.0,0.0,0.0,0.0,0.0,0.0,0.5,0.0,0.5,0.0,0.0,False,Qwen/Qwen2.5-VL-7B-Instruct-AWQ,None
172@y_name@ASC,Bar,Medium,0.5,0.0,0.0,0.0,0.0,0.0,0.0,0.0,0.5,0.0,0.5,0.0,0.0,False,Qwen/Qwen2.5-VL-7B-Instruct-AWQ,None
172@y_name@ASC,Bar,Medium,0.5,0.0,0.0,0.0,0.0,0.0,0.0,0.0,0.5,0.0,0.5,0.0,0.0,False,Qwen/Qwen2.5-VL-7B-Instruct-AWQ,None
1210@y_name@ASC,Bar,Medium,0.0,0.0,0.0,0.0,0.0,0.0,0.0,0.0,0.0,0.0,1.0,0.0,0.0,False,Qwen/Qwen2.5-VL-7B-Instruct-AWQ,None
1210@y_name@ASC,Bar,Medium,0.0,0.0,0.0,0.0,0.0,0.0,0.0,0.0,0.0,0.0,1.0,0.0,0.0,False,Qwen/Qwen2.5-VL-7B-Instruct-AWQ,None
1210@y_name@ASC,Bar,Medium,0.0,0.0,0.0,0.0,0.0,0.0,0.0,0.0,0.0,0.0,1.0,0.0,0.0,False,Qwen/Qwen2.5-VL-7B-Instruct-AWQ,None
1215@y_name@DESC,Bar,Hard,1.0,0.0,0.0,0.0,0.0,0.0,0.0,0.0,1.0,0.0,0.0,0.0,,False,Qwen/Qwen2.5-VL-7B-Instruct-AWQ,None
1215@y_name@DESC,Bar,Hard,1.0,0.0,0.0,0.0,0.0,0.0,0.0,0.0,1.0,0.0,0.0,0.0,,False,Qwen/Qwen2.5-VL-7B-Instruct-AWQ,None
1215@y_name@DESC,Bar,Hard,1.0,0.0,0.0,0.0,0.0,0.0,0.0,0.0,1.0,0.0,0.0,0.0,,False,Qwen/Qwen2.5-VL-7B-Instruct-AWQ,None
1217@x_name@DESC,Bar,Extra Hard,0.0,0.0,0.0,0.0,0.0,1.0,0.0,0.0,0.0,1.0,0.0,0.0,,True,Qwen/Qwen2.5-VL-7B-Instruct-AWQ,None
1217@x_name@DESC,Bar,Extra Hard,0.0,0.0,0.0,0.0,0.0,1.0,0.0,0.0,0.0,1.0,0.0,0.0,,True,Qwen/Qwen2.5-VL-7B-Instruct-AWQ,None
1217@x_name@DESC,Bar,Extra Hard,0.0,0.0,0.0,0.0,0.0,1.0,0.0,0.0,0.0,1.0,0.0,0.0,,True,Qwen/Qwen2.5-VL-7B-Instruct-AWQ,None
1220@x_name@DESC,Bar,Hard,0.0,0.0,0.0,0.0,0.0,1.0,0.0,0.0,0.0,1.0,0.0,0.0,,False,Qwen/Qwen2.5-VL-7B-Instruct-AWQ,None
1220@x_name@DESC,Bar,Hard,0.0,0.0,0.0,0.0,0.0,1.0,0.0,0.0,0.0,1.0,0.0,0.0,,False,Qwen/Qwen2.5-VL-7B-Instruct-AWQ,None
1220@x_name@DESC,Bar,Hard,0.0,0.0,0.0,0.0,0.0,1.0,0.0,0.0,0.0,1.0,0.0,0.0,,False,Qwen/Qwen2.5-VL-7B-Instruct-AWQ,None
1222@y_name@DESC,Bar,Hard,0.3333333333333333,0.0,0.0,0.0,0.0,0.0,0.0,0.0,0.3333333333333333,0.0,0.6666666666666666,0.0,0.0,True,Qwen/Qwen2.5-VL-7B-Instruct-AWQ,None
1222@y_name@DESC,Bar,Hard,0.3333333333333333,0.0,0.0,0.0,0.0,0.0,0.0,0.0,0.3333333333333333,0.0,0.6666666666666666,0.0,0.0,True,Qwen/Qwen2.5-VL-7B-Instruct-AWQ,None
1222@y_name@DESC,Bar,Hard,0.3333333333333333,0.0,0.0,0.0,0.0,0.0,0.0,0.0,0.3333333333333333,0.0,0.6666666666666666,0.0,0.0,True,Qwen/Qwen2.5-VL-7B-Instruct-AWQ,None
1224@y_name@DESC,Bar,Extra Hard,0.25,0.0,0.0,0.25,0.25,0.0,0.0,0.0,0.25,0.25,0.5,0.0,0.0,True,Qwen/Qwen2.5-VL-7B-Instruct-AWQ,None
1224@y_name@DESC,Bar,Extra Hard,0.25,0.0,0.0,0.25,0.25,0.0,0.0,0.0,0.25,0.25,0.5,0.0,0.0,True,Qwen/Qwen2.5-VL-7B-Instruct-AWQ,None
1224@y_name@DESC,Bar,Extra Hard,0.25,0.0,0.0,0.25,0.25,0.0,0.0,0.0,0.25,0.25,0.5,0.0,0.0,True,Qwen/Qwen2.5-VL-7B-Instruct-AWQ,None
1225@y_name@DESC,Bar,Hard,0.0,0.0,0.0,0.0,0.0,0.0,0.0,0.0,0.0,0.0,1.0,0.0,0.0,False,Qwen/Qwen2.5-VL-7B-Instruct-AWQ,None
1225@y_name@DESC,Bar,Hard,0.0,0.0,0.0,0.0,0.0,0.0,0.0,0.0,0.0,0.0,1.0,0.0,0.0,False,Qwen/Qwen2.5-VL-7B-Instruct-AWQ,None
1225@y_name@DESC,Bar,Hard,0.0,0.0,0.0,0.0,0.0,0.0,0.0,0.0,0.0,0.0,1.0,0.0,0.0,False,Qwen/Qwen2.5-VL-7B-Instruct-AWQ,None
1226@y_name@DESC,Bar,Hard,1.0,0.0,0.0,0.0,0.0,0.0,0.0,0.0,1.0,0.0,0.0,0.0,,False,Qwen/Qwen2.5-VL-7B-Instruct-AWQ,None
1226@y_name@DESC,Bar,Hard,1.0,0.0,0.0,0.0,0.0,0.0,0.0,0.0,1.0,0.0,0.0,0.0,,False,Qwen/Qwen2.5-VL-7B-Instruct-AWQ,None
1226@y_name@DESC,Bar,Hard,1.0,0.0,0.0,0.0,0.0,0.0,0.0,0.0,1.0,0.0,0.0,0.0,,False,Qwen/Qwen2.5-VL-7B-Instruct-AWQ,None
1227@x_name@DESC,Bar,Extra Hard,0.0,0.0,0.0,0.0,0.0,1.0,0.0,0.0,0.0,1.0,0.0,0.0,,True,Qwen/Qwen2.5-VL-7B-Instruct-AWQ,None
1227@x_name@DESC,Bar,Extra Hard,0.0,0.0,0.0,0.0,0.0,1.0,0.0,0.0,0.0,1.0,0.0,0.0,,True,Qwen/Qwen2.5-VL-7B-Instruct-AWQ,None
1227@x_name@DESC,Bar,Extra Hard,0.0,0.0,0.0,0.0,0.0,1.0,0.0,0.0,0.0,1.0,0.0,0.0,,True,Qwen/Qwen2.5-VL-7B-Instruct-AWQ,None
1235@x_name@DESC,Bar,Medium,0.0,0.0,1.0,0.0,0.0,0.0,0.0,0.0,0.0,1.0,0.0,0.0,,False,Qwen/Qwen2.5-VL-7B-Instruct-AWQ,None
1235@x_name@DESC,Bar,Medium,0.0,0.0,1.0,0.0,0.0,0.0,0.0,0.0,0.0,1.0,0.0,0.0,,False,Qwen/Qwen2.5-VL-7B-Instruct-AWQ,None
1235@x_name@DESC,Bar,Medium,0.0,0.0,1.0,0.0,0.0,0.0,0.0,0.0,0.0,1.0,0.0,0.0,,False,Qwen/Qwen2.5-VL-7B-Instruct-AWQ,None
1237@y_name@ASC,Bar,Medium,0.0,0.0,0.0,0.0,0.0,0.0,0.0,0.0,0.0,0.0,1.0,0.0,0.0,False,Qwen/Qwen2.5-VL-7B-Instruct-AWQ,None
1237@y_name@ASC,Bar,Medium,0.0,0.0,0.0,0.0,0.0,0.0,0.0,0.0,0.0,0.0,1.0,0.0,0.0,False,Qwen/Qwen2.5-VL-7B-Instruct-AWQ,None
1237@y_name@ASC,Bar,Medium,0.0,0.0,0.0,0.0,0.0,0.0,0.0,0.0,0.0,0.0,1.0,0.0,0.0,False,Qwen/Qwen2.5-VL-7B-Instruct-AWQ,None
1238@x_name@ASC,Bar,Easy,0.0,0.0,0.0,0.0,0.0,0.0,0.0,0.0,0.0,0.0,1.0,0.0,0.0,False,Qwen/Qwen2.5-VL-7B-Instruct-AWQ,None
1238@x_name@ASC,Bar,Easy,0.0,0.0,0.0,0.0,0.0,0.0,0.0,0.0,0.0,0.0,1.0,0.0,0.0,False,Qwen/Qwen2.5-VL-7B-Instruct-AWQ,None
1238@x_name@ASC,Bar,Easy,0.0,0.0,0.0,0.0,0.0,0.0,0.0,0.0,0.0,0.0,1.0,0.0,0.0,False,Qwen/Qwen2.5-VL-7B-Instruct-AWQ,None
2610@y_name@ASC,Bar,Medium,0.0,0.0,0.0,0.0,0.0,0.0,0.0,0.0,0.0,0.0,1.0,0.0,0.0,False,Qwen/Qwen2.5-VL-7B-Instruct-AWQ,None
2610@y_name@ASC,Bar,Medium,0.0,0.0,0.0,0.0,0.0,0.0,0.0,0.0,0.0,0.0,1.0,0.0,0.0,False,Qwen/Qwen2.5-VL-7B-Instruct-AWQ,None
2610@y_name@ASC,Bar,Medium,0.0,0.0,0.0,0.0,0.0,0.0,0.0,0.0,0.0,0.0,1.0,0.0,0.0,False,Qwen/Qwen2.5-VL-7B-Instruct-AWQ,None
2614@x_name@DESC,Bar,Hard,0.0,0.0,0.0,0.0,0.0,1.0,0.0,0.0,0.0,1.0,0.0,0.0,,True,Qwen/Qwen2.5-VL-7B-Instruct-AWQ,None
2614@x_name@DESC,Bar,Hard,0.0,0.0,0.0,0.0,0.0,1.0,0.0,0.0,0.0,1.0,0.0,0.0,,True,Qwen/Qwen2.5-VL-7B-Instruct-AWQ,None
2614@x_name@DESC,Bar,Hard,0.0,0.0,0.0,0.0,0.0,1.0,0.0,0.0,0.0,1.0,0.0,0.0,,True,Qwen/Qwen2.5-VL-7B-Instruct-AWQ,None
2771@x_name@ASC,Bar,Hard,0.0,0.0,0.0,0.0,0.0,0.0,0.0,0.0,0.0,0.0,1.0,0.0,0.0,True,Qwen/Qwen2.5-VL-7B-Instruct-AWQ,None
2771@x_name@ASC,Bar,Hard,0.0,0.0,0.0,0.0,0.0,0.0,0.0,0.0,0.0,0.0,1.0,0.0,0.0,True,Qwen/Qwen2.5-VL-7B-Instruct-AWQ,None
2771@x_name@ASC,Bar,Hard,0.0,0.0,0.0,0.0,0.0,0.0,0.0,0.0,0.0,0.0,1.0,0.0,0.0,True,Qwen/Qwen2.5-VL-7B-Instruct-AWQ,None
2772@y_name@ASC,Bar,Hard,1.0,0.0,0.0,0.0,0.0,0.0,0.0,0.0,1.0,0.0,0.0,0.0,,True,Qwen/Qwen2.5-VL-7B-Instruct-AWQ,None
2772@y_name@ASC,Bar,Hard,1.0,0.0,0.0,0.0,0.0,0.0,0.0,0.0,1.0,0.0,0.0,0.0,,True,Qwen/Qwen2.5-VL-7B-Instruct-AWQ,None
2772@y_name@ASC,Bar,Hard,1.0,0.0,0.0,0.0,0.0,0.0,0.0,0.0,1.0,0.0,0.0,0.0,,True,Qwen/Qwen2.5-VL-7B-Instruct-AWQ,None
2774@x_name@ASC,Bar,Medium,0.0,0.0,0.0,0.0,0.0,0.0,0.0,0.0,0.0,0.0,1.0,0.0,0.0,False,Qwen/Qwen2.5-VL-7B-Instruct-AWQ,None
2774@x_name@ASC,Bar,Medium,0.0,0.0,0.0,0.0,0.0,0.0,0.0,0.0,0.0,0.0,1.0,0.0,0.0,False,Qwen/Qwen2.5-VL-7B-Instruct-AWQ,None
2774@x_name@ASC,Bar,Medium,0.0,0.0,0.0,0.0,0.0,0.0,0.0,0.0,0.0,0.0,1.0,0.0,0.0,False,Qwen/Qwen2.5-VL-7B-Instruct-AWQ,None
435@x_name@DESC,Bar,Medium,0.5,0.0,0.0,0.0,0.0,0.0,0.0,0.0,0.5,0.0,0.5,0.0,0.0,False,Qwen/Qwen2.5-VL-7B-Instruct-AWQ,None
435@x_name@DESC,Bar,Medium,0.5,0.0,0.0,0.0,0.0,0.0,0.0,0.0,0.5,0.0,0.5,0.0,0.0,False,Qwen/Qwen2.5-VL-7B-Instruct-AWQ,None
435@x_name@DESC,Bar,Medium,0.5,0.0,0.0,0.0,0.0,0.0,0.0,0.0,0.5,0.0,0.5,0.0,0.0,False,Qwen/Qwen2.5-VL-7B-Instruct-AWQ,None
279@y_name@DESC,Bar,Hard,0.0,0.0,0.0,0.0,1.0,0.0,0.0,0.0,0.0,1.0,0.0,0.0,,False,Qwen/Qwen2.5-VL-7B-Instruct-AWQ,None
279@y_name@DESC,Bar,Hard,0.0,0.0,0.0,0.0,1.0,0.0,0.0,0.0,0.0,1.0,0.0,0.0,,False,Qwen/Qwen2.5-VL-7B-Instruct-AWQ,None
279@y_name@DESC,Bar,Hard,0.0,0.0,0.0,0.0,1.0,0.0,0.0,0.0,0.0,1.0,0.0,0.0,,False,Qwen/Qwen2.5-VL-7B-Instruct-AWQ,None
3267@y_name@ASC,Bar,Hard,1.0,0.0,0.0,0.0,0.0,0.0,0.0,0.0,1.0,0.0,0.0,0.0,,False,Qwen/Qwen2.5-VL-7B-Instruct-AWQ,None
3267@y_name@ASC,Bar,Hard,1.0,0.0,0.0,0.0,0.0,0.0,0.0,0.0,1.0,0.0,0.0,0.0,,False,Qwen/Qwen2.5-VL-7B-Instruct-AWQ,None
3267@y_name@ASC,Bar,Hard,1.0,0.0,0.0,0.0,0.0,0.0,0.0,0.0,1.0,0.0,0.0,0.0,,False,Qwen/Qwen2.5-VL-7B-Instruct-AWQ,None
3269@y_name@ASC,Bar,Medium,0.0,0.0,0.0,0.0,0.0,0.0,0.0,0.0,0.0,0.0,1.0,0.0,0.0,False,Qwen/Qwen2.5-VL-7B-Instruct-AWQ,None
3269@y_name@ASC,Bar,Medium,0.0,0.0,0.0,0.0,0.0,0.0,0.0,0.0,0.0,0.0,1.0,0.0,0.0,False,Qwen/Qwen2.5-VL-7B-Instruct-AWQ,None
3269@y_name@ASC,Bar,Medium,0.0,0.0,0.0,0.0,0.0,0.0,0.0,0.0,0.0,0.0,1.0,0.0,0.0,False,Qwen/Qwen2.5-VL-7B-Instruct-AWQ,None
3071@y_name@ASC,Bar,Medium,0.0,0.0,0.0,0.0,0.2,0.0,0.0,0.0,0.0,0.2,0.8,0.0,0.0,False,Qwen/Qwen2.5-VL-7B-Instruct-AWQ,None
3071@y_name@ASC,Bar,Medium,0.0,0.0,0.0,0.0,0.2,0.0,0.0,0.0,0.0,0.2,0.8,0.0,0.0,False,Qwen/Qwen2.5-VL-7B-Instruct-AWQ,None
3071@y_name@ASC,Bar,Medium,0.0,0.0,0.0,0.0,0.2,0.0,0.0,0.0,0.0,0.2,0.8,0.0,0.0,False,Qwen/Qwen2.5-VL-7B-Instruct-AWQ,None
3123@x_name@DESC,Bar,Medium,0.0,0.0,0.0,0.0,0.0,0.6666666666666666,0.0,0.0,0.0,0.6666666666666666,0.3333333333333333,0.0,0.0,False,Qwen/Qwen2.5-VL-7B-Instruct-AWQ,None
3123@x_name@DESC,Bar,Medium,0.0,0.0,0.0,0.0,0.0,0.6666666666666666,0.0,0.0,0.0,0.6666666666666666,0.3333333333333333,0.0,0.0,False,Qwen/Qwen2.5-VL-7B-Instruct-AWQ,None
3123@x_name@DESC,Bar,Medium,0.0,0.0,0.0,0.0,0.0,0.6666666666666666,0.0,0.0,0.0,0.6666666666666666,0.3333333333333333,0.0,0.0,False,Qwen/Qwen2.5-VL-7B-Instruct-AWQ,None
3124@x_name@ASC,Bar,Medium,0.0,0.0,0.0,0.0,0.0,0.0,0.0,0.0,0.0,0.0,1.0,0.0,0.0,False,Qwen/Qwen2.5-VL-7B-Instruct-AWQ,None
3124@x_name@ASC,Bar,Medium,0.0,0.0,0.0,0.0,0.0,0.0,0.0,0.0,0.0,0.0,1.0,0.0,0.0,False,Qwen/Qwen2.5-VL-7B-Instruct-AWQ,None
3124@x_name@ASC,Bar,Medium,0.0,0.0,0.0,0.0,0.0,0.0,0.0,0.0,0.0,0.0,1.0,0.0,0.0,False,Qwen/Qwen2.5-VL-7B-Instruct-AWQ,None
3134@y_name@ASC,Bar,Easy,0.6,0.0,0.0,0.0,0.0,0.0,0.0,0.0,0.6,0.0,0.4,0.0,0.0,False,Qwen/Qwen2.5-VL-7B-Instruct-AWQ,None
3134@y_name@ASC,Bar,Easy,0.6,0.0,0.0,0.0,0.0,0.0,0.0,0.0,0.6,0.0,0.4,0.0,0.0,False,Qwen/Qwen2.5-VL-7B-Instruct-AWQ,None
3134@y_name@ASC,Bar,Easy,0.6,0.0,0.0,0.0,0.0,0.0,0.0,0.0,0.6,0.0,0.4,0.0,0.0,False,Qwen/Qwen2.5-VL-7B-Instruct-AWQ,None
3135@y_name@ASC,Bar,Easy,0.3333333333333333,0.0,0.0,0.0,0.6666666666666666,0.0,0.0,0.0,0.3333333333333333,0.6666666666666666,0.0,0.0,,False,Qwen/Qwen2.5-VL-7B-Instruct-AWQ,None
3135@y_name@ASC,Bar,Easy,0.3333333333333333,0.0,0.0,0.0,0.6666666666666666,0.0,0.0,0.0,0.3333333333333333,0.6666666666666666,0.0,0.0,,False,Qwen/Qwen2.5-VL-7B-Instruct-AWQ,None
3135@y_name@ASC,Bar,Easy,0.3333333333333333,0.0,0.0,0.0,0.6666666666666666,0.0,0.0,0.0,0.3333333333333333,0.6666666666666666,0.0,0.0,,False,Qwen/Qwen2.5-VL-7B-Instruct-AWQ,None
3137@y_name@DESC,Bar,Easy,0.2,0.0,0.0,0.0,0.4,0.0,0.0,0.0,0.2,0.4,0.4,0.0,0.0,False,Qwen/Qwen2.5-VL-7B-Instruct-AWQ,None
3137@y_name@DESC,Bar,Easy,0.2,0.0,0.0,0.0,0.4,0.0,0.0,0.0,0.2,0.4,0.4,0.0,0.0,False,Qwen/Qwen2.5-VL-7B-Instruct-AWQ,None
3137@y_name@DESC,Bar,Easy,0.2,0.0,0.0,0.0,0.4,0.0,0.0,0.0,0.2,0.4,0.4,0.0,0.0,False,Qwen/Qwen2.5-VL-7B-Instruct-AWQ,None
3138@x_name@ASC,Bar,Easy,0.5,0.0,0.0,0.0,0.25,0.0,0.0,0.0,0.5,0.25,0.25,0.0,0.0,False,Qwen/Qwen2.5-VL-7B-Instruct-AWQ,None
3138@x_name@ASC,Bar,Easy,0.5,0.0,0.0,0.0,0.25,0.0,0.0,0.0,0.5,0.25,0.25,0.0,0.0,False,Qwen/Qwen2.5-VL-7B-Instruct-AWQ,None
3138@x_name@ASC,Bar,Easy,0.5,0.0,0.0,0.0,0.25,0.0,0.0,0.0,0.5,0.25,0.25,0.0,0.0,False,Qwen/Qwen2.5-VL-7B-Instruct-AWQ,None
3140@x_name@ASC,Bar,Easy,0.0,0.0,0.0,0.0,0.5,0.0,0.0,0.0,0.0,0.5,0.5,0.0,0.0,False,Qwen/Qwen2.5-VL-7B-Instruct-AWQ,None
3140@x_name@ASC,Bar,Easy,0.0,0.0,0.0,0.0,0.5,0.0,0.0,0.0,0.0,0.5,0.5,0.0,0.0,False,Qwen/Qwen2.5-VL-7B-Instruct-AWQ,None
3140@x_name@ASC,Bar,Easy,0.0,0.0,0.0,0.0,0.5,0.0,0.0,0.0,0.0,0.5,0.5,0.0,0.0,False,Qwen/Qwen2.5-VL-7B-Instruct-AWQ,None
3141@y_name@ASC,Bar,Easy,0.3333333333333333,0.0,0.0,0.0,0.6666666666666666,0.0,0.0,0.0,0.3333333333333333,0.6666666666666666,0.0,0.0,,False,Qwen/Qwen2.5-VL-7B-Instruct-AWQ,None
3141@y_name@ASC,Bar,Easy,0.3333333333333333,0.0,0.0,0.0,0.6666666666666666,0.0,0.0,0.0,0.3333333333333333,0.6666666666666666,0.0,0.0,,False,Qwen/Qwen2.5-VL-7B-Instruct-AWQ,None
3141@y_name@ASC,Bar,Easy,0.3333333333333333,0.0,0.0,0.0,0.6666666666666666,0.0,0.0,0.0,0.3333333333333333,0.6666666666666666,0.0,0.0,,False,Qwen/Qwen2.5-VL-7B-Instruct-AWQ,None
3144@x_name@DESC,Bar,Easy,0.0,0.0,0.0,0.0,0.0,0.0,0.0,0.0,0.0,0.0,1.0,0.0,0.0,False,Qwen/Qwen2.5-VL-7B-Instruct-AWQ,None
3144@x_name@DESC,Bar,Easy,0.0,0.0,0.0,0.0,0.0,0.0,0.0,0.0,0.0,0.0,1.0,0.0,0.0,False,Qwen/Qwen2.5-VL-7B-Instruct-AWQ,None
3144@x_name@DESC,Bar,Easy,0.0,0.0,0.0,0.0,0.0,0.0,0.0,0.0,0.0,0.0,1.0,0.0,0.0,False,Qwen/Qwen2.5-VL-7B-Instruct-AWQ,None
3146@x_name@DESC,Bar,Easy,0.3333333333333333,0.0,0.0,0.0,0.3333333333333333,0.0,0.0,0.0,0.3333333333333333,0.3333333333333333,0.3333333333333333,0.0,0.0,False,Qwen/Qwen2.5-VL-7B-Instruct-AWQ,None
3146@x_name@DESC,Bar,Easy,0.3333333333333333,0.0,0.0,0.0,0.3333333333333333,0.0,0.0,0.0,0.3333333333333333,0.3333333333333333,0.3333333333333333,0.0,0.0,False,Qwen/Qwen2.5-VL-7B-Instruct-AWQ,None
3146@x_name@DESC,Bar,Easy,0.3333333333333333,0.0,0.0,0.0,0.3333333333333333,0.0,0.0,0.0,0.3333333333333333,0.3333333333333333,0.3333333333333333,0.0,0.0,False,Qwen/Qwen2.5-VL-7B-Instruct-AWQ,None
2349@y_name@ASC,Bar,Medium,1.0,0.0,0.0,0.0,0.0,0.0,0.0,0.0,1.0,0.0,0.0,0.0,,False,Qwen/Qwen2.5-VL-7B-Instruct-AWQ,None
2349@y_name@ASC,Bar,Medium,1.0,0.0,0.0,0.0,0.0,0.0,0.0,0.0,1.0,0.0,0.0,0.0,,False,Qwen/Qwen2.5-VL-7B-Instruct-AWQ,None
2349@y_name@ASC,Bar,Medium,1.0,0.0,0.0,0.0,0.0,0.0,0.0,0.0,1.0,0.0,0.0,0.0,,False,Qwen/Qwen2.5-VL-7B-Instruct-AWQ,None
2596@x_name@ASC,Bar,Extra Hard,1.0,0.0,0.0,0.0,0.0,0.0,0.0,0.0,1.0,0.0,0.0,0.0,,True,Qwen/Qwen2.5-VL-7B-Instruct-AWQ,None
2596@x_name@ASC,Bar,Extra Hard,1.0,0.0,0.0,0.0,0.0,0.0,0.0,0.0,1.0,0.0,0.0,0.0,,True,Qwen/Qwen2.5-VL-7B-Instruct-AWQ,None
2596@x_name@ASC,Bar,Extra Hard,1.0,0.0,0.0,0.0,0.0,0.0,0.0,0.0,1.0,0.0,0.0,0.0,,True,Qwen/Qwen2.5-VL-7B-Instruct-AWQ,None
2600@y_name@ASC,Stacked Bar,Extra Hard,1.0,0.0,0.0,0.0,0.0,0.0,0.0,0.0,1.0,0.0,0.0,0.0,,True,Qwen/Qwen2.5-VL-7B-Instruct-AWQ,None
2600@y_name@ASC,Stacked Bar,Extra Hard,1.0,0.0,0.0,0.0,0.0,0.0,0.0,0.0,1.0,0.0,0.0,0.0,,True,Qwen/Qwen2.5-VL-7B-Instruct-AWQ,None
2600@y_name@ASC,Stacked Bar,Extra Hard,1.0,0.0,0.0,0.0,0.0,0.0,0.0,0.0,1.0,0.0,0.0,0.0,,True,Qwen/Qwen2.5-VL-7B-Instruct-AWQ,None
2602@y_name@DESC,Bar,Medium,0.0,0.0,0.0,0.0,1.0,0.0,0.0,0.0,0.0,1.0,0.0,0.0,,False,Qwen/Qwen2.5-VL-7B-Instruct-AWQ,None
2602@y_name@DESC,Bar,Medium,0.0,0.0,0.0,0.0,1.0,0.0,0.0,0.0,0.0,1.0,0.0,0.0,,False,Qwen/Qwen2.5-VL-7B-Instruct-AWQ,None
2602@y_name@DESC,Bar,Medium,0.0,0.0,0.0,0.0,1.0,0.0,0.0,0.0,0.0,1.0,0.0,0.0,,False,Qwen/Qwen2.5-VL-7B-Instruct-AWQ,None
2607@x_name@DESC,Bar,Medium,0.0,0.0,0.0,0.0,0.0,1.0,0.0,0.0,0.0,1.0,0.0,0.0,,False,Qwen/Qwen2.5-VL-7B-Instruct-AWQ,None
2607@x_name@DESC,Bar,Medium,0.0,0.0,0.0,0.0,0.0,1.0,0.0,0.0,0.0,1.0,0.0,0.0,,False,Qwen/Qwen2.5-VL-7B-Instruct-AWQ,None
2607@x_name@DESC,Bar,Medium,0.0,0.0,0.0,0.0,0.0,1.0,0.0,0.0,0.0,1.0,0.0,0.0,,False,Qwen/Qwen2.5-VL-7B-Instruct-AWQ,None
2902@x_name@DESC,Bar,Medium,0.0,0.0,0.0,0.0,0.0,1.0,0.0,0.0,0.0,1.0,0.0,0.0,,False,Qwen/Qwen2.5-VL-7B-Instruct-AWQ,None
2902@x_name@DESC,Bar,Medium,0.0,0.0,0.0,0.0,0.0,1.0,0.0,0.0,0.0,1.0,0.0,0.0,,False,Qwen/Qwen2.5-VL-7B-Instruct-AWQ,None
2902@x_name@DESC,Bar,Medium,0.0,0.0,0.0,0.0,0.0,1.0,0.0,0.0,0.0,1.0,0.0,0.0,,False,Qwen/Qwen2.5-VL-7B-Instruct-AWQ,None
1399@x_name@ASC,Bar,Medium,0.0,0.0,0.0,0.0,0.0,1.0,0.0,0.0,0.0,1.0,0.0,0.0,,False,Qwen/Qwen2.5-VL-7B-Instruct-AWQ,None
1399@x_name@ASC,Bar,Medium,0.0,0.0,0.0,0.0,0.0,1.0,0.0,0.0,0.0,1.0,0.0,0.0,,False,Qwen/Qwen2.5-VL-7B-Instruct-AWQ,None
1399@x_name@ASC,Bar,Medium,0.0,0.0,0.0,0.0,0.0,1.0,0.0,0.0,0.0,1.0,0.0,0.0,,False,Qwen/Qwen2.5-VL-7B-Instruct-AWQ,None
2933@x_name@DESC,Bar,Hard,1.0,0.0,0.0,0.0,0.0,0.0,0.0,0.0,1.0,0.0,0.0,0.0,,True,Qwen/Qwen2.5-VL-7B-Instruct-AWQ,None
2933@x_name@DESC,Bar,Hard,1.0,0.0,0.0,0.0,0.0,0.0,0.0,0.0,1.0,0.0,0.0,0.0,,True,Qwen/Qwen2.5-VL-7B-Instruct-AWQ,None
2933@x_name@DESC,Bar,Hard,1.0,0.0,0.0,0.0,0.0,0.0,0.0,0.0,1.0,0.0,0.0,0.0,,True,Qwen/Qwen2.5-VL-7B-Instruct-AWQ,None
2935@x_name@ASC,Bar,Hard,1.0,0.0,0.0,0.0,0.0,0.0,0.0,0.0,1.0,0.0,0.0,0.0,,True,Qwen/Qwen2.5-VL-7B-Instruct-AWQ,None
2935@x_name@ASC,Bar,Hard,1.0,0.0,0.0,0.0,0.0,0.0,0.0,0.0,1.0,0.0,0.0,0.0,,True,Qwen/Qwen2.5-VL-7B-Instruct-AWQ,None
2935@x_name@ASC,Bar,Hard,1.0,0.0,0.0,0.0,0.0,0.0,0.0,0.0,1.0,0.0,0.0,0.0,,True,Qwen/Qwen2.5-VL-7B-Instruct-AWQ,None
2943@y_name@ASC,Bar,Medium,0.0,0.0,0.0,0.0,0.0,0.0,0.0,0.0,0.0,0.0,1.0,0.0,0.0,False,Qwen/Qwen2.5-VL-7B-Instruct-AWQ,None
2943@y_name@ASC,Bar,Medium,0.0,0.0,0.0,0.0,0.0,0.0,0.0,0.0,0.0,0.0,1.0,0.0,0.0,False,Qwen/Qwen2.5-VL-7B-Instruct-AWQ,None
2943@y_name@ASC,Bar,Medium,0.0,0.0,0.0,0.0,0.0,0.0,0.0,0.0,0.0,0.0,1.0,0.0,0.0,False,Qwen/Qwen2.5-VL-7B-Instruct-AWQ,None
2944@y_name@ASC,Bar,Easy,0.0,0.0,0.0,0.0,0.0,0.0,0.0,0.0,0.0,0.0,1.0,0.0,0.0,False,Qwen/Qwen2.5-VL-7B-Instruct-AWQ,None
2944@y_name@ASC,Bar,Easy,0.0,0.0,0.0,0.0,0.0,0.0,0.0,0.0,0.0,0.0,1.0,0.0,0.0,False,Qwen/Qwen2.5-VL-7B-Instruct-AWQ,None
2944@y_name@ASC,Bar,Easy,0.0,0.0,0.0,0.0,0.0,0.0,0.0,0.0,0.0,0.0,1.0,0.0,0.0,False,Qwen/Qwen2.5-VL-7B-Instruct-AWQ,None
2950@y_name@ASC,Bar,Hard,0.0,0.0,0.0,0.0,0.0,0.0,0.0,0.0,0.0,0.0,1.0,0.0,0.0,False,Qwen/Qwen2.5-VL-7B-Instruct-AWQ,None
2950@y_name@ASC,Bar,Hard,0.0,0.0,0.0,0.0,0.0,0.0,0.0,0.0,0.0,0.0,1.0,0.0,0.0,False,Qwen/Qwen2.5-VL-7B-Instruct-AWQ,None
2950@y_name@ASC,Bar,Hard,0.0,0.0,0.0,0.0,0.0,0.0,0.0,0.0,0.0,0.0,1.0,0.0,0.0,False,Qwen/Qwen2.5-VL-7B-Instruct-AWQ,None
1989@y_name@DESC,Bar,Extra Hard,0.0,0.0,0.0,0.0,1.0,0.0,0.0,0.0,0.0,1.0,0.0,0.0,,True,Qwen/Qwen2.5-VL-7B-Instruct-AWQ,None
1989@y_name@DESC,Bar,Extra Hard,0.0,0.0,0.0,0.0,1.0,0.0,0.0,0.0,0.0,1.0,0.0,0.0,,True,Qwen/Qwen2.5-VL-7B-Instruct-AWQ,None
1989@y_name@DESC,Bar,Extra Hard,0.0,0.0,0.0,0.0,1.0,0.0,0.0,0.0,0.0,1.0,0.0,0.0,,True,Qwen/Qwen2.5-VL-7B-Instruct-AWQ,None
1967@x_name@DESC,Bar,Medium,0.0,0.0,0.0,0.0,0.5,0.5,0.0,0.0,0.0,1.0,0.0,0.0,,False,Qwen/Qwen2.5-VL-7B-Instruct-AWQ,None
1967@x_name@DESC,Bar,Medium,0.0,0.0,0.0,0.0,0.5,0.5,0.0,0.0,0.0,1.0,0.0,0.0,,False,Qwen/Qwen2.5-VL-7B-Instruct-AWQ,None
1967@x_name@DESC,Bar,Medium,0.0,0.0,0.0,0.0,0.5,0.5,0.0,0.0,0.0,1.0,0.0,0.0,,False,Qwen/Qwen2.5-VL-7B-Instruct-AWQ,None
1970@x_name@ASC,Bar,Easy,0.0,0.0,0.0,0.0,0.0,0.0,0.0,0.0,0.0,0.0,1.0,0.0,0.0,False,Qwen/Qwen2.5-VL-7B-Instruct-AWQ,None
1970@x_name@ASC,Bar,Easy,0.0,0.0,0.0,0.0,0.0,0.0,0.0,0.0,0.0,0.0,1.0,0.0,0.0,False,Qwen/Qwen2.5-VL-7B-Instruct-AWQ,None
1970@x_name@ASC,Bar,Easy,0.0,0.0,0.0,0.0,0.0,0.0,0.0,0.0,0.0,0.0,1.0,0.0,0.0,False,Qwen/Qwen2.5-VL-7B-Instruct-AWQ,None
1977@x_name@ASC,Bar,Medium,0.0,0.0,0.0,0.0,0.0,0.3333333333333333,0.0,0.0,0.0,0.3333333333333333,0.6666666666666666,0.0,0.0,False,Qwen/Qwen2.5-VL-7B-Instruct-AWQ,None
1977@x_name@ASC,Bar,Medium,0.0,0.0,0.0,0.0,0.0,0.3333333333333333,0.0,0.0,0.0,0.3333333333333333,0.6666666666666666,0.0,0.0,False,Qwen/Qwen2.5-VL-7B-Instruct-AWQ,None
1977@x_name@ASC,Bar,Medium,0.0,0.0,0.0,0.0,0.0,0.3333333333333333,0.0,0.0,0.0,0.3333333333333333,0.6666666666666666,0.0,0.0,False,Qwen/Qwen2.5-VL-7B-Instruct-AWQ,None
1979@y_name@DESC,Bar,Hard,0.0,0.0,0.0,0.25,0.25,0.25,0.0,0.0,0.0,0.5,0.5,0.0,0.0,False,Qwen/Qwen2.5-VL-7B-Instruct-AWQ,None
1979@y_name@DESC,Bar,Hard,0.0,0.0,0.0,0.25,0.25,0.25,0.0,0.0,0.0,0.5,0.5,0.0,0.0,False,Qwen/Qwen2.5-VL-7B-Instruct-AWQ,None
1979@y_name@DESC,Bar,Hard,0.0,0.0,0.0,0.25,0.25,0.25,0.0,0.0,0.0,0.5,0.5,0.0,0.0,False,Qwen/Qwen2.5-VL-7B-Instruct-AWQ,None
1981@y_name@DESC,Bar,Extra Hard,0.5,0.0,0.25,0.0,0.0,0.25,0.0,0.0,0.5,0.5,0.0,0.0,,True,Qwen/Qwen2.5-VL-7B-Instruct-AWQ,None
1981@y_name@DESC,Bar,Extra Hard,0.5,0.0,0.25,0.0,0.0,0.25,0.0,0.0,0.5,0.5,0.0,0.0,,True,Qwen/Qwen2.5-VL-7B-Instruct-AWQ,None
1981@y_name@DESC,Bar,Extra Hard,0.5,0.0,0.25,0.0,0.0,0.25,0.0,0.0,0.5,0.5,0.0,0.0,,True,Qwen/Qwen2.5-VL-7B-Instruct-AWQ,None
1984@y_name@DESC,Bar,Hard,1.0,0.0,0.0,0.0,0.0,0.0,0.0,0.0,1.0,0.0,0.0,0.0,,True,Qwen/Qwen2.5-VL-7B-Instruct-AWQ,None
1984@y_name@DESC,Bar,Hard,1.0,0.0,0.0,0.0,0.0,0.0,0.0,0.0,1.0,0.0,0.0,0.0,,True,Qwen/Qwen2.5-VL-7B-Instruct-AWQ,None
1984@y_name@DESC,Bar,Hard,1.0,0.0,0.0,0.0,0.0,0.0,0.0,0.0,1.0,0.0,0.0,0.0,,True,Qwen/Qwen2.5-VL-7B-Instruct-AWQ,None
3033@y_name@ASC,Bar,Medium,0.0,0.0,0.0,0.0,0.0,0.0,0.0,0.0,0.0,0.0,1.0,0.0,0.0,False,Qwen/Qwen2.5-VL-7B-Instruct-AWQ,None
3033@y_name@ASC,Bar,Medium,0.0,0.0,0.0,0.0,0.0,0.0,0.0,0.0,0.0,0.0,1.0,0.0,0.0,False,Qwen/Qwen2.5-VL-7B-Instruct-AWQ,None
3033@y_name@ASC,Bar,Medium,0.0,0.0,0.0,0.0,0.0,0.0,0.0,0.0,0.0,0.0,1.0,0.0,0.0,False,Qwen/Qwen2.5-VL-7B-Instruct-AWQ,None
2677@x_name@ASC,Bar,Medium,0.0,0.0,0.0,0.0,0.0,0.0,0.0,0.0,0.0,0.0,1.0,0.0,0.0,False,Qwen/Qwen2.5-VL-7B-Instruct-AWQ,None
2677@x_name@ASC,Bar,Medium,0.0,0.0,0.0,0.0,0.0,0.0,0.0,0.0,0.0,0.0,1.0,0.0,0.0,False,Qwen/Qwen2.5-VL-7B-Instruct-AWQ,None
2677@x_name@ASC,Bar,Medium,0.0,0.0,0.0,0.0,0.0,0.0,0.0,0.0,0.0,0.0,1.0,0.0,0.0,False,Qwen/Qwen2.5-VL-7B-Instruct-AWQ,None
2678@y_name@DESC,Bar,Medium,0.3333333333333333,0.0,0.0,0.0,0.0,0.0,0.0,0.0,0.3333333333333333,0.0,0.6666666666666666,0.0,0.0,False,Qwen/Qwen2.5-VL-7B-Instruct-AWQ,None
2678@y_name@DESC,Bar,Medium,0.3333333333333333,0.0,0.0,0.0,0.0,0.0,0.0,0.0,0.3333333333333333,0.0,0.6666666666666666,0.0,0.0,False,Qwen/Qwen2.5-VL-7B-Instruct-AWQ,None
2678@y_name@DESC,Bar,Medium,0.3333333333333333,0.0,0.0,0.0,0.0,0.0,0.0,0.0,0.3333333333333333,0.0,0.6666666666666666,0.0,0.0,False,Qwen/Qwen2.5-VL-7B-Instruct-AWQ,None
2681@x_name@ASC,Bar,Medium,0.0,0.0,0.0,0.0,0.0,1.0,0.0,0.0,0.0,1.0,0.0,0.0,,False,Qwen/Qwen2.5-VL-7B-Instruct-AWQ,None
2681@x_name@ASC,Bar,Medium,0.0,0.0,0.0,0.0,0.0,1.0,0.0,0.0,0.0,1.0,0.0,0.0,,False,Qwen/Qwen2.5-VL-7B-Instruct-AWQ,None
2681@x_name@ASC,Bar,Medium,0.0,0.0,0.0,0.0,0.0,1.0,0.0,0.0,0.0,1.0,0.0,0.0,,False,Qwen/Qwen2.5-VL-7B-Instruct-AWQ,None
2755@x_name@DESC,Stacked Bar,Hard,0.0,0.0,0.0,0.0,0.0,1.0,0.0,0.0,0.0,1.0,0.0,0.0,,False,Qwen/Qwen2.5-VL-7B-Instruct-AWQ,None
2755@x_name@DESC,Stacked Bar,Hard,0.0,0.0,0.0,0.0,0.0,1.0,0.0,0.0,0.0,1.0,0.0,0.0,,False,Qwen/Qwen2.5-VL-7B-Instruct-AWQ,None
2755@x_name@DESC,Stacked Bar,Hard,0.0,0.0,0.0,0.0,0.0,1.0,0.0,0.0,0.0,1.0,0.0,0.0,,False,Qwen/Qwen2.5-VL-7B-Instruct-AWQ,None
2756@x_name@DESC,Stacked Bar,Hard,1.0,0.0,0.0,0.0,0.0,0.0,0.0,0.0,1.0,0.0,0.0,0.0,,False,Qwen/Qwen2.5-VL-7B-Instruct-AWQ,None
2756@x_name@DESC,Stacked Bar,Hard,1.0,0.0,0.0,0.0,0.0,0.0,0.0,0.0,1.0,0.0,0.0,0.0,,False,Qwen/Qwen2.5-VL-7B-Instruct-AWQ,None
2756@x_name@DESC,Stacked Bar,Hard,1.0,0.0,0.0,0.0,0.0,0.0,0.0,0.0,1.0,0.0,0.0,0.0,,False,Qwen/Qwen2.5-VL-7B-Instruct-AWQ,None
2760@y_name@DESC,Bar,Medium,0.0,0.0,0.0,0.0,0.0,0.0,0.0,0.0,0.0,0.0,1.0,0.0,0.0,False,Qwen/Qwen2.5-VL-7B-Instruct-AWQ,None
2760@y_name@DESC,Bar,Medium,0.0,0.0,0.0,0.0,0.0,0.0,0.0,0.0,0.0,0.0,1.0,0.0,0.0,False,Qwen/Qwen2.5-VL-7B-Instruct-AWQ,None
2760@y_name@DESC,Bar,Medium,0.0,0.0,0.0,0.0,0.0,0.0,0.0,0.0,0.0,0.0,1.0,0.0,0.0,False,Qwen/Qwen2.5-VL-7B-Instruct-AWQ,None
2762@y_name@DESC,Bar,Medium,0.0,0.0,0.0,0.0,0.25,0.0,0.0,0.0,0.0,0.25,0.75,0.0,0.0,False,Qwen/Qwen2.5-VL-7B-Instruct-AWQ,None
2762@y_name@DESC,Bar,Medium,0.0,0.0,0.0,0.0,0.25,0.0,0.0,0.0,0.0,0.25,0.75,0.0,0.0,False,Qwen/Qwen2.5-VL-7B-Instruct-AWQ,None
2762@y_name@DESC,Bar,Medium,0.0,0.0,0.0,0.0,0.25,0.0,0.0,0.0,0.0,0.25,0.75,0.0,0.0,False,Qwen/Qwen2.5-VL-7B-Instruct-AWQ,None
2763@y_name@ASC,Bar,Medium,0.0,0.0,0.0,0.0,0.0,0.0,0.0,0.0,0.0,0.0,1.0,0.0,0.0,False,Qwen/Qwen2.5-VL-7B-Instruct-AWQ,None
2763@y_name@ASC,Bar,Medium,0.0,0.0,0.0,0.0,0.0,0.0,0.0,0.0,0.0,0.0,1.0,0.0,0.0,False,Qwen/Qwen2.5-VL-7B-Instruct-AWQ,None
2763@y_name@ASC,Bar,Medium,0.0,0.0,0.0,0.0,0.0,0.0,0.0,0.0,0.0,0.0,1.0,0.0,0.0,False,Qwen/Qwen2.5-VL-7B-Instruct-AWQ,None
2765@y_name@ASC,Bar,Medium,0.0,0.0,0.0,0.0,0.0,0.0,0.0,0.0,0.0,0.0,1.0,0.0,0.0,False,Qwen/Qwen2.5-VL-7B-Instruct-AWQ,None
2765@y_name@ASC,Bar,Medium,0.0,0.0,0.0,0.0,0.0,0.0,0.0,0.0,0.0,0.0,1.0,0.0,0.0,False,Qwen/Qwen2.5-VL-7B-Instruct-AWQ,None
2765@y_name@ASC,Bar,Medium,0.0,0.0,0.0,0.0,0.0,0.0,0.0,0.0,0.0,0.0,1.0,0.0,0.0,False,Qwen/Qwen2.5-VL-7B-Instruct-AWQ,None
2879@y_name@ASC,Bar,Medium,0.0,0.0,0.0,0.0,0.0,0.0,0.0,0.0,0.0,0.0,1.0,0.0,0.0,False,Qwen/Qwen2.5-VL-7B-Instruct-AWQ,None
2879@y_name@ASC,Bar,Medium,0.0,0.0,0.0,0.0,0.0,0.0,0.0,0.0,0.0,0.0,1.0,0.0,0.0,False,Qwen/Qwen2.5-VL-7B-Instruct-AWQ,None
2879@y_name@ASC,Bar,Medium,0.0,0.0,0.0,0.0,0.0,0.0,0.0,0.0,0.0,0.0,1.0,0.0,0.0,False,Qwen/Qwen2.5-VL-7B-Instruct-AWQ,None
2886@x_name@DESC,Bar,Hard,1.0,0.0,0.0,0.0,0.0,0.0,0.0,0.0,1.0,0.0,0.0,0.0,,True,Qwen/Qwen2.5-VL-7B-Instruct-AWQ,None
2886@x_name@DESC,Bar,Hard,1.0,0.0,0.0,0.0,0.0,0.0,0.0,0.0,1.0,0.0,0.0,0.0,,True,Qwen/Qwen2.5-VL-7B-Instruct-AWQ,None
2886@x_name@DESC,Bar,Hard,1.0,0.0,0.0,0.0,0.0,0.0,0.0,0.0,1.0,0.0,0.0,0.0,,True,Qwen/Qwen2.5-VL-7B-Instruct-AWQ,None
116@x_name@DESC,Bar,Hard,0.0,0.0,0.0,0.0,0.5,0.0,0.0,0.0,0.0,0.5,0.5,0.0,0.0,True,Qwen/Qwen2.5-VL-7B-Instruct-AWQ,None
116@x_name@DESC,Bar,Hard,0.0,0.0,0.0,0.0,0.5,0.0,0.0,0.0,0.0,0.5,0.5,0.0,0.0,True,Qwen/Qwen2.5-VL-7B-Instruct-AWQ,None
116@x_name@DESC,Bar,Hard,0.0,0.0,0.0,0.0,0.5,0.0,0.0,0.0,0.0,0.5,0.5,0.0,0.0,True,Qwen/Qwen2.5-VL-7B-Instruct-AWQ,None
117@y_name@ASC,Bar,Medium,0.0,0.0,0.0,0.0,0.0,0.5,0.0,0.0,0.0,0.5,0.5,0.0,0.0,False,Qwen/Qwen2.5-VL-7B-Instruct-AWQ,None
117@y_name@ASC,Bar,Medium,0.0,0.0,0.0,0.0,0.0,0.5,0.0,0.0,0.0,0.5,0.5,0.0,0.0,False,Qwen/Qwen2.5-VL-7B-Instruct-AWQ,None
117@y_name@ASC,Bar,Medium,0.0,0.0,0.0,0.0,0.0,0.5,0.0,0.0,0.0,0.5,0.5,0.0,0.0,False,Qwen/Qwen2.5-VL-7B-Instruct-AWQ,None
123@y_name@DESC,Bar,Hard,0.0,0.0,0.0,0.0,0.0,0.0,0.0,0.0,0.0,0.0,1.0,0.0,0.0,True,Qwen/Qwen2.5-VL-7B-Instruct-AWQ,None
123@y_name@DESC,Bar,Hard,0.0,0.0,0.0,0.0,0.0,0.0,0.0,0.0,0.0,0.0,1.0,0.0,0.0,True,Qwen/Qwen2.5-VL-7B-Instruct-AWQ,None
123@y_name@DESC,Bar,Hard,0.0,0.0,0.0,0.0,0.0,0.0,0.0,0.0,0.0,0.0,1.0,0.0,0.0,True,Qwen/Qwen2.5-VL-7B-Instruct-AWQ,None
127@y_name@ASC,Bar,Hard,0.0,0.0,0.0,0.0,0.0,1.0,0.0,0.0,0.0,1.0,0.0,0.0,,True,Qwen/Qwen2.5-VL-7B-Instruct-AWQ,None
127@y_name@ASC,Bar,Hard,0.0,0.0,0.0,0.0,0.0,1.0,0.0,0.0,0.0,1.0,0.0,0.0,,True,Qwen/Qwen2.5-VL-7B-Instruct-AWQ,None
127@y_name@ASC,Bar,Hard,0.0,0.0,0.0,0.0,0.0,1.0,0.0,0.0,0.0,1.0,0.0,0.0,,True,Qwen/Qwen2.5-VL-7B-Instruct-AWQ,None
128@x_name@DESC,Bar,Hard,1.0,0.0,0.0,0.0,0.0,0.0,0.0,0.0,1.0,0.0,0.0,0.0,,True,Qwen/Qwen2.5-VL-7B-Instruct-AWQ,None
128@x_name@DESC,Bar,Hard,1.0,0.0,0.0,0.0,0.0,0.0,0.0,0.0,1.0,0.0,0.0,0.0,,True,Qwen/Qwen2.5-VL-7B-Instruct-AWQ,None
128@x_name@DESC,Bar,Hard,1.0,0.0,0.0,0.0,0.0,0.0,0.0,0.0,1.0,0.0,0.0,0.0,,True,Qwen/Qwen2.5-VL-7B-Instruct-AWQ,None
134@x_name@DESC,Stacked Bar,Extra Hard,0.0,0.0,0.0,1.0,1.0,0.0,0.0,0.0,0.0,1.0,0.0,0.0,,True,Qwen/Qwen2.5-VL-7B-Instruct-AWQ,None
134@x_name@DESC,Stacked Bar,Extra Hard,0.0,0.0,0.0,1.0,1.0,0.0,0.0,0.0,0.0,1.0,0.0,0.0,,True,Qwen/Qwen2.5-VL-7B-Instruct-AWQ,None
134@x_name@DESC,Stacked Bar,Extra Hard,0.0,0.0,0.0,1.0,1.0,0.0,0.0,0.0,0.0,1.0,0.0,0.0,,True,Qwen/Qwen2.5-VL-7B-Instruct-AWQ,None
139@y_name@ASC,Bar,Hard,1.0,0.0,0.0,0.0,0.0,0.0,0.0,0.0,1.0,0.0,0.0,0.0,,True,Qwen/Qwen2.5-VL-7B-Instruct-AWQ,None
139@y_name@ASC,Bar,Hard,1.0,0.0,0.0,0.0,0.0,0.0,0.0,0.0,1.0,0.0,0.0,0.0,,True,Qwen/Qwen2.5-VL-7B-Instruct-AWQ,None
139@y_name@ASC,Bar,Hard,1.0,0.0,0.0,0.0,0.0,0.0,0.0,0.0,1.0,0.0,0.0,0.0,,True,Qwen/Qwen2.5-VL-7B-Instruct-AWQ,None
140@y_name@ASC,Bar,Medium,0.0,0.0,0.0,0.0,0.0,0.0,0.0,0.0,0.0,0.0,1.0,0.0,0.0,False,Qwen/Qwen2.5-VL-7B-Instruct-AWQ,None
140@y_name@ASC,Bar,Medium,0.0,0.0,0.0,0.0,0.0,0.0,0.0,0.0,0.0,0.0,1.0,0.0,0.0,False,Qwen/Qwen2.5-VL-7B-Instruct-AWQ,None
140@y_name@ASC,Bar,Medium,0.0,0.0,0.0,0.0,0.0,0.0,0.0,0.0,0.0,0.0,1.0,0.0,0.0,False,Qwen/Qwen2.5-VL-7B-Instruct-AWQ,None
145@y_name@DESC,Stacked Bar,Extra Hard,1.0,0.0,0.0,0.0,0.0,0.0,0.0,0.0,1.0,0.0,0.0,0.0,,True,Qwen/Qwen2.5-VL-7B-Instruct-AWQ,None
145@y_name@DESC,Stacked Bar,Extra Hard,1.0,0.0,0.0,0.0,0.0,0.0,0.0,0.0,1.0,0.0,0.0,0.0,,True,Qwen/Qwen2.5-VL-7B-Instruct-AWQ,None
145@y_name@DESC,Stacked Bar,Extra Hard,1.0,0.0,0.0,0.0,0.0,0.0,0.0,0.0,1.0,0.0,0.0,0.0,,True,Qwen/Qwen2.5-VL-7B-Instruct-AWQ,None
149@x_name@DESC,Bar,Hard,0.0,0.0,0.0,0.0,0.0,0.0,0.0,0.0,0.0,0.0,1.0,0.0,0.0,True,Qwen/Qwen2.5-VL-7B-Instruct-AWQ,None
149@x_name@DESC,Bar,Hard,0.0,0.0,0.0,0.0,0.0,0.0,0.0,0.0,0.0,0.0,1.0,0.0,0.0,True,Qwen/Qwen2.5-VL-7B-Instruct-AWQ,None
149@x_name@DESC,Bar,Hard,0.0,0.0,0.0,0.0,0.0,0.0,0.0,0.0,0.0,0.0,1.0,0.0,0.0,True,Qwen/Qwen2.5-VL-7B-Instruct-AWQ,None
3069@x_name@ASC,Bar,Hard,0.0,0.0,0.0,0.0,1.0,0.0,0.0,0.0,0.0,1.0,0.0,0.0,,True,Qwen/Qwen2.5-VL-7B-Instruct-AWQ,None
3069@x_name@ASC,Bar,Hard,0.0,0.0,0.0,0.0,1.0,0.0,0.0,0.0,0.0,1.0,0.0,0.0,,True,Qwen/Qwen2.5-VL-7B-Instruct-AWQ,None
3069@x_name@ASC,Bar,Hard,0.0,0.0,0.0,0.0,1.0,0.0,0.0,0.0,0.0,1.0,0.0,0.0,,True,Qwen/Qwen2.5-VL-7B-Instruct-AWQ,None
1424@y_name@ASC,Bar,Medium,0.0,0.0,1.0,0.0,0.0,0.0,0.0,0.0,0.0,1.0,0.0,0.0,,False,Qwen/Qwen2.5-VL-7B-Instruct-AWQ,None
1424@y_name@ASC,Bar,Medium,0.0,0.0,1.0,0.0,0.0,0.0,0.0,0.0,0.0,1.0,0.0,0.0,,False,Qwen/Qwen2.5-VL-7B-Instruct-AWQ,None
1424@y_name@ASC,Bar,Medium,0.0,0.0,1.0,0.0,0.0,0.0,0.0,0.0,0.0,1.0,0.0,0.0,,False,Qwen/Qwen2.5-VL-7B-Instruct-AWQ,None
4001,Scatter,Hard,1.0,0.0,0.0,0.0,0.0,0.0,0.0,0.0,1.0,0.0,0.0,0.0,,True,Qwen/Qwen2.5-VL-7B-Instruct-AWQ,None
4001,Scatter,Hard,1.0,0.0,0.0,0.0,0.0,0.0,0.0,0.0,1.0,0.0,0.0,0.0,,True,Qwen/Qwen2.5-VL-7B-Instruct-AWQ,None
4001,Scatter,Hard,1.0,0.0,0.0,0.0,0.0,0.0,0.0,0.0,1.0,0.0,0.0,0.0,,True,Qwen/Qwen2.5-VL-7B-Instruct-AWQ,None
4002,Stacked Bar,Easy,1.0,0.0,0.0,0.0,0.0,0.0,0.0,0.0,1.0,0.0,0.0,0.0,,False,Qwen/Qwen2.5-VL-7B-Instruct-AWQ,None
4002,Stacked Bar,Easy,1.0,0.0,0.0,0.0,0.0,0.0,0.0,0.0,1.0,0.0,0.0,0.0,,False,Qwen/Qwen2.5-VL-7B-Instruct-AWQ,None
4002,Stacked Bar,Easy,1.0,0.0,0.0,0.0,0.0,0.0,0.0,0.0,1.0,0.0,0.0,0.0,,False,Qwen/Qwen2.5-VL-7B-Instruct-AWQ,None
4003,Scatter,Easy,0.0,0.0,0.0,0.0,0.0,0.0,0.0,0.0,0.0,0.0,1.0,0.0,0.0,False,Qwen/Qwen2.5-VL-7B-Instruct-AWQ,None
4003,Scatter,Easy,0.0,0.0,0.0,0.0,0.0,0.0,0.0,0.0,0.0,0.0,1.0,0.0,0.0,False,Qwen/Qwen2.5-VL-7B-Instruct-AWQ,None
4003,Scatter,Easy,0.0,0.0,0.0,0.0,0.0,0.0,0.0,0.0,0.0,0.0,1.0,0.0,0.0,False,Qwen/Qwen2.5-VL-7B-Instruct-AWQ,None
4004,Stacked Bar,Hard,1.0,0.0,0.0,0.0,0.0,0.0,0.0,0.0,1.0,0.0,0.0,0.0,,True,Qwen/Qwen2.5-VL-7B-Instruct-AWQ,None
4004,Stacked Bar,Hard,1.0,0.0,0.0,0.0,0.0,0.0,0.0,0.0,1.0,0.0,0.0,0.0,,True,Qwen/Qwen2.5-VL-7B-Instruct-AWQ,None
4004,Stacked Bar,Hard,1.0,0.0,0.0,0.0,0.0,0.0,0.0,0.0,1.0,0.0,0.0,0.0,,True,Qwen/Qwen2.5-VL-7B-Instruct-AWQ,None
4005,Grouping Line,Easy,0.0,0.0,0.0,1.0,1.0,0.0,0.0,0.0,0.0,1.0,0.0,0.0,,False,Qwen/Qwen2.5-VL-7B-Instruct-AWQ,None
4005,Grouping Line,Easy,0.0,0.0,0.0,1.0,1.0,0.0,0.0,0.0,0.0,1.0,0.0,0.0,,False,Qwen/Qwen2.5-VL-7B-Instruct-AWQ,None
4005,Grouping Line,Easy,0.0,0.0,0.0,1.0,1.0,0.0,0.0,0.0,0.0,1.0,0.0,0.0,,False,Qwen/Qwen2.5-VL-7B-Instruct-AWQ,None
4006,Grouping Line,Medium,0.0,0.0,0.0,1.0,1.0,0.0,0.0,0.0,0.0,1.0,0.0,0.0,,False,Qwen/Qwen2.5-VL-7B-Instruct-AWQ,None
4006,Grouping Line,Medium,0.0,0.0,0.0,1.0,1.0,0.0,0.0,0.0,0.0,1.0,0.0,0.0,,False,Qwen/Qwen2.5-VL-7B-Instruct-AWQ,None
4006,Grouping Line,Medium,0.0,0.0,0.0,1.0,1.0,0.0,0.0,0.0,0.0,1.0,0.0,0.0,,False,Qwen/Qwen2.5-VL-7B-Instruct-AWQ,None
4007,Stacked Bar,Hard,1.0,0.0,0.0,0.0,0.0,0.0,0.0,0.0,1.0,0.0,0.0,0.0,,True,Qwen/Qwen2.5-VL-7B-Instruct-AWQ,None
4007,Stacked Bar,Hard,1.0,0.0,0.0,0.0,0.0,0.0,0.0,0.0,1.0,0.0,0.0,0.0,,True,Qwen/Qwen2.5-VL-7B-Instruct-AWQ,None
4007,Stacked Bar,Hard,1.0,0.0,0.0,0.0,0.0,0.0,0.0,0.0,1.0,0.0,0.0,0.0,,True,Qwen/Qwen2.5-VL-7B-Instruct-AWQ,None
4008,Grouping Line,Medium,1.0,0.0,0.0,0.0,0.0,0.0,0.0,0.0,1.0,0.0,0.0,0.0,,False,Qwen/Qwen2.5-VL-7B-Instruct-AWQ,None
4008,Grouping Line,Medium,1.0,0.0,0.0,0.0,0.0,0.0,0.0,0.0,1.0,0.0,0.0,0.0,,False,Qwen/Qwen2.5-VL-7B-Instruct-AWQ,None
4008,Grouping Line,Medium,1.0,0.0,0.0,0.0,0.0,0.0,0.0,0.0,1.0,0.0,0.0,0.0,,False,Qwen/Qwen2.5-VL-7B-Instruct-AWQ,None
4009,Scatter,Medium,0.0,0.0,0.0,0.0,0.0,0.0,0.0,0.0,0.0,0.0,1.0,0.0,0.0,False,Qwen/Qwen2.5-VL-7B-Instruct-AWQ,None
4009,Scatter,Medium,0.0,0.0,0.0,0.0,0.0,0.0,0.0,0.0,0.0,0.0,1.0,0.0,0.0,False,Qwen/Qwen2.5-VL-7B-Instruct-AWQ,None
4009,Scatter,Medium,0.0,0.0,0.0,0.0,0.0,0.0,0.0,0.0,0.0,0.0,1.0,0.0,0.0,False,Qwen/Qwen2.5-VL-7B-Instruct-AWQ,None
4010,Stacked Bar,Hard,1.0,0.0,0.0,0.0,0.0,0.0,0.0,0.0,1.0,0.0,0.0,0.0,,True,Qwen/Qwen2.5-VL-7B-Instruct-AWQ,None
4010,Stacked Bar,Hard,1.0,0.0,0.0,0.0,0.0,0.0,0.0,0.0,1.0,0.0,0.0,0.0,,True,Qwen/Qwen2.5-VL-7B-Instruct-AWQ,None
4010,Stacked Bar,Hard,1.0,0.0,0.0,0.0,0.0,0.0,0.0,0.0,1.0,0.0,0.0,0.0,,True,Qwen/Qwen2.5-VL-7B-Instruct-AWQ,None
4011,Stacked Bar,Extra Hard,0.0,0.0,0.0,1.0,1.0,0.0,0.0,0.0,0.0,1.0,0.0,0.0,,True,Qwen/Qwen2.5-VL-7B-Instruct-AWQ,None
4011,Stacked Bar,Extra Hard,0.0,0.0,0.0,1.0,1.0,0.0,0.0,0.0,0.0,1.0,0.0,0.0,,True,Qwen/Qwen2.5-VL-7B-Instruct-AWQ,None
4011,Stacked Bar,Extra Hard,0.0,0.0,0.0,1.0,1.0,0.0,0.0,0.0,0.0,1.0,0.0,0.0,,True,Qwen/Qwen2.5-VL-7B-Instruct-AWQ,None
4012,Grouping Scatter,Extra Hard,1.0,0.0,0.0,0.0,0.0,0.0,0.0,0.0,1.0,0.0,0.0,0.0,,True,Qwen/Qwen2.5-VL-7B-Instruct-AWQ,None
4012,Grouping Scatter,Extra Hard,1.0,0.0,0.0,0.0,0.0,0.0,0.0,0.0,1.0,0.0,0.0,0.0,,True,Qwen/Qwen2.5-VL-7B-Instruct-AWQ,None
4012,Grouping Scatter,Extra Hard,1.0,0.0,0.0,0.0,0.0,0.0,0.0,0.0,1.0,0.0,0.0,0.0,,True,Qwen/Qwen2.5-VL-7B-Instruct-AWQ,None
4013,Stacked Bar,Extra Hard,1.0,0.0,0.0,0.0,0.0,0.0,0.0,0.0,1.0,0.0,0.0,0.0,,True,Qwen/Qwen2.5-VL-7B-Instruct-AWQ,None
4013,Stacked Bar,Extra Hard,1.0,0.0,0.0,0.0,0.0,0.0,0.0,0.0,1.0,0.0,0.0,0.0,,True,Qwen/Qwen2.5-VL-7B-Instruct-AWQ,None
4013,Stacked Bar,Extra Hard,1.0,0.0,0.0,0.0,0.0,0.0,0.0,0.0,1.0,0.0,0.0,0.0,,True,Qwen/Qwen2.5-VL-7B-Instruct-AWQ,None
4014,Grouping Line,Extra Hard,0.0,0.0,1.0,0.0,0.0,0.0,0.0,0.0,0.0,1.0,0.0,0.0,,True,Qwen/Qwen2.5-VL-7B-Instruct-AWQ,None
4014,Grouping Line,Extra Hard,0.0,0.0,1.0,0.0,0.0,0.0,0.0,0.0,0.0,1.0,0.0,0.0,,True,Qwen/Qwen2.5-VL-7B-Instruct-AWQ,None
4014,Grouping Line,Extra Hard,0.0,0.0,1.0,0.0,0.0,0.0,0.0,0.0,0.0,1.0,0.0,0.0,,True,Qwen/Qwen2.5-VL-7B-Instruct-AWQ,None
4015,Scatter,Extra Hard,0.0,0.0,0.0,0.0,0.0,0.0,0.0,0.0,0.0,0.0,1.0,0.0,0.0,False,Qwen/Qwen2.5-VL-7B-Instruct-AWQ,None
4015,Scatter,Extra Hard,0.0,0.0,0.0,0.0,0.0,0.0,0.0,0.0,0.0,0.0,1.0,0.0,0.0,False,Qwen/Qwen2.5-VL-7B-Instruct-AWQ,None
4015,Scatter,Extra Hard,0.0,0.0,0.0,0.0,0.0,0.0,0.0,0.0,0.0,0.0,1.0,0.0,0.0,False,Qwen/Qwen2.5-VL-7B-Instruct-AWQ,None
4016,Grouping Line,Medium,1.0,0.0,0.0,0.0,0.0,0.0,0.0,0.0,1.0,0.0,0.0,0.0,,False,Qwen/Qwen2.5-VL-7B-Instruct-AWQ,None
4016,Grouping Line,Medium,1.0,0.0,0.0,0.0,0.0,0.0,0.0,0.0,1.0,0.0,0.0,0.0,,False,Qwen/Qwen2.5-VL-7B-Instruct-AWQ,None
4016,Grouping Line,Medium,1.0,0.0,0.0,0.0,0.0,0.0,0.0,0.0,1.0,0.0,0.0,0.0,,False,Qwen/Qwen2.5-VL-7B-Instruct-AWQ,None
4017,Stacked Bar,Medium,0.0,0.0,0.0,1.0,1.0,0.0,0.0,0.0,0.0,1.0,0.0,0.0,,False,Qwen/Qwen2.5-VL-7B-Instruct-AWQ,None
4017,Stacked Bar,Medium,0.0,0.0,0.0,1.0,1.0,0.0,0.0,0.0,0.0,1.0,0.0,0.0,,False,Qwen/Qwen2.5-VL-7B-Instruct-AWQ,None
4017,Stacked Bar,Medium,0.0,0.0,0.0,1.0,1.0,0.0,0.0,0.0,0.0,1.0,0.0,0.0,,False,Qwen/Qwen2.5-VL-7B-Instruct-AWQ,None
4018,Stacked Bar,Medium,1.0,0.0,0.0,0.0,0.0,0.0,0.0,0.0,1.0,0.0,0.0,0.0,,True,Qwen/Qwen2.5-VL-7B-Instruct-AWQ,None
4018,Stacked Bar,Medium,1.0,0.0,0.0,0.0,0.0,0.0,0.0,0.0,1.0,0.0,0.0,0.0,,True,Qwen/Qwen2.5-VL-7B-Instruct-AWQ,None
4018,Stacked Bar,Medium,1.0,0.0,0.0,0.0,0.0,0.0,0.0,0.0,1.0,0.0,0.0,0.0,,True,Qwen/Qwen2.5-VL-7B-Instruct-AWQ,None
4019,Stacked Bar,Medium,0.0,0.0,0.0,0.0,1.0,0.0,0.0,0.0,0.0,1.0,0.0,0.0,,True,Qwen/Qwen2.5-VL-7B-Instruct-AWQ,None
4019,Stacked Bar,Medium,0.0,0.0,0.0,0.0,1.0,0.0,0.0,0.0,0.0,1.0,0.0,0.0,,True,Qwen/Qwen2.5-VL-7B-Instruct-AWQ,None
4019,Stacked Bar,Medium,0.0,0.0,0.0,0.0,1.0,0.0,0.0,0.0,0.0,1.0,0.0,0.0,,True,Qwen/Qwen2.5-VL-7B-Instruct-AWQ,None
4020,Stacked Bar,Medium,1.0,0.0,0.0,0.0,0.0,0.0,0.0,0.0,1.0,0.0,0.0,0.0,,True,Qwen/Qwen2.5-VL-7B-Instruct-AWQ,None
4020,Stacked Bar,Medium,1.0,0.0,0.0,0.0,0.0,0.0,0.0,0.0,1.0,0.0,0.0,0.0,,True,Qwen/Qwen2.5-VL-7B-Instruct-AWQ,None
4020,Stacked Bar,Medium,1.0,0.0,0.0,0.0,0.0,0.0,0.0,0.0,1.0,0.0,0.0,0.0,,True,Qwen/Qwen2.5-VL-7B-Instruct-AWQ,None
4021,Scatter,Medium,0.0,0.0,0.0,0.0,0.0,0.0,0.0,0.0,0.0,0.0,1.0,0.0,0.0,False,Qwen/Qwen2.5-VL-7B-Instruct-AWQ,None
4021,Scatter,Medium,0.0,0.0,0.0,0.0,0.0,0.0,0.0,0.0,0.0,0.0,1.0,0.0,0.0,False,Qwen/Qwen2.5-VL-7B-Instruct-AWQ,None
4021,Scatter,Medium,0.0,0.0,0.0,0.0,0.0,0.0,0.0,0.0,0.0,0.0,1.0,0.0,0.0,False,Qwen/Qwen2.5-VL-7B-Instruct-AWQ,None
4022,Stacked Bar,Medium,1.0,0.0,0.0,0.0,0.0,0.0,0.0,0.0,1.0,0.0,0.0,0.0,,True,Qwen/Qwen2.5-VL-7B-Instruct-AWQ,None
4022,Stacked Bar,Medium,1.0,0.0,0.0,0.0,0.0,0.0,0.0,0.0,1.0,0.0,0.0,0.0,,True,Qwen/Qwen2.5-VL-7B-Instruct-AWQ,None
4022,Stacked Bar,Medium,1.0,0.0,0.0,0.0,0.0,0.0,0.0,0.0,1.0,0.0,0.0,0.0,,True,Qwen/Qwen2.5-VL-7B-Instruct-AWQ,None
4023,Grouping Scatter,Easy,0.0,0.0,0.0,1.0,1.0,0.0,0.0,0.0,0.0,1.0,0.0,0.0,,False,Qwen/Qwen2.5-VL-7B-Instruct-AWQ,None
4023,Grouping Scatter,Easy,0.0,0.0,0.0,1.0,1.0,0.0,0.0,0.0,0.0,1.0,0.0,0.0,,False,Qwen/Qwen2.5-VL-7B-Instruct-AWQ,None
4023,Grouping Scatter,Easy,0.0,0.0,0.0,1.0,1.0,0.0,0.0,0.0,0.0,1.0,0.0,0.0,,False,Qwen/Qwen2.5-VL-7B-Instruct-AWQ,None
4024,Grouping Scatter,Easy,1.0,0.0,0.0,0.0,0.0,0.0,0.0,0.0,1.0,0.0,0.0,0.0,,False,Qwen/Qwen2.5-VL-7B-Instruct-AWQ,None
4024,Grouping Scatter,Easy,1.0,0.0,0.0,0.0,0.0,0.0,0.0,0.0,1.0,0.0,0.0,0.0,,False,Qwen/Qwen2.5-VL-7B-Instruct-AWQ,None
4024,Grouping Scatter,Easy,1.0,0.0,0.0,0.0,0.0,0.0,0.0,0.0,1.0,0.0,0.0,0.0,,False,Qwen/Qwen2.5-VL-7B-Instruct-AWQ,None
4025,Stacked Bar,Medium,1.0,0.0,0.0,0.0,0.0,0.0,0.0,0.0,1.0,0.0,0.0,0.0,,False,Qwen/Qwen2.5-VL-7B-Instruct-AWQ,None
4025,Stacked Bar,Medium,1.0,0.0,0.0,0.0,0.0,0.0,0.0,0.0,1.0,0.0,0.0,0.0,,False,Qwen/Qwen2.5-VL-7B-Instruct-AWQ,None
4025,Stacked Bar,Medium,1.0,0.0,0.0,0.0,0.0,0.0,0.0,0.0,1.0,0.0,0.0,0.0,,False,Qwen/Qwen2.5-VL-7B-Instruct-AWQ,None
4026,Grouping Line,Easy,0.0,0.0,0.0,1.0,1.0,0.0,0.0,0.0,0.0,1.0,0.0,0.0,,False,Qwen/Qwen2.5-VL-7B-Instruct-AWQ,None
4026,Grouping Line,Easy,0.0,0.0,0.0,1.0,1.0,0.0,0.0,0.0,0.0,1.0,0.0,0.0,,False,Qwen/Qwen2.5-VL-7B-Instruct-AWQ,None
4026,Grouping Line,Easy,0.0,0.0,0.0,1.0,1.0,0.0,0.0,0.0,0.0,1.0,0.0,0.0,,False,Qwen/Qwen2.5-VL-7B-Instruct-AWQ,None
4027,Grouping Line,Easy,0.0,0.0,0.0,0.0,1.0,0.0,0.0,0.0,0.0,1.0,0.0,0.0,,False,Qwen/Qwen2.5-VL-7B-Instruct-AWQ,None
4027,Grouping Line,Easy,0.0,0.0,0.0,0.0,1.0,0.0,0.0,0.0,0.0,1.0,0.0,0.0,,False,Qwen/Qwen2.5-VL-7B-Instruct-AWQ,None
4027,Grouping Line,Easy,0.0,0.0,0.0,0.0,1.0,0.0,0.0,0.0,0.0,1.0,0.0,0.0,,False,Qwen/Qwen2.5-VL-7B-Instruct-AWQ,None
4028,Stacked Bar,Easy,0.0,0.0,0.0,0.0,0.0,0.0,0.0,0.0,0.0,0.0,1.0,0.0,0.0,False,Qwen/Qwen2.5-VL-7B-Instruct-AWQ,None
4028,Stacked Bar,Easy,0.0,0.0,0.0,0.0,0.0,0.0,0.0,0.0,0.0,0.0,1.0,0.0,0.0,False,Qwen/Qwen2.5-VL-7B-Instruct-AWQ,None
4028,Stacked Bar,Easy,0.0,0.0,0.0,0.0,0.0,0.0,0.0,0.0,0.0,0.0,1.0,0.0,0.0,False,Qwen/Qwen2.5-VL-7B-Instruct-AWQ,None
4029,Grouping Line,Hard,1.0,0.0,0.0,0.0,0.0,0.0,0.0,0.0,1.0,0.0,0.0,0.0,,True,Qwen/Qwen2.5-VL-7B-Instruct-AWQ,None
4029,Grouping Line,Hard,1.0,0.0,0.0,0.0,0.0,0.0,0.0,0.0,1.0,0.0,0.0,0.0,,True,Qwen/Qwen2.5-VL-7B-Instruct-AWQ,None
4029,Grouping Line,Hard,1.0,0.0,0.0,0.0,0.0,0.0,0.0,0.0,1.0,0.0,0.0,0.0,,True,Qwen/Qwen2.5-VL-7B-Instruct-AWQ,None
4030,Stacked Bar,Medium,0.0,0.0,0.0,1.0,1.0,0.0,0.0,0.0,0.0,1.0,0.0,0.0,,False,Qwen/Qwen2.5-VL-7B-Instruct-AWQ,None
4030,Stacked Bar,Medium,0.0,0.0,0.0,1.0,1.0,0.0,0.0,0.0,0.0,1.0,0.0,0.0,,False,Qwen/Qwen2.5-VL-7B-Instruct-AWQ,None
4030,Stacked Bar,Medium,0.0,0.0,0.0,1.0,1.0,0.0,0.0,0.0,0.0,1.0,0.0,0.0,,False,Qwen/Qwen2.5-VL-7B-Instruct-AWQ,None
4031,Stacked Bar,Medium,0.0,0.0,0.0,0.0,0.0,0.0,0.0,0.0,0.0,0.0,1.0,0.0,0.0,False,Qwen/Qwen2.5-VL-7B-Instruct-AWQ,None
4031,Stacked Bar,Medium,0.0,0.0,0.0,0.0,0.0,0.0,0.0,0.0,0.0,0.0,1.0,0.0,0.0,False,Qwen/Qwen2.5-VL-7B-Instruct-AWQ,None
4031,Stacked Bar,Medium,0.0,0.0,0.0,0.0,0.0,0.0,0.0,0.0,0.0,0.0,1.0,0.0,0.0,False,Qwen/Qwen2.5-VL-7B-Instruct-AWQ,None
4032,Grouping Scatter,Medium,0.0,0.0,0.0,0.0,1.0,0.0,0.0,0.0,0.0,1.0,0.0,0.0,,False,Qwen/Qwen2.5-VL-7B-Instruct-AWQ,None
4032,Grouping Scatter,Medium,0.0,0.0,0.0,0.0,1.0,0.0,0.0,0.0,0.0,1.0,0.0,0.0,,False,Qwen/Qwen2.5-VL-7B-Instruct-AWQ,None
4032,Grouping Scatter,Medium,0.0,0.0,0.0,0.0,1.0,0.0,0.0,0.0,0.0,1.0,0.0,0.0,,False,Qwen/Qwen2.5-VL-7B-Instruct-AWQ,None
4033,Grouping Line,Hard,0.0,0.0,0.0,1.0,1.0,0.0,0.0,0.0,0.0,1.0,0.0,0.0,,False,Qwen/Qwen2.5-VL-7B-Instruct-AWQ,None
4033,Grouping Line,Hard,0.0,0.0,0.0,1.0,1.0,0.0,0.0,0.0,0.0,1.0,0.0,0.0,,False,Qwen/Qwen2.5-VL-7B-Instruct-AWQ,None
4033,Grouping Line,Hard,0.0,0.0,0.0,1.0,1.0,0.0,0.0,0.0,0.0,1.0,0.0,0.0,,False,Qwen/Qwen2.5-VL-7B-Instruct-AWQ,None
4034,Grouping Line,Medium,0.0,0.0,0.0,1.0,1.0,0.0,0.0,0.0,0.0,1.0,0.0,0.0,,False,Qwen/Qwen2.5-VL-7B-Instruct-AWQ,None
4034,Grouping Line,Medium,0.0,0.0,0.0,1.0,1.0,0.0,0.0,0.0,0.0,1.0,0.0,0.0,,False,Qwen/Qwen2.5-VL-7B-Instruct-AWQ,None
4034,Grouping Line,Medium,0.0,0.0,0.0,1.0,1.0,0.0,0.0,0.0,0.0,1.0,0.0,0.0,,False,Qwen/Qwen2.5-VL-7B-Instruct-AWQ,None
4035,Grouping Line,Medium,0.0,0.0,0.0,1.0,1.0,0.0,0.0,0.0,0.0,1.0,0.0,0.0,,True,Qwen/Qwen2.5-VL-7B-Instruct-AWQ,None
4035,Grouping Line,Medium,0.0,0.0,0.0,1.0,1.0,0.0,0.0,0.0,0.0,1.0,0.0,0.0,,True,Qwen/Qwen2.5-VL-7B-Instruct-AWQ,None
4035,Grouping Line,Medium,0.0,0.0,0.0,1.0,1.0,0.0,0.0,0.0,0.0,1.0,0.0,0.0,,True,Qwen/Qwen2.5-VL-7B-Instruct-AWQ,None
